CuisineType,RestaurantID,RestaurantName,Segment,Subregion,GrowthFactor,AOV,MonthlyOrders,InStoreOrders,InStoreRevenue,UberEatsOrders,DoorDashOrders,SelfDeliveryOrders,UberEatsRevenue,DoorDashRevenue,SelfDeliveryRevenue,COGSRate,OPEXRate,CommissionRate,DeliveryRadiusKM,DeliveryCostPerOrder,SD_DeliveryTotalCost,InStoreNetProfit,UberEatsNetProfit,DoorDashNetProfit,SelfDeliveryNetProfit,InStoreShare,UE_share,DD_share,SD_share,TotalRevenue,TotalNetProfit,ProfitPerOrder,UE_RevRatio,DD_RevRatio,SD_RevRatio,DeliveryCostRatio,Commission_UE,Commission_DD,SD_Cost_Interaction,Radius_SD,AdjustedDemand,InStore_RevRatio,Aggregator_RevRatio,ProfitMargin,RevenuePerOrder,AggregtorShare,SD_ProfitPerOrder,AggregatorProfit,TotalDeliveryOrders,DeloveryOrderRatio
Burgers,25731,Urban Burgers House,Cafe,North Shore,1.03,43.97,668,197,8662.09,212,118,141,9321.64,5188.46,6199.77,0.2087414306961,0.366171811125241,0.28,11,3.25,458.25,3682.14,1352.45,752.78,2177.19,0.42,0.45,0.25,0.3,29371.96,7964.5599999999995,11.922994011976048,0.31736526946107785,0.17664670658682635,0.21107784431137727,0.015601614601136595,0.12600000000000003,0.07,0.975,3.3,688.04,0.2949101796407186,0.49401197604790414,0.2711620198311587,43.97,0.7,15.441063829787234,2105.23,471,0.7050898203592815
Burgers,25123,Urban Burgers Diner,QSR,South Auckland,1.05,40.45,1388,259,10476.55,508,282,339,20548.6,11406.9,13712.55,0.248216602616012,0.407612904394045,0.28,16,4.72,1600.08,3605.72,1318.61,731.99,3119.38,0.23,0.45,0.25,0.3,56144.59999999999,8775.7,6.322550432276658,0.36599423631123923,0.20317002881844384,0.24423631123919312,0.028499267961656156,0.12600000000000003,0.07,1.416,4.8,1457.4,0.18659942363112395,0.5691642651296831,0.1563053258906467,40.449999999999996,0.7,9.201710914454278,2050.6,1129,0.8134005763688761
Burgers,25177,King Burgers Eatery,Cafe,West Auckland,1.04,40.03,1717,524,20975.72,537,298,358,21496.11,11928.94,14330.74,0.219687956366688,0.407931713876314,0.3,11,3.25,1163.5,7810.95,1555.9,863.42,4172.99,0.44,0.45,0.25,0.3,68731.51000000001,14403.26,8.38861968549796,0.3127548048922539,0.1735585323238206,0.2085032032615026,0.01692818912315472,0.135,0.075,0.975,3.3,1785.68,0.3051834595224228,0.4863133372160745,0.20955832339490282,40.03000000000001,0.7,11.656396648044693,2419.32,1193,0.6948165404775771
Burgers,25540,Classic Burgers Tavern,QSR,North Shore,1.03,36.28,1083,216,7836.48,390,217,260,14149.2,7872.76,9432.8,0.237290996648371,0.437815106310882,0.33,3,0.89,231.4,2546.02,-72.25,-40.2,2833.26,0.25,0.45,0.25,0.3,39291.240000000005,5266.83,4.863185595567867,0.36011080332409967,0.20036934441366572,0.2400738688827331,0.005889353453848745,0.14850000000000002,0.0825,0.267,0.8999999999999999,1115.49,0.19944598337950134,0.5604801477377653,0.13404590946989708,36.28000000000001,0.7,10.897153846153847,-112.45,867,0.8005540166204986
Burgers,25258,Lucky Burgers Bistro,Cafe,South Auckland,1.05,34.34,1230,261,8962.74,436,242,291,14972.24,8310.28,9992.94,0.221437567938119,0.433456663764082,0.33,9,2.66,774.06,3093.09,226.17,125.53,2674.56,0.27,0.45,0.25,0.3,42238.200000000004,6119.35,4.975081300813009,0.3544715447154471,0.1967479674796748,0.23658536585365852,0.018326065031180304,0.14850000000000002,0.0825,0.798,2.6999999999999997,1291.5,0.21219512195121948,0.5512195121951219,0.1448771491209379,34.34,0.7,9.190927835051546,351.7,969,0.7878048780487805
Burgers,26138,King Burgers Kitchen,QSR,North Shore,1.03,36.88,827,160,5900.8,300,167,200,11064.0,6158.96,7376.0,0.265131494924426,0.395680021704175,0.29,13,3.84,768.0,2001.48,544.22,302.95,1733.85,0.24,0.45,0.25,0.3,30499.76,4582.5,5.541112454655381,0.36275695284159615,0.20193470374848851,0.2418379685610641,0.02518052601069648,0.1305,0.0725,1.152,3.9,851.8100000000001,0.1934703748488513,0.5646916565900847,0.15024708391147998,36.879999999999995,0.7,8.66925,847.1700000000001,667,0.8065296251511487
Burgers,25396,Urban Burgers Eatery,QSR,South Auckland,1.05,46.32,881,176,8152.32,317,176,212,14683.44,8152.32,9819.84,0.224100138861686,0.372992298309691,0.28,7,2.07,438.84,3284.63,1804.71,1001.98,3517.65,0.25,0.45,0.25,0.3,40807.92,9608.97,10.906889897843358,0.3598183881952327,0.19977298524404086,0.2406356413166856,0.010753794851587633,0.12600000000000003,0.07,0.6209999999999999,2.1,925.0500000000001,0.19977298524404086,0.5595913734392737,0.23546826204325041,46.32,0.7,16.592688679245285,2806.69,705,0.8002270147559591
Burgers,25087,Urban Burgers Tavern,Ghost Kitchen,CBD,0.99,34.74,800,72,2501.28,328,182,218,11394.72,6322.68,7573.32,0.285647804650944,0.293128232413437,0.31,18,5.31,1157.58,1053.6,1267.37,703.23,2032.48,0.1,0.45,0.25,0.3,27792.0,5056.68,6.32085,0.41,0.2275,0.27249999999999996,0.04165155440414507,0.1395,0.0775,1.5929999999999997,5.3999999999999995,792.0,0.09000000000000001,0.6375000000000001,0.18194732297063904,34.74,0.7,9.323302752293579,1970.6,728,0.91
Burgers,25125,Classic Burgers Tavern,Cafe,CBD,0.99,32.79,612,152,4984.08,207,115,138,6787.53,3770.85,4525.02,0.279599561002105,0.3755833853269,0.3,8,2.36,325.68,1718.6,304.2,169.0,1234.62,0.33,0.45,0.25,0.3,20067.480000000003,3426.42,5.598725490196078,0.33823529411764697,0.18790849673202611,0.22549019607843135,0.0162292425356846,0.135,0.075,0.708,2.4,605.88,0.24836601307189538,0.5261437908496731,0.17074490668484532,32.790000000000006,0.7,8.946521739130434,473.2,460,0.7516339869281046
Burgers,25762,Lucky Burgers Cafe,QSR,South Auckland,1.05,36.07,572,128,4616.96,200,111,133,7214.0,4003.77,4797.31,0.22032218426466,0.43025645299349,0.27,11,3.25,432.25,1613.26,572.95,317.98,1244.03,0.29,0.45,0.25,0.3,20632.04,3748.2200000000003,6.552832167832168,0.34965034965034963,0.19405594405594404,0.23251748251748253,0.020950424679285228,0.12150000000000001,0.0675,0.975,3.3,600.6,0.22377622377622378,0.5437062937062938,0.181669868805993,36.07,0.7,9.353609022556391,890.9300000000001,444,0.7762237762237763
Burgers,25009,Lucky Burgers Eatery,Cafe,South Auckland,1.05,45.34,1036,274,12423.16,343,190,229,15551.62,8614.6,10382.86,0.267623493429273,0.392365170945413,0.31,13,3.84,879.36,4224.02,466.72,258.54,2650.93,0.36,0.45,0.25,0.3,46972.24,7600.210000000001,7.336110038610039,0.3310810810810811,0.18339768339768342,0.22104247104247107,0.018720844481761995,0.1395,0.0775,1.152,3.9,1087.8,0.2644787644787645,0.5144787644787645,0.16180216229841288,45.339999999999996,0.7,11.576113537117903,725.26,762,0.7355212355212355
Burgers,25107,King Burgers Eatery,Ghost Kitchen,CBD,0.99,42.53,953,62,2636.86,401,223,267,17054.53,9484.19,11355.51,0.260719021281693,0.292267443262972,0.29,10,2.95,787.65,1178.71,2677.79,1489.15,4288.42,0.07,0.45,0.25,0.3,40531.090000000004,9634.07,10.109202518363064,0.4207764952780692,0.2339979013641133,0.28016789087093386,0.019433230145056546,0.1305,0.0725,0.885,3.0,943.47,0.06505771248688352,0.6547743966421825,0.2376958033943819,42.53,0.7,16.061498127340823,4166.9400000000005,891,0.9349422875131165
Burgers,25352,King Burgers Bistro,Ghost Kitchen,North Shore,1.03,31.83,1354,100,3183.0,564,314,376,17952.12,9994.62,11968.08,0.259987647132948,0.224010411184281,0.33,15,4.43,1665.68,1642.43,3339.13,1859.02,4509.87,0.08,0.45,0.25,0.3,43097.82,11350.45,8.382902511078287,0.41654357459379615,0.23190546528803546,0.2776957163958641,0.03864882260866095,0.14850000000000002,0.0825,1.329,4.5,1394.6200000000001,0.07385524372230429,0.6484490398818316,0.26336482912592796,31.83,0.7,11.994335106382978,5198.15,1254,0.9261447562776958
Burgers,25255,Urban Burgers Diner,Cafe,North Shore,1.03,37.65,1511,302,11370.3,544,302,363,20481.6,11370.3,13666.95,0.210879622809589,0.369592107273638,0.28,16,4.72,1713.36,4770.16,2857.76,1586.48,4020.31,0.25,0.45,0.25,0.3,56889.149999999994,13234.71,8.75890800794176,0.36002647253474523,0.199867637326274,0.24023825281270686,0.030117518015298172,0.12600000000000003,0.07,1.416,4.8,1556.33,0.199867637326274,0.5598941098610192,0.23264031893603615,37.65,0.7,11.075234159779614,4444.24,1209,0.800132362673726
Burgers,26270,Top Burgers Diner,Ghost Kitchen,CBD,0.99,42.95,1382,53,2276.35,598,332,399,25684.1,14259.4,17137.05,0.259372560633346,0.309947346220724,0.29,18,5.31,2118.69,980.38,3613.24,2006.01,5261.9,0.04,0.45,0.25,0.3,59356.899999999994,11861.529999999999,8.582872648335744,0.43270622286541244,0.2402315484804631,0.28871201157742404,0.035694081058815406,0.1305,0.0725,1.5929999999999997,5.3999999999999995,1368.18,0.03835021707670044,0.6729377713458756,0.199834054676036,42.949999999999996,0.7,13.187719298245613,5619.25,1329,0.9616497829232996
Burgers,25612,Classic Burgers Bistro,QSR,South Auckland,1.05,45.49,998,193,8779.57,362,201,242,16467.38,9143.49,11008.58,0.253722506202757,0.430719664134085,0.28,4,1.18,285.56,2770.46,585.54,325.12,3188.28,0.24,0.45,0.25,0.3,45399.020000000004,6869.4,6.88316633266533,0.3627254509018036,0.20140280561122242,0.24248496993987972,0.00629000361681816,0.12600000000000003,0.07,0.354,1.2,1047.9,0.19338677354709416,0.564128256513026,0.1513116362423682,45.49,0.7,13.174710743801654,910.66,805,0.8066132264529058
Burgers,25436,Classic Burgers Tavern,Full-service,North Shore,1.03,42.97,718,242,10398.74,214,119,143,9195.58,5113.43,6144.71,0.368939419602975,0.501108688791282,0.32,8,2.36,337.48,1351.34,-1747.6,-971.8,461.04,0.51,0.45,0.25,0.3,30852.46,-907.02,-1.2632590529247911,0.298050139275766,0.1657381615598886,0.19916434540389974,0.010938511872310994,0.14400000000000002,0.08,0.708,2.4,739.54,0.3370473537604457,0.46378830083565464,-0.02939862818070261,42.97,0.7,3.224055944055944,-2719.3999999999996,476,0.6629526462395543
Burgers,25260,Classic Burgers Cafe,Full-service,West Auckland,1.04,32.34,2051,646,20891.64,632,351,422,20438.88,11351.34,13647.48,0.373705843370408,0.465107345278375,0.28,13,3.84,1620.48,3367.46,-2428.41,-1348.69,579.31,0.46,0.45,0.25,0.3,66329.34,169.67000000000007,0.08272549975621651,0.3081423695758167,0.1711360312042906,0.20575329107752316,0.024430817493435033,0.12600000000000003,0.07,1.152,3.9,2133.04,0.3149683081423696,0.4792784007801073,0.0025579931897407706,32.339999999999996,0.7,1.3727725118483411,-3777.1,1405,0.6850316918576305
Burgers,25452,Lucky Burgers Kitchen,Cafe,CBD,0.99,30.92,1308,324,10018.08,443,246,295,13697.56,7606.32,9121.4,0.23099601617083,0.373214836767875,0.31,11,3.25,958.75,3965.05,1175.1,652.54,2651.4,0.33,0.45,0.25,0.3,40443.36,8444.09,6.45572629969419,0.33868501529051986,0.18807339449541283,0.22553516819571864,0.02370599277607004,0.1395,0.0775,0.975,3.3,1294.92,0.2477064220183486,0.5267584097859327,0.20878804332775516,30.92,0.7,8.987796610169491,1827.6399999999999,984,0.7522935779816514
Burgers,25319,King Burgers Diner,Cafe,West Auckland,1.04,45.6,799,184,8390.4,277,154,184,12631.2,7022.4,8390.4,0.279372675232589,0.399700684985146,0.29,15,4.43,815.12,2692.7,390.64,217.18,1877.58,0.3,0.45,0.25,0.3,36434.4,5178.099999999999,6.48072590738423,0.34668335419274093,0.1927409261576971,0.23028785982478095,0.022372263575082887,0.1305,0.0725,1.329,4.5,830.96,0.23028785982478095,0.539424280350438,0.14212118217947872,45.6,0.7,10.204239130434782,607.8199999999999,615,0.769712140175219
Burgers,25132,Lucky Burgers Tavern,Ghost Kitchen,CBD,0.99,36.56,897,42,1535.52,385,214,256,14075.6,7823.84,9359.36,0.294071698107291,0.265251147735398,0.3,18,5.31,1359.36,676.67,1980.12,1100.64,2765.1,0.05,0.45,0.25,0.3,32794.32,6522.530000000001,7.271493868450391,0.42920847268673357,0.23857302118171683,0.2853957636566332,0.04145108055297381,0.135,0.075,1.5929999999999997,5.3999999999999995,888.03,0.046822742474916385,0.6677814938684504,0.19889206423551398,36.56,0.7,10.801171875,3080.76,855,0.9531772575250836
Burgers,26489,Classic Burgers Cafe,Cafe,West Auckland,1.04,36.49,1640,468,17077.32,527,293,352,19230.23,10691.57,12844.48,0.226056149750948,0.371622992213815,0.3,16,4.72,1661.44,6870.56,1967.65,1093.97,3506.16,0.4,0.45,0.25,0.3,59843.600000000006,13438.34,8.19410975609756,0.3213414634146341,0.17865853658536582,0.21463414634146338,0.027763035646251228,0.135,0.075,1.416,4.8,1705.6000000000001,0.28536585365853656,0.49999999999999994,0.22455768035345466,36.49,0.7,9.960681818181818,3061.62,1172,0.7146341463414634
Burgers,25040,Lucky Burgers Grill,QSR,North Shore,1.03,41.72,1452,299,12474.28,519,288,346,21652.68,12015.36,14435.12,0.24809970267117,0.389124022936448,0.32,18,5.31,1837.26,4525.37,926.22,513.97,3399.46,0.26,0.45,0.25,0.3,60577.44,9365.02,6.44973829201102,0.3574380165289256,0.19834710743801653,0.23829201101928374,0.030329112620143737,0.14400000000000002,0.08,1.5929999999999997,5.3999999999999995,1495.56,0.2059228650137741,0.5557851239669421,0.15459583633775215,41.72,0.7,9.825028901734104,1440.19,1153,0.7940771349862259
Burgers,25502,Top Burgers Grill,Cafe,West Auckland,1.04,34.21,899,207,7081.47,311,173,208,10639.31,5918.33,7115.68,0.247309528961778,0.350396152329631,0.31,3,0.89,185.12,2848.84,981.95,546.23,2677.48,0.3,0.45,0.25,0.3,30754.79,7054.5,7.847052280311457,0.3459399332591768,0.19243604004449388,0.2313681868743048,0.006019224972760341,0.1395,0.0775,0.267,0.8999999999999999,934.96,0.23025583982202447,0.5383759733036707,0.22937890325376956,34.21,0.7,12.8725,1528.18,692,0.7697441601779755
Burgers,25889,Top Burgers Bistro,QSR,North Shore,1.03,40.18,1334,231,9281.58,496,276,331,19929.28,11089.68,13299.58,0.238772939294577,0.433020327752456,0.31,17,5.02,1661.62,3046.28,362.85,201.91,2703.39,0.21,0.45,0.25,0.3,53600.12,6314.43,4.733455772113944,0.3718140929535232,0.20689655172413793,0.24812593703148425,0.031000303730663287,0.1395,0.0775,1.5059999999999998,5.1,1374.02,0.17316341829085458,0.5787106446776611,0.1178062661053744,40.18,0.7,8.167341389728096,564.76,1103,0.8268365817091454
Burgers,25283,Urban Burgers Grill,Cafe,South Auckland,1.05,42.16,571,151,6366.16,189,105,126,7968.24,4426.8,5312.16,0.27608444660902,0.441550263715908,0.29,4,1.18,148.68,1797.58,-60.84,-33.8,1351.29,0.36,0.45,0.25,0.3,24073.36,3054.23,5.348914185639229,0.3309982486865149,0.18388791593695272,0.22066549912434325,0.006176121654808469,0.1305,0.0725,0.354,1.2,599.5500000000001,0.2644483362521891,0.5148861646234676,0.1268717785967559,42.160000000000004,0.7,10.72452380952381,-94.64,420,0.7355516637478109
Burgers,25366,Classic Burgers Tavern,Full-service,West Auckland,1.04,45.99,701,214,9841.86,219,122,146,10071.81,5610.78,6714.54,0.392565074376762,0.450436520925723,0.27,4,1.18,172.28,1545.16,-1138.13,-634.03,881.89,0.44,0.45,0.25,0.3,32238.989999999998,654.89,0.9342225392296719,0.3124108416547789,0.17403708987161198,0.20827389443651928,0.005343839865951136,0.12150000000000001,0.0675,0.354,1.2,729.0400000000001,0.3052781740370899,0.48644793152639093,0.020313601635783256,45.989999999999995,0.7,6.040342465753424,-1772.16,487,0.6947218259629101
Burgers,25247,Lucky Burgers Kitchen,Cafe,South Auckland,1.05,34.73,1151,304,10557.92,381,212,254,13232.13,7362.76,8821.42,0.20139017611742,0.416730785742402,0.31,5,1.48,375.92,4031.85,951.11,529.23,2992.8,0.36,0.45,0.25,0.3,39974.229999999996,8504.990000000002,7.389218071242399,0.3310165073848827,0.18418766290182453,0.22067767158992183,0.009404058564730328,0.1395,0.0775,0.444,1.5,1208.55,0.264118158123371,0.5152041702867073,0.2127618218036971,34.73,0.7,11.78267716535433,1480.3400000000001,847,0.735881841876629
Burgers,25004,King Burgers Cafe,Ghost Kitchen,South Auckland,1.05,34.64,1629,106,3671.84,685,381,457,23728.4,13197.84,15830.48,0.259387835033704,0.336022477445658,0.32,18,5.31,2426.67,1485.59,2007.18,1116.4,3978.18,0.07,0.45,0.25,0.3,56428.56,8587.35,5.271546961325967,0.4205033763044813,0.23388581952117865,0.2805402087170043,0.04300428719074171,0.14400000000000002,0.08,1.5929999999999997,5.3999999999999995,1710.45,0.06507059545733579,0.65438919582566,0.1521809168974009,34.64,0.7,8.704989059080962,3123.58,1523,0.9349294045426643
Burgers,25853,Classic Burgers Tavern,Ghost Kitchen,CBD,0.99,31.34,1519,72,2256.48,651,362,434,20402.34,11345.08,13601.56,0.272829318465665,0.319570669706445,0.32,5,1.48,642.32,919.74,1787.25,993.83,4901.68,0.05,0.45,0.25,0.3,47605.46,8602.5,5.663265306122449,0.4285714285714286,0.23831468071099407,0.2857142857142857,0.013492569969915217,0.14400000000000002,0.08,0.444,1.5,1503.81,0.04739960500329164,0.6668861092824226,0.1807040620970788,31.34,0.7,11.294193548387097,2781.08,1447,0.9526003949967083
Burgers,25005,Classic Burgers Bistro,Ghost Kitchen,South Auckland,1.05,39.35,1305,85,3344.75,549,305,366,21603.15,12001.75,14402.1,0.285651653038803,0.280214194732253,0.3,9,2.66,973.56,1452.07,2897.72,1609.84,5278.88,0.07,0.45,0.25,0.3,51351.75,11238.51,8.611885057471264,0.4206896551724138,0.23371647509578544,0.28045977011494255,0.01895865282098468,0.135,0.075,0.798,2.6999999999999997,1370.25,0.06513409961685823,0.6544061302681993,0.21885349574259885,39.35,0.7,14.423169398907104,4507.5599999999995,1220,0.9348659003831418
Burgers,25077,Lucky Burgers House,Cafe,CBD,0.99,39.76,1641,378,15029.28,568,316,379,22583.68,12564.16,15069.04,0.211968362163752,0.366120141441934,0.31,14,4.13,1565.27,6341.03,2527.37,1406.07,4792.53,0.3,0.45,0.25,0.3,65246.159999999996,15067.0,9.181596587446679,0.34613040828762953,0.19256550883607557,0.23095673369896408,0.023990224099012112,0.1395,0.0775,1.2389999999999999,4.2,1624.59,0.2303473491773309,0.538695917123705,0.23092546749111367,39.76,0.7,12.645197889182057,3933.4399999999996,1263,0.7696526508226691
Burgers,25856,Top Burgers Cafe,Cafe,West Auckland,1.04,34.59,1501,328,11345.52,528,293,352,18263.52,10134.87,12175.68,0.212431895472109,0.353694221447222,0.3,8,2.36,830.72,4922.52,2445.01,1356.79,4451.99,0.28,0.45,0.25,0.3,51919.590000000004,13176.31,8.778354430379746,0.3517654896735509,0.19520319786808793,0.23451032644903397,0.016000126349225794,0.135,0.075,0.708,2.4,1561.04,0.2185209860093271,0.5469686875416389,0.2537830133096197,34.59,0.7,12.647698863636363,3801.8,1173,0.7814790139906729
Burgers,25886,Urban Burgers Bistro,Ghost Kitchen,South Auckland,1.05,35.87,1180,77,2761.99,496,276,331,17791.52,9900.12,11872.97,0.254884610173758,0.256033067405224,0.32,17,5.02,1661.62,1350.84,3008.23,1673.94,4145.24,0.07,0.45,0.25,0.3,42326.600000000006,10178.25,8.62563559322034,0.42033898305084744,0.23389830508474574,0.28050847457627115,0.03925711018602958,0.14400000000000002,0.08,1.5059999999999998,5.1,1239.0,0.06525423728813558,0.6542372881355931,0.2404693502431095,35.870000000000005,0.7,12.523383685800603,4682.17,1103,0.9347457627118644
Burgers,25133,Top Burgers Corner,Full-service,South Auckland,1.05,44.46,2051,636,28276.56,637,354,424,28321.02,15738.84,18851.04,0.386117483489215,0.498271016147919,0.27,12,3.54,1500.96,3269.1,-4372.44,-2429.9,678.44,0.45,0.45,0.25,0.3,91187.45999999999,-2854.7999999999997,-1.39190638712823,0.310580204778157,0.1725987323256948,0.20672842515845932,0.016460158008568284,0.12150000000000001,0.0675,1.062,3.5999999999999996,2153.55,0.31009263773768897,0.48317893710385185,-0.031306936282686236,44.459999999999994,0.7,1.6000943396226417,-6802.34,1415,0.6899073622623111
Burgers,25377,Lucky Burgers Bistro,Full-service,South Auckland,1.05,39.78,1449,442,17582.76,453,252,302,18020.34,10024.56,12013.56,0.380261697387323,0.519352306029759,0.28,4,1.18,356.36,1765.06,-3236.71,-1800.55,849.63,0.44,0.45,0.25,0.3,57641.219999999994,-2422.5699999999997,-1.6718909592822635,0.31262939958592134,0.1739130434782609,0.20841959972394755,0.0061823812889456545,0.12600000000000003,0.07,0.354,1.2,1521.45,0.30503795721187027,0.48654244306418226,-0.04202843034897596,39.779999999999994,0.7,2.813344370860927,-5037.26,1007,0.6949620427881298
Burgers,25245,Lucky Burgers Cafe,QSR,North Shore,1.03,43.22,1634,294,12706.68,603,335,402,26061.66,14478.7,17374.44,0.241746065188199,0.40828570977319,0.32,3,0.89,357.78,4446.93,781.02,433.9,5722.72,0.22,0.45,0.25,0.3,70621.48,11384.57,6.967301101591187,0.3690330477356181,0.2050183598531212,0.2460220318237454,0.005066164005625484,0.14400000000000002,0.08,0.267,0.8999999999999999,1683.02,0.17992656058751533,0.5740514075887393,0.1612054859229798,43.22,0.7,14.235621890547264,1214.92,1340,0.8200734394124847
Burgers,25861,Classic Burgers Diner,Cafe,West Auckland,1.04,38.26,1934,490,18747.4,650,361,433,24869.0,13811.86,16566.58,0.236518038548529,0.38063013474457,0.28,13,3.84,1662.72,7177.48,2557.82,1420.58,4679.83,0.34,0.45,0.25,0.3,73994.84,15835.71,8.18806101344364,0.3360910031023785,0.18665977249224408,0.2238883143743537,0.0224707560689367,0.12600000000000003,0.07,1.152,3.9,2011.3600000000001,0.2533609100310238,0.5227507755946226,0.21401100401054993,38.26,0.7,10.807921478060045,3978.4,1444,0.7466390899689762
Burgers,25257,King Burgers Bistro,QSR,South Auckland,1.05,44.28,1873,350,15498.0,685,381,457,30331.8,16870.68,20235.96,0.216959698665887,0.412135697645135,0.3,9,2.66,1215.62,5748.28,2150.66,1196.21,6289.99,0.23,0.45,0.25,0.3,82936.44,15385.14,8.214169781099839,0.36572343833422316,0.203416978109984,0.24399359316604377,0.014657248369956558,0.135,0.075,0.798,2.6999999999999997,1966.65,0.18686599038974905,0.5691404164442071,0.18550518927506413,44.28,0.7,13.763654266958424,3346.87,1523,0.813134009610251
Burgers,25378,King Burgers Cafe,QSR,North Shore,1.03,37.56,1595,298,11192.88,584,324,389,21935.04,12169.44,14610.84,0.232022813316435,0.378713312605396,0.32,10,2.95,1147.55,4356.98,1519.31,842.9,4539.92,0.23,0.45,0.25,0.3,59908.2,11259.109999999999,7.059003134796238,0.3661442006269593,0.20313479623824454,0.24388714733542322,0.019155140698602195,0.14400000000000002,0.08,0.885,3.0,1642.8500000000001,0.18683385579937303,0.5692789968652039,0.18793938058562934,37.559999999999995,0.7,11.670745501285348,2362.21,1297,0.8131661442006269
Burgers,26108,King Burgers House,Ghost Kitchen,North Shore,1.03,44.4,668,60,2664.0,274,152,182,12165.6,6748.8,8080.8,0.253680308535695,0.260938313254155,0.33,11,3.25,591.5,1293.06,1890.31,1048.64,3330.77,0.1,0.45,0.25,0.3,29659.2,7562.780000000001,11.321526946107785,0.4101796407185629,0.2275449101796407,0.27245508982035926,0.019943221664778552,0.14850000000000002,0.0825,0.975,3.3,688.04,0.08982035928143713,0.6377245508982037,0.25498934563305825,44.4,0.7,18.300934065934065,2938.95,608,0.9101796407185628
Burgers,25501,Classic Burgers Eatery,Cafe,South Auckland,1.05,39.67,1315,395,15669.65,414,230,276,16423.38,9124.1,10948.92,0.254867386501282,0.375745487166569,0.3,7,2.07,571.32,5788.17,1139.57,633.1,3473.07,0.43,0.45,0.25,0.3,52166.049999999996,11033.91,8.39080608365019,0.3148288973384031,0.1749049429657795,0.20988593155893537,0.010951950550214173,0.135,0.075,0.6209999999999999,2.1,1380.75,0.30038022813688214,0.4897338403041826,0.21151515209604715,39.669999999999995,0.7,12.58358695652174,1772.67,920,0.6996197718631179
Burgers,26230,Top Burgers Kitchen,Cafe,CBD,0.99,42.19,1387,374,15779.06,456,253,304,19238.64,10674.07,12825.76,0.207379126213491,0.384480268880725,0.3,15,4.43,1346.72,6440.08,2080.48,1154.3,3887.99,0.37,0.45,0.25,0.3,58517.53,13562.849999999999,9.778550829127612,0.3287671232876712,0.18240807498197548,0.21917808219178084,0.023013958381360253,0.135,0.075,1.329,4.5,1373.1299999999999,0.26964671953857244,0.5111751982696467,0.23177413674158837,42.19,0.7,12.789440789473684,3234.7799999999997,1013,0.7303532804614276
Burgers,26313,Classic Burgers Diner,Full-service,South Auckland,1.05,36.32,604,166,6029.12,197,110,131,7155.04,3995.2,4757.92,0.393435937189497,0.505011981772259,0.3,12,3.54,463.74,612.27,-1419.9,-792.84,19.44,0.38,0.45,0.25,0.3,21937.28,-1581.0300000000002,-2.6175993377483446,0.326158940397351,0.18211920529801326,0.21688741721854307,0.021139357294979143,0.135,0.075,1.062,3.5999999999999996,634.2,0.27483443708609273,0.5082781456953642,-0.07207046634769672,36.32,0.7,0.1483969465648855,-2212.7400000000002,438,0.7251655629139073
Burgers,25775,Lucky Burgers Tavern,QSR,South Auckland,1.05,36.5,1366,273,9964.5,492,273,328,17958.0,9964.5,11972.0,0.202122342158109,0.395233107497916,0.29,3,0.89,291.92,4012.15,2022.87,1122.45,4528.54,0.25,0.45,0.25,0.3,49859.0,11686.01,8.5549121522694,0.3601756954612006,0.19985358711566617,0.24011713030746706,0.005854910848593032,0.1305,0.0725,0.267,0.8999999999999999,1434.3,0.19985358711566617,0.5600292825768668,0.2343811548566959,36.5,0.7,13.806524390243903,3145.3199999999997,1093,0.8001464128843339
Burgers,26274,Urban Burgers Bistro,Cafe,West Auckland,1.04,43.42,1527,352,15283.84,529,294,352,22969.18,12765.48,15283.84,0.220944037288427,0.393518741847947,0.31,7,2.07,728.64,5892.49,1735.03,964.27,5163.85,0.3,0.45,0.25,0.3,66302.34,13755.64,9.008277668631303,0.34643091028159795,0.1925343811394892,0.23051735428945647,0.010989657378608356,0.1395,0.0775,0.6209999999999999,2.1,1588.0800000000002,0.23051735428945647,0.5389652914210872,0.2074683940265155,43.419999999999995,0.7,14.67002840909091,2699.3,1175,0.7694826457105436
Burgers,26100,Urban Burgers House,QSR,South Auckland,1.05,42.81,1119,216,9246.96,406,226,271,17380.86,9675.06,11601.51,0.232086842898279,0.351238823961467,0.32,6,1.77,479.67,3852.97,1680.28,935.33,4354.38,0.24,0.45,0.25,0.3,47904.39,10822.96,9.671992850759606,0.36282394995531725,0.20196604110813227,0.2421805183199285,0.01001306978337476,0.14400000000000002,0.08,0.531,1.7999999999999998,1174.95,0.19302949061662197,0.5647899910634495,0.22592835437420244,42.81,0.7,16.06782287822878,2615.61,903,0.806970509383378
Burgers,25779,Classic Burgers Grill,Full-service,CBD,0.99,34.31,1833,642,22027.02,536,298,357,18390.16,10224.38,12248.67,0.366821483511012,0.451014979300089,0.28,5,1.48,528.36,4012.52,-1799.23,-1000.32,1702.9,0.54,0.45,0.25,0.3,62890.229999999996,2915.87,1.5907637752318602,0.2924168030551009,0.1625750136388434,0.19476268412438627,0.008401304940369912,0.12600000000000003,0.07,0.444,1.5,1814.67,0.3502454991816694,0.4549918166939444,0.04636443530258993,34.309999999999995,0.7,4.770028011204482,-2799.55,1191,0.6497545008183306
Burgers,26101,King Burgers Tavern,Full-service,CBD,0.99,32.18,597,164,5277.52,195,108,130,6275.1,3475.44,4183.4,0.378334257286042,0.516466749412939,0.33,18,5.31,690.3,555.19,-1410.65,-781.28,-250.21,0.38,0.45,0.25,0.3,19211.46,-1886.95,-3.1607202680067004,0.32663316582914576,0.18090452261306533,0.21775544388609713,0.0359316782795269,0.14850000000000002,0.0825,1.5929999999999997,5.3999999999999995,591.03,0.27470686767169183,0.5075376884422111,-0.09822002075844315,32.18,0.7,-1.9246923076923077,-2191.9300000000003,433,0.7252931323283082
Burgers,25053,King Burgers Tavern,Full-service,West Auckland,1.04,33.51,1661,499,16721.49,523,290,349,17525.73,9717.9,11694.99,0.396553314290941,0.485376674565487,0.28,12,3.54,1235.46,1974.31,-2837.94,-1573.62,145.37,0.43,0.45,0.25,0.3,55660.11,-2291.88,-1.3798193859121013,0.31487055990367246,0.17459361830222755,0.21011438892233594,0.022196506618474166,0.12600000000000003,0.07,1.062,3.5999999999999996,1727.44,0.30042143287176404,0.4894641782059,-0.041176346938588515,33.51,0.7,0.41653295128939827,-4411.5599999999995,1162,0.699578567128236
Burgers,25631,Classic Burgers Grill,Full-service,South Auckland,1.05,36.33,1499,525,19073.25,438,244,292,15912.54,8864.52,10608.36,0.372706734831445,0.524310493981466,0.28,12,3.54,1033.68,1964.22,-2816.79,-1569.17,58.8,0.54,0.45,0.25,0.3,54458.67,-2362.9399999999996,-1.576344229486324,0.2921947965310207,0.1627751834556371,0.19479653102068048,0.01898099971960388,0.12600000000000003,0.07,1.062,3.5999999999999996,1573.95,0.35023348899266177,0.45496997998665784,-0.04338960169243942,36.33,0.7,0.2013698630136986,-4385.96,974,0.6497665110073382
Burgers,26360,Urban Burgers Bistro,Cafe,North Shore,1.03,44.7,1528,361,16136.7,525,292,350,23467.5,13052.4,15645.0,0.267324640452862,0.437447387818247,0.33,12,3.54,1239.0,4764.01,-816.01,-453.86,3379.84,0.31,0.45,0.25,0.3,68301.6,6873.98,4.498678010471204,0.34358638743455494,0.19109947643979056,0.22905759162303663,0.01814013141712639,0.14850000000000002,0.0825,1.062,3.5999999999999996,1573.8400000000001,0.2362565445026178,0.5346858638743456,0.10064156622978083,44.7,0.7,9.656685714285715,-1269.87,1167,0.7637434554973822
Burgers,26079,Top Burgers Eatery,Cafe,CBD,0.99,43.28,562,166,7184.48,178,99,119,7703.84,4284.72,5150.32,0.243581773433834,0.436767387227155,0.31,14,4.13,491.47,2296.53,74.35,41.35,1154.83,0.42,0.45,0.25,0.3,24323.36,3567.06,6.347081850533808,0.3167259786476868,0.17615658362989325,0.21174377224199287,0.020205678820689247,0.1395,0.0775,1.2389999999999999,4.2,556.38,0.29537366548042704,0.4928825622775801,0.1466516139217608,43.28,0.7,9.704453781512605,115.69999999999999,396,0.7046263345195729
Burgers,25111,Classic Burgers Kitchen,Ghost Kitchen,South Auckland,1.05,46.57,1487,122,5681.54,614,341,410,28593.98,15880.37,19093.7,0.29746993877925,0.321676251804456,0.29,13,3.84,1574.4,2163.84,2597.87,1442.79,5697.51,0.09,0.45,0.25,0.3,69249.59,11902.01,8.00404169468729,0.4129119031607263,0.22932078009414933,0.27572293207800946,0.022735152655777458,0.1305,0.0725,1.152,3.9,1561.3500000000001,0.082044384667115,0.6422326832548756,0.1718711980821836,46.57,0.7,13.896365853658537,4040.66,1365,0.917955615332885
Burgers,25595,Top Burgers Kitchen,QSR,West Auckland,1.04,37.61,1276,271,10192.31,452,251,302,16999.72,9440.11,11358.22,0.218210295401514,0.37306306483224,0.3,14,4.13,1247.26,4165.87,1848.32,1026.39,3395.15,0.27,0.45,0.25,0.3,47990.36,10435.73,8.178471786833855,0.3542319749216301,0.19670846394984326,0.2366771159874608,0.02598980295209288,0.135,0.075,1.2389999999999999,4.2,1327.04,0.21238244514106583,0.5509404388714734,0.2174547138216925,37.61,0.7,11.242218543046357,2874.71,1005,0.7876175548589341
Burgers,25881,Lucky Burgers Diner,QSR,CBD,0.99,36.87,1197,199,7337.13,449,250,299,16554.63,9217.5,11024.13,0.201856870297343,0.401524102664553,0.28,15,4.43,1324.57,2910.05,1930.58,1074.94,3047.81,0.2,0.45,0.25,0.3,44133.39,8963.38,7.488203842940685,0.3751044277360067,0.20885547201336677,0.24979114452798662,0.030012876871683775,0.12600000000000003,0.07,1.329,4.5,1185.03,0.16624895572263995,0.5839598997493735,0.20309747336427134,36.87,0.7,10.193344481605351,3005.52,998,0.83375104427736
Burgers,26244,Urban Burgers House,Cafe,West Auckland,1.04,34.3,1728,356,12210.8,617,343,412,21163.1,11764.9,14131.6,0.24282123086974,0.435210464918055,0.33,17,5.02,2068.24,3931.49,-169.98,-94.49,2481.69,0.26,0.45,0.25,0.3,59270.399999999994,6148.71,3.55828125,0.3570601851851852,0.19849537037037038,0.23842592592592596,0.03489498974192852,0.14850000000000002,0.0825,1.5059999999999998,5.1,1797.1200000000001,0.20601851851851852,0.5555555555555556,0.1037399781341108,34.3,0.7,6.023519417475728,-264.46999999999997,1372,0.7939814814814815
Burgers,26245,Classic Burgers Corner,Full-service,North Shore,1.03,35.96,697,226,8126.96,212,118,141,7623.52,4243.28,5070.36,0.369292362453416,0.529286201111972,0.29,6,1.77,249.57,824.25,-1437.63,-800.19,264.67,0.48,0.45,0.25,0.3,25064.12,-1148.9,-1.6483500717360116,0.3041606886657102,0.16929698708751792,0.20229555236728838,0.009957261615408799,0.1305,0.0725,0.531,1.7999999999999998,717.91,0.32424677187948353,0.4734576757532281,-0.045838433585539816,35.96,0.7,1.8770921985815603,-2237.82,471,0.6757532281205165
Burgers,26490,Classic Burgers Eatery,Full-service,West Auckland,1.04,41.27,1437,485,20015.95,428,238,286,17663.56,9822.26,11803.22,0.381961005600169,0.502269128710031,0.32,14,4.13,1181.18,2317.24,-3607.43,-2006.0,185.28,0.51,0.45,0.25,0.3,59304.990000000005,-3110.91,-2.164864300626305,0.2978427279053584,0.16562282533054976,0.19902574808629087,0.01991704239390311,0.14400000000000002,0.08,1.2389999999999999,4.2,1494.48,0.337508698677801,0.4634655532359081,-0.05245612553007765,41.27,0.7,0.6478321678321678,-5613.43,952,0.662491301322199
Burgers,25400,Top Burgers Corner,Ghost Kitchen,West Auckland,1.04,44.01,1458,95,4180.95,613,341,409,26978.13,15007.41,18000.09,0.287121943430975,0.263713604072109,0.29,14,4.13,1689.17,1877.93,4293.96,2388.65,6395.83,0.07,0.45,0.25,0.3,64166.58,14956.37,10.258141289437587,0.4204389574759945,0.23388203017832646,0.28052126200274347,0.026324762828251094,0.1305,0.0725,1.2389999999999999,4.2,1516.3200000000002,0.06515775034293553,0.654320987654321,0.23308660053255137,44.01,0.7,15.637726161369192,6682.610000000001,1363,0.9348422496570644
Burgers,26532,King Burgers House,Full-service,North Shore,1.03,34.87,2227,722,25176.14,677,376,452,23606.99,13111.12,15761.24,0.383675677911378,0.470021476503462,0.31,8,2.36,1066.72,3683.34,-3864.4,-2146.25,1239.19,0.48,0.45,0.25,0.3,77655.49,-1088.12,-0.48860350246969014,0.3039964077233947,0.16883700044903457,0.20296362819937133,0.013736569043605287,0.1395,0.0775,0.708,2.4,2293.81,0.32420296362819934,0.47283340817242925,-0.014012145181235735,34.870000000000005,0.7,2.741570796460177,-6010.65,1505,0.6757970363718007
Burgers,25267,King Burgers Kitchen,Cafe,West Auckland,1.04,35.82,818,238,8525.16,261,145,174,9349.02,5193.9,6232.68,0.210430280975997,0.436889241216704,0.28,4,1.18,205.32,3006.66,679.49,377.5,1992.82,0.41,0.45,0.25,0.3,29300.760000000002,6056.469999999999,7.403997555012224,0.31907090464547677,0.17726161369193152,0.21271393643031786,0.0070073267724113635,0.12600000000000003,0.07,0.354,1.2,850.72,0.2909535452322738,0.49633251833740827,0.2067000992465724,35.82,0.7,11.452988505747125,1056.99,580,0.7090464547677262
Burgers,25119,Classic Burgers Eatery,Cafe,CBD,0.99,33.49,1265,253,8472.97,455,253,304,15237.95,8472.97,10180.96,0.238450531568378,0.443626348115504,0.3,5,1.48,449.92,2693.75,273.11,151.86,2786.84,0.25,0.45,0.25,0.3,42364.85,5905.56,4.668426877470356,0.3596837944664032,0.19999999999999998,0.24031620553359684,0.01062012493848084,0.135,0.075,0.444,1.5,1252.35,0.19999999999999998,0.5596837944664032,0.13939763742819816,33.49,0.7,9.167236842105263,424.97,1012,0.8
Burgers,26494,Top Burgers House,Full-service,CBD,0.99,41.87,1466,475,19888.25,446,248,297,18674.02,10383.76,12435.39,0.387959811929613,0.479524135775864,0.31,11,3.25,965.25,2635.51,-3314.34,-1842.95,682.64,0.48,0.45,0.25,0.3,61381.420000000006,-1839.1399999999999,-1.2545293315143247,0.30422919508867663,0.16916780354706684,0.2025920873124147,0.0157254426502352,0.1395,0.0775,0.975,3.3,1451.34,0.32401091405184174,0.47339699863574347,-0.029962487019687713,41.870000000000005,0.7,2.2984511784511783,-5157.29,991,0.6759890859481582
Burgers,25161,Top Burgers Corner,Cafe,West Auckland,1.04,40.42,1119,319,12893.98,360,200,240,14551.2,8084.0,9700.8,0.279486142154783,0.420557478116825,0.3,13,3.84,921.6,3867.63,-0.63,-0.35,1988.22,0.4,0.45,0.25,0.3,45229.979999999996,5854.87,5.232234137622878,0.32171581769437,0.17873100983020557,0.21447721179624665,0.020375865742147135,0.135,0.075,1.152,3.9,1163.76,0.28507596067917784,0.5004468275245756,0.12944666347409395,40.419999999999995,0.7,8.28425,-0.98,800,0.7149240393208222
Burgers,26214,Urban Burgers Corner,Cafe,CBD,0.99,37.88,1694,370,14015.6,596,331,397,22576.48,12538.28,15038.36,0.258535533044487,0.356650849501602,0.33,18,5.31,2108.07,5393.39,1237.5,687.27,3678.9,0.28,0.45,0.25,0.3,64168.72,10997.06,6.491770956316411,0.35182998819362454,0.19539551357733176,0.23435655253837073,0.032851987697432646,0.14850000000000002,0.0825,1.5929999999999997,5.3999999999999995,1677.06,0.21841794569067297,0.5472255017709563,0.17137726917413967,37.88,0.7,9.266750629722923,1924.77,1324,0.781582054309327
Burgers,25528,Lucky Burgers Bistro,QSR,North Shore,1.03,36.79,1652,361,13281.19,581,323,387,21374.99,11883.17,14237.73,0.204108449220657,0.449127485696226,0.28,10,2.95,1141.65,4605.44,1427.08,793.37,3795.48,0.28,0.45,0.25,0.3,60777.08,10621.369999999999,6.4294007263922515,0.3516949152542373,0.19552058111380144,0.23426150121065373,0.01878421931425465,0.12600000000000003,0.07,0.885,3.0,1701.56,0.2185230024213075,0.5472154963680388,0.17475946524578012,36.79,0.7,9.807441860465117,2220.45,1291,0.7814769975786925
Burgers,25973,King Burgers Kitchen,Full-service,West Auckland,1.04,37.44,591,153,5728.32,197,110,131,7375.68,4118.4,4904.64,0.372759494010825,0.487910197372548,0.27,13,3.84,503.04,798.13,-963.78,-538.15,180.33,0.35,0.45,0.25,0.3,22127.04,-523.4699999999999,-0.8857360406091369,0.3333333333333333,0.18612521150592215,0.22165820642978004,0.02273417501843898,0.12150000000000001,0.0675,1.152,3.9,614.64,0.25888324873096447,0.5194585448392555,-0.023657479717124383,37.440000000000005,0.7,1.3765648854961834,-1501.9299999999998,438,0.7411167512690355
Burgers,25730,Top Burgers Eatery,QSR,CBD,0.99,39.64,1809,395,15657.8,636,354,424,25211.04,14032.56,16807.36,0.239658871367574,0.433120136964135,0.32,5,1.48,627.52,5123.56,182.05,101.33,4872.2,0.28,0.45,0.25,0.3,71708.76,10279.14,5.682222222222222,0.35157545605306806,0.1956882255389718,0.234383637368712,0.008750953161092173,0.14400000000000002,0.08,0.444,1.5,1790.91,0.2183526810392482,0.5472636815920399,0.14334566655454647,39.64,0.7,11.491037735849057,283.38,1414,0.7816473189607518
Burgers,26135,King Burgers Tavern,Full-service,CBD,0.99,34.74,1202,395,13722.3,363,202,242,12610.62,7017.48,8407.08,0.380201764998492,0.464409941108897,0.31,18,5.31,1285.02,2132.28,-1949.75,-1084.98,21.34,0.49,0.45,0.25,0.3,41757.479999999996,-881.1099999999998,-0.7330366056572377,0.30199667221297843,0.1680532445923461,0.20133111480865226,0.0307734087401826,0.1395,0.0775,1.5929999999999997,5.3999999999999995,1189.98,0.32861896838602334,0.4700499168053245,-0.02110065070976505,34.739999999999995,0.7,0.08818181818181818,-3034.73,807,0.6713810316139767
Burgers,26380,Classic Burgers Tavern,Full-service,CBD,0.99,39.01,1834,505,19700.05,598,332,399,23327.98,12951.32,15564.99,0.393061458598822,0.511228195345029,0.28,11,3.25,1296.75,1885.5,-4299.11,-2386.79,192.98,0.38,0.45,0.25,0.3,71544.34,-4607.42,-2.5122246455834243,0.3260632497273719,0.18102508178844057,0.21755725190839695,0.018125123524795953,0.12600000000000003,0.07,0.975,3.3,1815.66,0.27535441657579063,0.5070883315158125,-0.06439950386012366,39.01,0.7,0.4836591478696742,-6685.9,1329,0.7246455834242094
Burgers,25895,Top Burgers Corner,Full-service,West Auckland,1.04,46.39,1073,376,17442.64,314,174,209,14566.46,8071.86,9695.51,0.377299415611196,0.472256360342726,0.31,6,1.77,369.93,2624.14,-2324.16,-1287.91,1088.7,0.54,0.45,0.25,0.3,49776.47,100.76999999999998,0.09391425908667286,0.29263746505125815,0.16216216216216214,0.19478098788443615,0.007431824715573443,0.1395,0.0775,0.531,1.7999999999999998,1115.92,0.3504193849021435,0.4547996272134203,0.002024450508443045,46.39,0.7,5.209090909090909,-3612.0699999999997,697,0.6495806150978565
Burgers,25330,Urban Burgers Tavern,Ghost Kitchen,North Shore,1.03,44.91,1161,65,2919.15,493,274,329,22140.63,12305.34,14775.39,0.262536822527181,0.2416238550446,0.27,17,5.02,1651.58,1447.43,5000.22,2779.03,5674.64,0.06,0.45,0.25,0.3,52140.51,14901.32,12.834900947459086,0.42463393626184326,0.2360034453057709,0.2833763996554694,0.03167556282054011,0.12150000000000001,0.0675,1.5059999999999998,5.1,1195.83,0.05598621877691645,0.6606373815676141,0.2857916042631727,44.910000000000004,0.7,17.248145896656535,7779.25,1096,0.9440137812230835
Burgers,25170,Lucky Burgers Tavern,QSR,West Auckland,1.04,46.04,1530,334,15377.36,538,299,359,24769.52,13765.96,16528.36,0.217860502731055,0.394324672338553,0.29,12,3.54,1270.86,5963.57,2422.83,1346.51,5139.08,0.28,0.45,0.25,0.3,70441.20000000001,14871.99,9.720254901960784,0.35163398692810455,0.19542483660130713,0.23464052287581696,0.018041430299313467,0.1305,0.0725,1.062,3.5999999999999996,1591.2,0.21830065359477122,0.5470588235294116,0.21112630108516034,46.040000000000006,0.7,14.314986072423398,3769.34,1196,0.7816993464052288
Burgers,25442,Classic Burgers Grill,Cafe,West Auckland,1.04,43.24,1155,318,13750.32,377,209,251,16301.48,9037.16,10853.24,0.264888013489544,0.398093697498553,0.3,4,1.18,296.18,4634.11,603.45,334.54,3361.56,0.38,0.45,0.25,0.3,49942.2,8933.66,7.734770562770563,0.3264069264069264,0.18095238095238095,0.21731601731601732,0.005930455606681324,0.135,0.075,0.354,1.2,1201.2,0.27532467532467536,0.5073593073593073,0.178879985262964,43.239999999999995,0.7,13.392669322709164,937.99,837,0.7246753246753247
Burgers,26588,Lucky Burgers Corner,Cafe,West Auckland,1.04,38.95,2083,540,21033.0,694,386,463,27031.3,15034.7,18033.85,0.248576239868999,0.371197632467374,0.33,10,2.95,1365.85,7997.3,1357.68,755.13,5491.09,0.35,0.45,0.25,0.3,81132.85,15601.199999999999,7.489774363898223,0.33317330772923665,0.18530964954392704,0.2222755640902544,0.016834734635847254,0.14850000000000002,0.0825,0.885,3.0,2166.32,0.2592414786365818,0.5184829572731636,0.19229202474706605,38.95,0.7,11.859805615550757,2112.81,1543,0.7407585213634181
Burgers,25294,Lucky Burgers Tavern,Ghost Kitchen,CBD,0.99,34.43,998,82,2823.26,412,229,275,14185.16,7884.47,9468.25,0.262558714870829,0.207000498892739,0.33,9,2.66,731.5,1497.57,2843.28,1580.37,4290.85,0.09,0.45,0.25,0.3,34361.14,10212.07,10.23253507014028,0.41282565130260523,0.22945891783567135,0.2755511022044088,0.021288583556890138,0.14850000000000002,0.0825,0.798,2.6999999999999997,988.02,0.08216432865731464,0.6422845691382766,0.29719823032646764,34.43,0.7,15.603090909090911,4423.65,916,0.9178356713426854
Burgers,25174,Classic Burgers Corner,Full-service,North Shore,1.03,33.99,1728,544,18490.56,533,296,355,18116.67,10061.04,12066.45,0.383637686388101,0.547367854113691,0.32,15,4.43,1572.65,1275.75,-4547.38,-2525.38,-740.13,0.46,0.45,0.25,0.3,58734.72,-6537.14,-3.7830671296296297,0.308449074074074,0.1712962962962963,0.20543981481481483,0.026775474540442178,0.14400000000000002,0.08,1.329,4.5,1779.8400000000001,0.3148148148148148,0.47974537037037035,-0.11129941540540246,33.99,0.7,-2.08487323943662,-7072.76,1184,0.6851851851851852
Burgers,25376,Top Burgers House,Ghost Kitchen,South Auckland,1.05,43.85,1531,100,4385.0,644,358,429,28239.4,15698.3,18811.65,0.29566688031191,0.349170912150294,0.29,16,4.72,2024.88,1557.39,1840.14,1022.94,4656.31,0.07,0.45,0.25,0.3,67134.35,9076.78,5.928661005878511,0.42064010450685824,0.23383409536250813,0.2802090137165251,0.03016160877404786,0.1305,0.0725,1.416,4.8,1607.55,0.06531678641410842,0.6544741998693663,0.13520321564147117,43.85,0.7,10.853869463869465,2863.08,1431,0.9346832135858916
Burgers,25418,Top Burgers Eatery,Cafe,North Shore,1.03,43.29,1941,593,25670.97,607,337,404,26277.03,14588.73,17489.16,0.239532025568187,0.372590851527639,0.27,6,1.77,715.08,9957.18,3097.46,1719.68,6068.57,0.44,0.45,0.25,0.3,84025.89,20842.89,10.73822256568779,0.3127253992787223,0.1736218444100979,0.20814013395157135,0.008510234167112066,0.12150000000000001,0.0675,0.531,1.7999999999999998,1999.23,0.30551262235960847,0.48634724368882015,0.24805318932057727,43.29,0.7,15.021212871287128,4817.14,1348,0.6944873776403916
Burgers,25015,Lucky Burgers Grill,QSR,CBD,0.99,34.71,1299,276,9579.96,460,256,307,15966.6,8885.76,10655.97,0.221846213359386,0.446916462201625,0.32,3,0.89,273.23,3173.24,179.42,99.85,3256.42,0.27,0.45,0.25,0.3,45088.29,6708.93,5.1646882217090075,0.35411855273287146,0.19707467282525018,0.2363356428021555,0.006059888276978347,0.14400000000000002,0.08,0.267,0.8999999999999999,1286.01,0.21247113163972284,0.5511932255581217,0.14879539676488063,34.71,0.7,10.607231270358307,279.27,1023,0.7875288683602771
Burgers,26027,Urban Burgers Bistro,Cafe,West Auckland,1.04,38.25,1123,303,11589.75,369,205,246,14114.25,7841.25,9409.5,0.243503914065659,0.42334763079416,0.3,13,3.84,944.64,3861.11,467.87,259.93,2190.12,0.37,0.45,0.25,0.3,42954.75,6779.030000000001,6.036536064113981,0.3285841495992876,0.182546749777382,0.21905609973285842,0.021991514326122258,0.135,0.075,1.152,3.9,1167.92,0.26981300089047194,0.5111308993766697,0.15781793631670538,38.25,0.7,8.902926829268292,727.8,820,0.730186999109528
Burgers,26391,Classic Burgers Bistro,Ghost Kitchen,North Shore,1.03,43.92,805,45,1976.4,342,190,228,15020.64,8344.8,10013.76,0.295922063931357,0.23290582903428,0.28,14,4.13,941.64,931.22,2871.53,1595.29,3776.56,0.06,0.45,0.25,0.3,35355.6,9174.6,11.397018633540373,0.4248447204968944,0.2360248447204969,0.28322981366459626,0.026633404609170824,0.12600000000000003,0.07,1.2389999999999999,4.2,829.15,0.055900621118012424,0.6608695652173913,0.25949495978006315,43.92,0.7,16.563859649122808,4466.82,760,0.9440993788819876
Burgers,26514,Lucky Burgers Corner,QSR,West Auckland,1.04,36.38,638,106,3856.28,239,133,160,8694.82,4838.54,5820.8,0.248522782940418,0.386922581051476,0.31,17,5.02,803.2,1405.82,474.34,263.96,1318.8,0.2,0.45,0.25,0.3,23210.44,3462.92,5.427774294670846,0.37460815047021945,0.2084639498432602,0.25078369905956116,0.03460511735236385,0.1395,0.0775,1.5059999999999998,5.1,663.52,0.16614420062695925,0.5830721003134797,0.1491966546088743,36.379999999999995,0.7,8.2425,738.3,532,0.8338557993730408
Burgers,26677,Top Burgers Tavern,Cafe,South Auckland,1.05,34.3,1342,333,11421.9,454,252,303,15572.2,8643.6,10392.9,0.216553137414157,0.409603461413644,0.29,13,3.84,1163.52,4270.0,1305.63,724.71,2721.8,0.33,0.45,0.25,0.3,46030.6,9022.14,6.722906110283159,0.33830104321907606,0.18777943368107303,0.22578241430700446,0.02527709827810196,0.1305,0.0725,1.152,3.9,1409.1000000000001,0.2481371087928465,0.5260804769001491,0.1960030935942612,34.3,0.7,8.982838283828384,2030.3400000000001,1009,0.7518628912071535
Burgers,25181,King Burgers Cafe,Full-service,South Auckland,1.05,36.18,2043,594,21490.92,652,362,435,23589.36,13097.16,15738.3,0.370753841416445,0.5194696117891,0.28,9,2.66,1157.1,2359.2,-4015.46,-2229.44,570.6,0.41,0.45,0.25,0.3,73915.74,-3315.1000000000004,-1.6226627508565836,0.31913852178169355,0.1771904062652961,0.21292217327459614,0.015654311246833218,0.12600000000000003,0.07,0.798,2.6999999999999997,2145.15,0.290748898678414,0.49632892804698975,-0.04484971671798185,36.18,0.7,1.3117241379310345,-6244.9,1449,0.7092511013215859
Burgers,25468,Top Burgers House,Full-service,West Auckland,1.04,32.39,1216,383,12405.37,375,208,250,12146.25,6737.12,8097.5,0.385193350294139,0.526770381326787,0.31,3,0.89,222.5,1092.12,-2696.03,-1495.4,490.37,0.46,0.45,0.25,0.3,39386.240000000005,-2608.9400000000005,-2.145509868421053,0.3083881578947368,0.17105263157894735,0.20559210526315785,0.005649181033782356,0.1395,0.0775,0.267,0.8999999999999999,1264.64,0.31496710526315785,0.4794407894736841,-0.06623988479225232,32.39000000000001,0.7,1.9614800000000001,-4191.43,833,0.6850328947368421
Burgers,26586,King Burgers Bistro,Full-service,West Auckland,1.04,36.69,1582,498,18271.62,488,271,325,17904.72,9942.99,11924.25,0.357282414881047,0.527841170760803,0.28,12,3.54,1150.5,2098.98,-2956.49,-1641.82,219.32,0.46,0.45,0.25,0.3,58043.579999999994,-2280.0099999999998,-1.4412199747155499,0.30847029077117577,0.1713021491782554,0.20543615676359042,0.019821313571630146,0.12600000000000003,0.07,1.062,3.5999999999999996,1645.28,0.3147914032869785,0.47977243994943114,-0.03928100230895475,36.69,0.7,0.6748307692307692,-4598.3099999999995,1084,0.6852085967130215
Burgers,26141,Lucky Burgers Eatery,Full-service,West Auckland,1.04,34.93,1402,378,13203.54,461,256,307,16102.73,8942.08,10723.51,0.391132951912005,0.514671805570833,0.28,9,2.66,816.62,1243.71,-2991.96,-1661.48,193.48,0.37,0.45,0.25,0.3,48971.86,-3216.25,-2.2940442225392297,0.3288159771754636,0.1825962910128388,0.2189728958630528,0.016675290666925864,0.12600000000000003,0.07,0.798,2.6999999999999997,1458.0800000000002,0.2696148359486448,0.5114122681883023,-0.0656754715871523,34.93,0.7,0.630228013029316,-4653.4400000000005,1024,0.7303851640513552
Burgers,25268,King Burgers Corner,Cafe,CBD,0.99,37.1,904,253,9386.3,293,163,195,10870.3,6047.3,7234.5,0.217014490831643,0.400262145348825,0.28,16,4.72,920.4,3592.36,1116.63,621.2,1848.41,0.39,0.45,0.25,0.3,33538.399999999994,7178.599999999999,7.940929203539822,0.32411504424778764,0.18030973451327437,0.21570796460176994,0.02744316962049472,0.12600000000000003,0.07,1.416,4.8,894.96,0.27986725663716816,0.504424778761062,0.214041218424254,37.099999999999994,0.7,9.479025641025641,1737.8300000000002,651,0.7201327433628318
Burgers,25308,Urban Burgers House,QSR,West Auckland,1.04,44.68,1854,334,14923.12,684,380,456,30561.12,16978.4,20374.08,0.241154740788043,0.358429965469986,0.31,15,4.43,2020.08,5975.45,2763.19,1535.11,6138.01,0.22,0.45,0.25,0.3,82836.72,16411.760000000002,8.85208198489752,0.36893203883495146,0.20496224379719527,0.24595469255663432,0.02438628666127775,0.1395,0.0775,1.329,4.5,1928.16,0.180151024811219,0.5738942826321467,0.19812179912483258,44.68,0.7,13.460548245614035,4298.3,1520,0.819848975188781
Burgers,25067,Classic Burgers Kitchen,Full-service,CBD,0.99,43.14,1160,343,14797.02,368,204,245,15875.52,8800.56,10569.3,0.35827633588342,0.504268040694296,0.31,11,3.25,796.25,2033.93,-2739.23,-1518.49,656.56,0.42,0.45,0.25,0.3,50042.399999999994,-1567.23,-1.3510603448275862,0.31724137931034485,0.17586206896551726,0.21120689655172414,0.015911507042028362,0.1395,0.0775,0.975,3.3,1148.4,0.29568965517241386,0.49310344827586217,-0.031318042300129495,43.13999999999999,0.7,2.679836734693877,-4257.72,817,0.7043103448275863
Burgers,26241,Top Burgers Eatery,QSR,South Auckland,1.05,38.16,1019,190,7250.4,373,207,249,14233.68,7899.12,9501.84,0.24545091053471,0.423436920926906,0.32,12,3.54,881.46,2400.7,158.17,87.78,2264.71,0.23,0.45,0.25,0.3,38885.04,4911.360000000001,4.8197841020608445,0.366045142296369,0.20314033366045142,0.24435721295387636,0.022668357805469663,0.14400000000000002,0.08,1.062,3.5999999999999996,1069.95,0.18645731108930322,0.5691854759568203,0.12630461483387956,38.160000000000004,0.7,9.095220883534136,245.95,829,0.8135426889106968
Burgers,26201,Classic Burgers House,Full-service,South Auckland,1.05,40.9,1340,409,16728.1,419,233,279,17137.1,9529.7,11411.1,0.385463857045397,0.521124046226032,0.32,11,3.25,906.75,1562.61,-3883.06,-2159.31,159.18,0.44,0.45,0.25,0.3,54805.99999999999,-4320.58,-3.224313432835821,0.31268656716417914,0.17388059701492542,0.20820895522388064,0.01654472138087071,0.14400000000000002,0.08,0.975,3.3,1407.0,0.30522388059701494,0.4865671641791045,-0.07883406926248952,40.89999999999999,0.7,0.5705376344086022,-6042.37,931,0.6947761194029851
Burgers,25272,Urban Burgers Eatery,QSR,CBD,0.99,32.02,1165,225,7204.5,423,235,282,13544.46,7524.7,9029.64,0.203551977090538,0.444050269783475,0.32,8,2.36,665.52,2538.85,438.81,243.78,2516.5,0.24,0.45,0.25,0.3,37303.3,5737.9400000000005,4.925270386266095,0.3630901287553648,0.20171673819742486,0.24206008583690983,0.017840780842445572,0.14400000000000002,0.08,0.708,2.4,1153.35,0.19313304721030042,0.5648068669527897,0.15381856296895985,32.02,0.7,8.923758865248226,682.59,940,0.8068669527896996
Burgers,25192,Lucky Burgers Bistro,Cafe,South Auckland,1.05,43.45,1384,351,15250.95,465,258,310,20204.25,11210.1,13469.5,0.23134801954031,0.434121696907096,0.32,9,2.66,824.6,5101.9,293.57,162.89,3681.36,0.34,0.45,0.25,0.3,60134.799999999996,9239.72,6.676098265895953,0.3359826589595376,0.1864161849710983,0.2239884393063584,0.013712525858571079,0.14400000000000002,0.08,0.798,2.6999999999999997,1453.2,0.2536127167630058,0.5223988439306358,0.15365013270186315,43.449999999999996,0.7,11.875354838709677,456.46,1033,0.7463872832369942
Burgers,25435,Classic Burgers Bistro,QSR,West Auckland,1.04,45.13,1249,225,10154.25,461,256,307,20804.93,11553.28,13854.91,0.213164031673223,0.396249585878104,0.33,18,5.31,1630.17,3966.11,1260.5,699.97,3781.37,0.22,0.45,0.25,0.3,56367.369999999995,9707.95,7.772578062449961,0.3690952762209768,0.2049639711769416,0.2457966373098479,0.02892045522081304,0.14850000000000002,0.0825,1.5929999999999997,5.3999999999999995,1298.96,0.18014411529223381,0.5740592473979184,0.1722264139696424,45.129999999999995,0.7,12.3171661237785,1960.47,1024,0.8198558847077662
Burgers,25678,Urban Burgers Eatery,QSR,CBD,0.99,43.24,772,139,6010.36,285,158,190,12323.4,6831.92,8215.6,0.237665633372962,0.396260366705246,0.32,12,3.54,672.6,2200.24,567.79,314.77,2334.92,0.22,0.45,0.25,0.3,33381.28,5417.719999999999,7.0177720207253875,0.36917098445595853,0.20466321243523317,0.2461139896373057,0.020149017653007913,0.14400000000000002,0.08,1.062,3.5999999999999996,764.28,0.1800518134715026,0.5738341968911918,0.16229815034055015,43.24,0.7,12.289052631578947,882.56,633,0.8199481865284974
Burgers,26286,King Burgers Tavern,QSR,South Auckland,1.05,45.42,1742,337,15306.54,632,351,422,28705.44,15942.42,19167.24,0.21829391522333,0.417047550738789,0.28,14,4.13,1742.86,5581.66,2430.16,1349.66,5246.64,0.24,0.45,0.25,0.3,79121.64,14608.119999999999,8.385832376578644,0.36280137772675086,0.20149253731343283,0.24225028702640644,0.02202760205678244,0.12600000000000003,0.07,1.2389999999999999,4.2,1829.1000000000001,0.1934557979334099,0.5642939150401837,0.18462863004356328,45.42,0.7,12.432796208530807,3779.8199999999997,1405,0.8065442020665902
Burgers,26246,Lucky Burgers Bistro,QSR,West Auckland,1.04,38.73,1299,276,10689.48,460,256,307,17815.8,9914.88,11890.11,0.268982828743756,0.391698328708299,0.27,5,1.48,454.36,3627.14,1234.97,687.29,3580.18,0.27,0.45,0.25,0.3,50310.27,9129.58,7.028160123171671,0.35411855273287146,0.19707467282525018,0.23633564280215552,0.009031158051825205,0.12150000000000001,0.0675,0.444,1.5,1350.96,0.21247113163972287,0.5511932255581217,0.18146553377670208,38.73,0.7,11.661824104234528,1922.26,1023,0.7875288683602771
Burgers,25399,Urban Burgers Corner,QSR,CBD,0.99,30.37,828,186,5648.82,289,160,193,8776.93,4859.2,5861.41,0.224838664345443,0.369480475550517,0.33,13,3.84,741.12,2291.62,664.25,367.75,1636.74,0.29,0.45,0.25,0.3,25146.36,4960.36,5.990772946859903,0.34903381642512077,0.1932367149758454,0.2330917874396135,0.029472257615018635,0.14850000000000002,0.0825,1.152,3.9,819.72,0.22463768115942026,0.5422705314009663,0.19725956361079694,30.37,0.7,8.480518134715027,1032.0,642,0.7753623188405797
Burgers,26074,Top Burgers Grill,Full-service,North Shore,1.03,36.77,2031,559,20554.43,662,368,442,24341.74,13531.36,16252.34,0.378746072691865,0.537014340679161,0.28,16,4.72,2086.24,1731.5,-4765.15,-2648.9,-717.15,0.38,0.45,0.25,0.3,74679.87,-6399.699999999999,-3.1510093549975378,0.3259478089611029,0.18119153126538654,0.21762678483505662,0.027935774392751352,0.12600000000000003,0.07,1.416,4.8,2091.93,0.27523387493845397,0.5071393402264895,-0.08569511435946527,36.769999999999996,0.7,-1.6225113122171946,-7414.049999999999,1472,0.724766125061546
Burgers,25605,King Burgers Tavern,QSR,North Shore,1.03,43.27,1706,373,16139.71,600,333,400,25962.0,14408.91,17308.0,0.23818274660036,0.420431646029465,0.28,6,1.77,708.0,5509.86,1593.69,884.5,5200.7,0.28,0.45,0.25,0.3,73818.62,13188.75,7.730803048065651,0.3516998827667058,0.1951934349355217,0.23446658851113716,0.009591076072676515,0.12600000000000003,0.07,0.531,1.7999999999999998,1757.18,0.2186400937866354,0.5468933177022275,0.17866427196823784,43.269999999999996,0.7,13.00175,2478.19,1333,0.7813599062133646
Burgers,25807,Top Burgers Kitchen,Cafe,CBD,0.99,44.33,1736,513,22741.29,550,306,367,24381.5,13564.98,16269.11,0.258666134346277,0.40897305868566,0.32,11,3.25,1192.75,7558.31,301.38,167.67,4214.46,0.42,0.45,0.25,0.3,76956.88,12241.82,7.051739631336406,0.31682027649769584,0.17626728110599077,0.21140552995391704,0.015498939146181601,0.14400000000000002,0.08,0.975,3.3,1718.6399999999999,0.2955069124423963,0.49308755760368655,0.15907375662838721,44.330000000000005,0.7,11.483542234332425,469.04999999999995,1223,0.7044930875576036
Burgers,26050,Top Burgers House,Ghost Kitchen,West Auckland,1.04,32.95,1386,126,4151.7,567,315,378,18682.65,10379.25,12455.1,0.289802645903546,0.219370783341583,0.31,13,3.84,1451.52,2037.76,3378.32,1876.84,4661.77,0.1,0.45,0.25,0.3,45668.700000000004,11954.69,8.625317460317461,0.40909090909090906,0.22727272727272724,0.2727272727272727,0.03178369430266243,0.1395,0.0775,1.152,3.9,1441.44,0.0909090909090909,0.6363636363636364,0.26176987739961943,32.95,0.7,12.332724867724869,5255.16,1260,0.9090909090909091
Burgers,25403,Top Burgers Diner,Ghost Kitchen,South Auckland,1.05,34.3,637,57,1955.1,261,145,174,8952.3,4973.5,5968.2,0.276111770363059,0.269399675331078,0.3,13,3.84,668.16,888.57,1383.03,768.35,2044.32,0.1,0.45,0.25,0.3,21849.1,5084.2699999999995,7.981585557299843,0.4097331240188383,0.22762951334379908,0.2731554160125589,0.03058066464980251,0.135,0.075,1.152,3.9,668.85,0.08948194662480377,0.6373626373626373,0.23269928738483506,34.3,0.7,11.748965517241379,2151.38,580,0.9105180533751962
Burgers,26578,King Burgers Diner,Cafe,CBD,0.99,38.1,675,159,6057.9,232,129,155,8839.2,4914.9,5905.5,0.22268630810082,0.359760212013498,0.33,15,4.43,686.65,2529.5,773.9,430.32,1779.21,0.31,0.45,0.25,0.3,25717.5,5512.93,8.167303703703704,0.34370370370370373,0.1911111111111111,0.22962962962962963,0.026699718090794206,0.14850000000000002,0.0825,1.329,4.5,668.25,0.23555555555555555,0.5348148148148149,0.21436492660639644,38.1,0.7,11.478774193548388,1204.22,516,0.7644444444444445
Burgers,25487,Classic Burgers Grill,QSR,South Auckland,1.05,35.26,1439,259,9132.34,531,295,354,18723.06,10401.7,12482.04,0.200697393529117,0.353761871880852,0.31,3,0.89,315.06,4068.83,2537.74,1409.85,5246.2,0.22,0.45,0.25,0.3,50739.14000000001,13262.619999999999,9.216553161917998,0.3690062543432939,0.2050034746351633,0.24600416956219595,0.006209407569777493,0.1395,0.0775,0.267,0.8999999999999999,1510.95,0.17998610145934674,0.5740097289784573,0.2613883483243902,35.260000000000005,0.7,14.819774011299435,3947.5899999999997,1180,0.8200138985406532
Burgers,25771,Lucky Burgers Corner,Ghost Kitchen,West Auckland,1.04,40.86,660,31,1266.66,283,157,189,11563.38,6415.02,7722.54,0.251700412121136,0.221080633962993,0.32,11,3.25,614.25,667.81,2396.15,1329.31,3457.22,0.05,0.45,0.25,0.3,26967.6,7850.49,11.894681818181818,0.4287878787878788,0.2378787878787879,0.2863636363636364,0.022777332799359232,0.14400000000000002,0.08,0.975,3.3,686.4,0.046969696969696974,0.6666666666666667,0.2911082187513906,40.86,0.7,18.29216931216931,3725.46,629,0.953030303030303
Burgers,25327,Urban Burgers Corner,Ghost Kitchen,CBD,0.99,34.39,1281,37,1272.43,560,311,373,19258.4,10695.29,12827.47,0.299884437245782,0.205399782257155,0.3,18,5.31,1980.63,629.49,3749.91,2082.54,4365.32,0.03,0.45,0.25,0.3,44053.590000000004,10827.259999999998,8.452193598750975,0.4371584699453552,0.2427790788446526,0.2911787665886026,0.04495955948198546,0.135,0.075,1.5929999999999997,5.3999999999999995,1268.19,0.028883684621389537,0.6799375487900078,0.24577474843707398,34.39,0.7,11.703270777479892,5832.45,1244,0.9711163153786104
Burgers,25813,Urban Burgers Tavern,Cafe,North Shore,1.03,44.37,579,153,6788.61,192,106,128,8519.04,4703.22,5679.36,0.272136336062104,0.428637852496468,0.3,13,3.84,491.52,2031.33,-6.6,-3.64,1207.89,0.36,0.45,0.25,0.3,25690.230000000003,3228.98,5.576822107081174,0.3316062176165803,0.18307426597582035,0.22107081174438684,0.01913256518139386,0.135,0.075,1.152,3.9,596.37,0.2642487046632124,0.5146804835924007,0.1256890265287621,44.370000000000005,0.7,9.436640625,-10.24,426,0.7357512953367875
Burgers,26057,Lucky Burgers Tavern,Full-service,South Auckland,1.05,44.05,966,255,11232.75,320,178,213,14096.0,7840.9,9382.65,0.355171969602816,0.468937209108844,0.3,11,3.25,692.25,1975.74,-1749.44,-973.13,958.07,0.36,0.45,0.25,0.3,42552.3,211.24,0.21867494824016565,0.33126293995859213,0.18426501035196685,0.22049689440993786,0.01626821581912141,0.135,0.075,0.975,3.3,1014.3000000000001,0.2639751552795031,0.515527950310559,0.004964244000911819,44.050000000000004,0.7,4.497981220657278,-2722.57,711,0.7360248447204969
Burgers,25976,Lucky Burgers Tavern,Full-service,North Shore,1.03,34.27,1009,336,11514.72,303,168,202,10383.81,5757.36,6922.54,0.358282660192344,0.518133828393184,0.3,4,1.18,238.36,1423.03,-1831.88,-1015.69,617.15,0.5,0.45,0.25,0.3,34578.43,-807.3900000000002,-0.8001883052527257,0.3002973240832507,0.16650148662041625,0.2001982160555005,0.006893314705150003,0.135,0.075,0.354,1.2,1039.27,0.3330029732408325,0.46679881070366697,-0.023349527436612946,34.27,0.7,3.05519801980198,-2847.57,673,0.6669970267591675
Burgers,25573,Top Burgers Tavern,Cafe,North Shore,1.03,44.39,1946,575,25524.25,617,343,411,27388.63,15225.77,18244.29,0.212252619564533,0.377365897689015,0.31,8,2.36,969.96,10474.68,2749.31,1528.39,6517.16,0.42,0.45,0.25,0.3,86382.94,21269.54,10.929876670092497,0.3170606372045221,0.17625899280575538,0.21120246659815006,0.011228606018734717,0.1395,0.0775,0.708,2.4,2004.38,0.2954779033915724,0.4933196300102775,0.24622384929246446,44.39,0.7,15.85683698296837,4277.7,1371,0.7045220966084276
Burgers,26573,King Burgers House,Full-service,South Auckland,1.05,34.62,1576,511,17690.82,479,266,320,16582.98,9208.92,11078.4,0.371734361897688,0.50042545821052,0.31,6,1.77,566.4,2261.6,-3020.75,-1677.5,849.86,0.48,0.45,0.25,0.3,54561.12,-1586.79,-1.0068464467005076,0.3039340101522842,0.16878172588832488,0.2030456852791878,0.010381018571466274,0.1395,0.0775,0.531,1.7999999999999998,1654.8000000000002,0.324238578680203,0.4727157360406091,-0.029082797420580807,34.620000000000005,0.7,2.6558125,-4698.25,1065,0.675761421319797
Burgers,25819,Lucky Burgers Cafe,Cafe,CBD,0.99,35.4,799,224,7929.6,259,144,172,9168.6,5097.6,6088.8,0.257844529766589,0.362598595372401,0.31,18,5.31,913.32,3009.73,637.74,354.57,1397.73,0.39,0.45,0.25,0.3,28284.600000000002,5399.77,6.758160200250313,0.3241551939924906,0.1802252816020025,0.21526908635794742,0.032290362953692114,0.1395,0.0775,1.5929999999999997,5.3999999999999995,791.01,0.28035043804755944,0.5043804755944931,0.19090848023305967,35.400000000000006,0.7,8.126337209302326,992.31,575,0.7196495619524406
Burgers,25817,Top Burgers House,QSR,West Auckland,1.04,33.88,1496,259,8774.92,557,309,371,18871.16,10468.92,12569.48,0.21076321715489,0.417573497397825,0.32,13,3.84,1424.64,3261.32,974.95,540.86,3246.97,0.21,0.45,0.25,0.3,50684.479999999996,8024.1,5.36370320855615,0.3723262032085562,0.20655080213903745,0.24799465240641713,0.02810801255137668,0.14400000000000002,0.08,1.152,3.9,1555.8400000000001,0.17312834224598933,0.5788770053475937,0.15831473460909534,33.879999999999995,0.7,8.751940700808625,1515.81,1237,0.8268716577540107
Burgers,26669,Classic Burgers Cafe,Cafe,CBD,0.99,44.18,844,232,10249.76,275,153,184,12149.5,6759.54,8129.12,0.229393369760364,0.38555605977308,0.29,16,4.72,868.48,3946.68,1154.82,642.5,2261.64,0.38,0.45,0.25,0.3,37287.920000000006,8005.639999999999,9.485355450236966,0.3258293838862559,0.18127962085308055,0.21800947867298576,0.0232911892108758,0.1305,0.0725,1.416,4.8,835.56,0.2748815165876777,0.5071090047393364,0.21469795043542247,44.18000000000001,0.7,12.291521739130435,1797.32,612,0.7251184834123223
Burgers,25538,Top Burgers Cafe,Full-service,CBD,0.99,40.02,1573,473,18929.46,495,275,330,19809.9,11005.5,13206.6,0.382410141965374,0.535522962594405,0.33,12,3.54,1168.2,1553.48,-4911.53,-2728.63,-84.38,0.43,0.45,0.25,0.3,62951.46,-6171.06,-3.9231150667514307,0.3146853146853147,0.17482517482517482,0.2097902097902098,0.018557154988939097,0.14850000000000002,0.0825,1.062,3.5999999999999996,1557.27,0.3006993006993007,0.48951048951048953,-0.09802886223766694,40.019999999999996,0.7,-0.2556969696969697,-7640.16,1100,0.6993006993006993
Burgers,25944,Classic Burgers Corner,Cafe,South Auckland,1.05,33.54,1021,270,9055.8,338,188,225,11336.52,6305.52,7546.5,0.236880169678479,0.388876719539985,0.32,10,2.95,663.75,3389.07,614.93,342.03,2160.48,0.36,0.45,0.25,0.3,34244.34,6506.51,6.372683643486778,0.3310479921645446,0.18413320274240944,0.22037218413320275,0.019382765151846993,0.14400000000000002,0.08,0.885,3.0,1072.05,0.2644466209598433,0.515181194906954,0.19000249384277812,33.54,0.7,9.602133333333333,956.9599999999999,751,0.7355533790401567
Burgers,26510,Classic Burgers Grill,Cafe,West Auckland,1.04,42.18,741,148,6242.64,267,148,178,11262.06,6242.64,7508.04,0.233899442944676,0.445459345006384,0.33,14,4.13,735.14,2001.65,-105.4,-58.42,1672.25,0.25,0.45,0.25,0.3,31255.38,3510.08,4.736950067476383,0.36032388663967607,0.19973009446693657,0.24021592442645073,0.023520430722646788,0.14850000000000002,0.0825,1.2389999999999999,4.2,770.64,0.19973009446693657,0.5600539811066126,0.11230322587663308,42.18,0.7,9.394662921348315,-163.82,593,0.8002699055330634
Burgers,25459,Urban Burgers Bistro,QSR,West Auckland,1.04,35.68,1896,414,14771.52,667,370,445,23798.56,13201.6,15877.6,0.229524979330599,0.440200649155304,0.29,12,3.54,1575.3,4878.65,958.47,531.69,3668.66,0.28,0.45,0.25,0.3,67649.28,10037.47,5.294024261603375,0.3517932489451477,0.19514767932489452,0.234704641350211,0.02328627887835613,0.1305,0.0725,1.062,3.5999999999999996,1971.8400000000001,0.21835443037974683,0.5469409282700423,0.14837511943955647,35.68,0.7,8.244179775280898,1490.16,1482,0.7816455696202531
Burgers,26311,Classic Burgers Corner,QSR,South Auckland,1.05,47.0,1671,278,13066.0,627,348,418,29469.0,16356.0,19646.0,0.258775432854891,0.43368758673314,0.33,4,1.18,493.24,4018.28,-661.96,-367.41,5548.63,0.2,0.45,0.25,0.3,78537.0,8537.54,5.109239976062239,0.3752244165170557,0.20825852782764812,0.25014961101137045,0.006280351936030152,0.14850000000000002,0.0825,0.354,1.2,1754.5500000000002,0.1663674446439258,0.5834829443447038,0.10870723353323912,47.0,0.7,13.274234449760765,-1029.3700000000001,1393,0.8336325553560742
Burgers,26675,King Burgers Grill,QSR,West Auckland,1.04,36.44,900,156,5684.64,335,186,223,12207.4,6777.84,8126.12,0.258730385135859,0.352583625377156,0.31,7,2.07,461.61,2209.54,960.55,533.32,2696.9,0.21,0.45,0.25,0.3,32796.0,6400.31,7.111455555555556,0.37222222222222223,0.20666666666666667,0.24777777777777776,0.014075192096597147,0.1395,0.0775,0.6209999999999999,2.1,936.0,0.17333333333333334,0.5788888888888888,0.19515520185388463,36.44,0.7,12.093721973094171,1493.87,744,0.8266666666666667
Burgers,25584,King Burgers Cafe,Cafe,CBD,0.99,35.23,760,209,7363.07,248,138,165,8737.04,4861.74,5812.95,0.204013291820884,0.418974408041686,0.32,3,0.89,146.85,2775.97,498.12,277.18,2044.7,0.38,0.45,0.25,0.3,26774.8,5595.969999999999,7.363118421052631,0.3263157894736842,0.18157894736842106,0.21710526315789475,0.005484634805862229,0.14400000000000002,0.08,0.267,0.8999999999999999,752.4,0.275,0.5078947368421053,0.20900137442669972,35.23,0.7,12.392121212121213,775.3,551,0.725
Burgers,25706,Lucky Burgers House,Full-service,CBD,0.99,40.08,767,207,8296.56,252,140,168,10100.16,5611.2,6733.44,0.380485535098705,0.546463824948296,0.32,8,2.36,396.48,606.07,-2494.23,-1385.68,95.4,0.37,0.45,0.25,0.3,30741.36,-3178.44,-4.143989569752281,0.3285528031290743,0.18252933507170793,0.2190352020860495,0.012897282358360204,0.14400000000000002,0.08,0.708,2.4,759.33,0.26988265971316816,0.5110821382007823,-0.10339295333713278,40.08,0.7,0.5678571428571428,-3879.91,560,0.7301173402868318
Burgers,26637,Lucky Burgers Cafe,QSR,North Shore,1.03,38.16,1847,381,14538.96,660,366,440,25185.6,13966.56,16790.4,0.268138573672622,0.418827313138172,0.28,14,4.13,1817.2,4551.19,831.98,461.37,3438.77,0.26,0.45,0.25,0.3,70481.51999999999,9283.31,5.026155928532756,0.3573362208987548,0.1981591770438549,0.23822414726583654,0.0257826448691799,0.12600000000000003,0.07,1.2389999999999999,4.2,1902.41,0.20628045479155388,0.5554953979426097,0.1317126815653238,38.16,0.7,7.815386363636364,1293.35,1466,0.7937195452084461
Burgers,25049,Urban Burgers Cafe,QSR,North Shore,1.03,45.84,1847,415,19023.6,644,358,430,29520.96,16410.72,19711.2,0.210861113574356,0.410226645460352,0.28,3,0.89,382.7,7208.27,2919.98,1623.22,7086.11,0.29,0.45,0.25,0.3,84666.48,18837.579999999998,10.199014618299945,0.3486735246345425,0.1938278289117488,0.23280996210070387,0.0045200887057073825,0.12600000000000003,0.07,0.267,0.8999999999999999,1902.41,0.22468868435300487,0.5425013535462914,0.22249159289485046,45.839999999999996,0.7,16.479325581395347,4543.2,1432,0.7753113156469952
Burgers,26479,Urban Burgers Grill,Full-service,West Auckland,1.04,37.76,804,268,10119.68,241,134,161,9100.16,5059.84,6079.36,0.365018412494101,0.546738259424456,0.31,12,3.54,569.94,892.99,-2018.02,-1122.05,-33.48,0.5,0.45,0.25,0.3,30359.04,-2280.56,-2.8365174129353234,0.2997512437810945,0.16666666666666666,0.20024875621890545,0.01877332089552239,0.1395,0.0775,1.062,3.5999999999999996,836.1600000000001,0.3333333333333333,0.4664179104477612,-0.07511963487646513,37.76,0.7,-0.2079503105590062,-3140.0699999999997,536,0.6666666666666666
Burgers,25145,Classic Burgers Cafe,Full-service,West Auckland,1.04,43.89,1067,374,16414.86,312,173,208,13693.68,7592.97,9129.12,0.366971562313847,0.535327718942426,0.3,13,3.84,798.72,1603.74,-2770.22,-1536.05,93.2,0.54,0.45,0.25,0.3,46830.630000000005,-2609.33,-2.445482661668229,0.2924086223055295,0.162136832239925,0.1949390815370197,0.017055504057921066,0.135,0.075,1.152,3.9,1109.68,0.35051546391752575,0.45454545454545453,-0.05571844752035152,43.89000000000001,0.7,0.4480769230769231,-4306.2699999999995,693,0.6494845360824743
Burgers,25833,Urban Burgers Corner,Cafe,West Auckland,1.04,42.38,1213,353,14960.14,387,215,258,16401.06,9111.7,10934.04,0.242346808724105,0.367625953280367,0.28,12,3.54,913.32,5834.86,1804.56,1002.54,3351.25,0.41,0.45,0.25,0.3,51406.94,11993.21,9.887230008244023,0.31904369332234134,0.17724649629018963,0.21269579554822754,0.017766472775854778,0.12600000000000003,0.07,1.062,3.5999999999999996,1261.52,0.29101401483924155,0.4962901896125309,0.23329943388966545,42.38,0.7,12.989341085271318,2807.1,860,0.7089859851607585
Burgers,25228,Top Burgers Eatery,Cafe,West Auckland,1.04,46.7,2055,638,29794.6,638,354,425,29794.6,16531.8,19847.5,0.239928396362811,0.42289025252685,0.29,5,1.48,629.0,10046.18,1405.75,779.99,6063.21,0.45,0.45,0.25,0.3,95968.5,18295.13,8.902739659367397,0.31046228710462287,0.17226277372262774,0.20681265206812652,0.006554233941345337,0.1305,0.0725,0.444,1.5,2137.2000000000003,0.31046228710462287,0.48272506082725053,0.19063682354105776,46.7,0.7,14.266376470588236,2185.74,1417,0.6895377128953771
Burgers,26441,King Burgers Grill,QSR,CBD,0.99,37.27,1565,282,10510.14,577,321,385,21504.79,11963.67,14348.95,0.232442121561617,0.364000278245658,0.27,16,4.72,1817.2,4241.45,2872.13,1597.84,3973.43,0.22,0.45,0.25,0.3,58327.55,12684.85,8.105335463258786,0.36869009584664536,0.20511182108626197,0.24600638977635783,0.03115508880451862,0.12150000000000001,0.0675,1.416,4.8,1549.35,0.1801916932907348,0.5738019169329073,0.21747613263372112,37.27,0.7,10.320597402597402,4469.97,1283,0.8198083067092652
Burgers,25593,Top Burgers Diner,Ghost Kitchen,West Auckland,1.04,38.24,829,61,2332.64,346,192,230,13231.04,7342.08,8795.2,0.280705251719337,0.289620228344575,0.33,15,4.43,1018.9,1002.28,1318.8,731.82,2760.17,0.08,0.45,0.25,0.3,31700.960000000003,5813.07,7.012147165259348,0.41737032569360677,0.23160434258142337,0.27744270205066346,0.032140982481287626,0.14850000000000002,0.0825,1.329,4.5,862.1600000000001,0.07358262967430639,0.6489746682750301,0.18337204930071516,38.24,0.7,12.000739130434782,2050.62,768,0.9264173703256936
Burgers,25230,Urban Burgers Tavern,Ghost Kitchen,South Auckland,1.05,32.1,975,55,1765.5,414,230,276,13289.4,7383.0,8859.6,0.268912851030473,0.300634364027064,0.3,13,3.84,1059.84,759.96,1733.64,963.13,2753.8,0.06,0.45,0.25,0.3,31297.5,6210.530000000001,6.36977435897436,0.4246153846153846,0.2358974358974359,0.2830769230769231,0.033863407620416966,0.135,0.075,1.152,3.9,1023.75,0.05641025641025641,0.6605128205128206,0.1984353382858056,32.1,0.7,9.97753623188406,2696.77,920,0.9435897435897436
Burgers,26444,Lucky Burgers Grill,Cafe,CBD,0.99,43.35,764,157,6805.95,273,152,182,11834.55,6589.2,7889.7,0.253676384091377,0.355854926933534,0.29,10,2.95,536.9,2657.51,1189.0,662.01,2543.78,0.26,0.45,0.25,0.3,33119.4,7052.300000000001,9.230759162303666,0.35732984293193715,0.19895287958115182,0.2382198952879581,0.016211042470576156,0.1305,0.0725,0.885,3.0,756.36,0.20549738219895286,0.556282722513089,0.21293562081438674,43.35,0.7,13.976813186813187,1851.01,607,0.7945026178010471
Burgers,25839,Classic Burgers Tavern,QSR,North Shore,1.03,42.63,902,208,8867.04,312,174,208,13300.56,7417.62,8867.04,0.273925772868097,0.371560124936514,0.27,7,2.07,430.56,3143.49,1124.08,626.89,2712.93,0.3,0.45,0.25,0.3,38452.259999999995,7607.389999999999,8.433913525498891,0.34589800443458985,0.1929046563192905,0.23059866962305992,0.011197261227298475,0.12150000000000001,0.0675,0.6209999999999999,2.1,929.0600000000001,0.23059866962305992,0.5388026607538804,0.19783986688948843,42.629999999999995,0.7,13.04293269230769,1750.9699999999998,694,0.7694013303769401
Burgers,25113,Urban Burgers Diner,QSR,North Shore,1.03,43.37,1530,255,11059.35,574,319,382,24894.38,13835.03,16567.34,0.268876346964389,0.394695023051463,0.28,14,4.13,1577.66,3720.68,1404.76,780.69,3996.07,0.2,0.45,0.25,0.3,66356.1,9902.199999999999,6.472026143790849,0.37516339869281046,0.20849673202614377,0.24967320261437906,0.023775658907018344,0.12600000000000003,0.07,1.2389999999999999,4.2,1575.9,0.16666666666666666,0.5836601307189543,0.14922817947407996,43.370000000000005,0.7,10.460916230366493,2185.45,1275,0.8333333333333334
Burgers,25274,Top Burgers Eatery,QSR,CBD,0.99,43.97,943,170,7474.9,348,193,232,15301.56,8486.21,10201.04,0.245497362390161,0.383827749593183,0.29,9,2.66,617.12,2770.76,1234.45,684.62,3164.15,0.22,0.45,0.25,0.3,41463.71,7853.98,8.328716861081654,0.36903499469777307,0.20466595970307527,0.2460233297985154,0.014883376330772139,0.1305,0.0725,0.798,2.6999999999999997,933.5699999999999,0.18027571580063625,0.5737009544008483,0.18941816832116565,43.97,0.7,13.638577586206896,1919.0700000000002,773,0.8197242841993637
Burgers,26448,King Burgers Eatery,Cafe,North Shore,1.03,31.39,1638,387,12147.93,563,313,375,17672.57,9825.07,11771.25,0.224799098894,0.420522309606895,0.27,4,1.18,442.5,4308.61,1496.49,831.97,3732.51,0.31,0.45,0.25,0.3,51416.82,10369.58,6.33063492063492,0.3437118437118437,0.19108669108669107,0.22893772893772893,0.008606133168095576,0.12150000000000001,0.0675,0.354,1.2,1687.14,0.23626373626373626,0.5347985347985348,0.20167680537224977,31.39,0.7,9.95336,2328.46,1251,0.7637362637362637
Burgers,26168,Top Burgers Tavern,QSR,CBD,0.99,34.97,1300,276,9651.72,461,256,307,16121.17,8952.32,10735.79,0.226521106697619,0.36486871689558,0.32,3,0.89,273.23,3943.79,1428.5,793.27,4113.52,0.27,0.45,0.25,0.3,45461.0,10279.08,7.906984615384616,0.3546153846153846,0.19692307692307692,0.2361538461538462,0.0060102065506698055,0.14400000000000002,0.08,0.267,0.8999999999999999,1287.0,0.21230769230769228,0.5515384615384615,0.2261076527133147,34.97,0.7,13.399087947882737,2221.77,1024,0.7876923076923077
Burgers,25764,Classic Burgers Tavern,Cafe,North Shore,1.03,37.11,1456,336,12468.96,504,280,336,18703.44,10390.8,12468.96,0.2360489904508,0.409529471863061,0.29,12,3.54,1189.44,4419.27,1204.9,669.39,3229.83,0.3,0.45,0.25,0.3,54032.159999999996,9523.39,6.540789835164834,0.34615384615384615,0.19230769230769232,0.23076923076923078,0.02201355637087246,0.1305,0.0725,1.062,3.5999999999999996,1499.68,0.23076923076923078,0.5384615384615384,0.17625410496267407,37.11,0.7,9.612589285714286,1874.29,1120,0.7692307692307693
Burgers,25441,King Burgers Diner,QSR,South Auckland,1.05,36.78,1735,347,12762.66,625,347,416,22987.5,12762.66,15300.48,0.237731875423342,0.408459956105798,0.29,12,3.54,1472.64,4515.53,1466.79,814.36,3940.79,0.25,0.45,0.25,0.3,63813.3,10737.47,6.188743515850144,0.36023054755043227,0.19999999999999998,0.2397694524495677,0.023077320871981232,0.1305,0.0725,1.062,3.5999999999999996,1821.75,0.19999999999999998,0.5602305475504323,0.16826382587955802,36.78,0.7,9.473052884615385,2281.15,1388,0.8
Burgers,25118,Lucky Burgers Kitchen,Ghost Kitchen,North Shore,1.03,39.18,794,37,1449.66,341,189,227,13360.38,7405.02,8893.86,0.284464301879052,0.325273341638967,0.3,17,5.02,1139.54,565.75,1205.94,668.39,2331.4,0.05,0.45,0.25,0.3,31108.92,4771.48,6.009420654911838,0.42947103274559195,0.23803526448362722,0.2858942065491184,0.036630651273011086,0.135,0.075,1.5059999999999998,5.1,817.82,0.04659949622166247,0.6675062972292193,0.1533798023203634,39.18,0.7,10.270484581497797,1874.33,757,0.9534005037783375
Burgers,25240,Lucky Burgers Diner,Full-service,CBD,0.99,42.77,697,184,7869.68,231,128,154,9879.87,5474.56,6586.58,0.358047951781191,0.482824533013627,0.3,14,4.13,636.02,1252.28,-1391.8,-771.21,412.09,0.36,0.45,0.25,0.3,29810.690000000002,-498.64000000000004,-0.7154088952654233,0.3314203730272597,0.1836441893830703,0.22094691535150643,0.02133529951839424,0.135,0.075,1.2389999999999999,4.2,690.03,0.26398852223816355,0.5150645624103299,-0.01672688555682542,42.77,0.7,2.675909090909091,-2163.01,513,0.7360114777618364
Burgers,25362,Urban Burgers Diner,QSR,CBD,0.99,35.17,1766,306,10762.02,657,365,438,23106.69,12837.05,15404.46,0.262723354194313,0.357786394609138,0.3,11,3.25,1423.5,4084.08,1836.76,1020.42,4422.34,0.21,0.45,0.25,0.3,62110.219999999994,11363.6,6.434654586636467,0.37202718006795016,0.20668176670441676,0.24801812004530013,0.022918933470208288,0.135,0.075,0.975,3.3,1748.34,0.17327293318233297,0.578708946772367,0.18295861776049097,35.169999999999995,0.7,10.096666666666668,2857.18,1460,0.8267270668176671
Burgers,26132,King Burgers Corner,Full-service,CBD,0.99,39.73,1317,355,14104.15,433,240,289,17203.09,9535.2,11481.97,0.360780011594761,0.525970330834389,0.29,17,5.02,1450.78,1597.29,-3040.65,-1685.35,-150.45,0.37,0.45,0.25,0.3,52324.41,-3279.16,-2.4898709187547454,0.3287775246772969,0.18223234624145787,0.21943811693242216,0.027726638484791323,0.1305,0.0725,1.5059999999999998,5.1,1303.83,0.2695520121488231,0.5110098709187547,-0.06266979407890122,39.730000000000004,0.7,-0.5205882352941176,-4726.0,962,0.7304479878511769
Burgers,25406,Lucky Burgers House,Cafe,CBD,0.99,37.64,749,181,6812.84,256,142,170,9635.84,5344.88,6398.8,0.228273102976382,0.430526344710961,0.31,4,1.18,200.6,2324.54,300.64,166.76,1982.67,0.32,0.45,0.25,0.3,28192.36,4774.61,6.3746461949265685,0.3417890520694259,0.18958611481975968,0.22696929238985314,0.007115402896387532,0.1395,0.0775,0.354,1.2,741.51,0.2416555407209613,0.5313751668891856,0.16935829423290563,37.64,0.7,11.662764705882353,467.4,568,0.7583444592790387
Burgers,25729,Lucky Burgers Tavern,Full-service,South Auckland,1.05,42.75,1015,295,12611.25,324,180,216,13851.0,7695.0,9234.0,0.380284496734384,0.536712755588815,0.31,8,2.36,509.76,1046.77,-3144.14,-1746.74,256.69,0.41,0.45,0.25,0.3,43391.25,-3587.4199999999996,-3.534403940886699,0.3192118226600985,0.17733990147783252,0.21280788177339902,0.011747990666320974,0.1395,0.0775,0.708,2.4,1065.75,0.29064039408866993,0.496551724137931,-0.08267611557629706,42.75,0.7,1.1883796296296296,-4890.88,720,0.7093596059113301
Burgers,25851,King Burgers Diner,Cafe,West Auckland,1.04,36.7,1417,382,14019.4,466,259,310,17102.2,9505.3,11377.0,0.231182709317654,0.371880022669211,0.27,9,2.66,824.6,5564.82,2170.91,1206.58,3691.36,0.37,0.45,0.25,0.3,52003.899999999994,12633.67,8.915786873676781,0.3288637967537051,0.18278052223006352,0.21877205363443897,0.01585650306996206,0.12150000000000001,0.0675,0.798,2.6999999999999997,1473.68,0.26958362738179253,0.5116443189837686,0.24293697203478973,36.699999999999996,0.7,11.907612903225807,3377.49,1035,0.7304163726182075
Burgers,26337,Classic Burgers Tavern,Full-service,West Auckland,1.04,42.88,2113,570,24441.6,694,386,463,29758.72,16551.68,19853.44,0.369565804698505,0.46549183446914,0.28,9,2.66,1231.58,4031.46,-3423.97,-1904.4,2043.09,0.37,0.45,0.25,0.3,90605.44,746.1800000000001,0.35313771888310463,0.32844297207761475,0.18267865593942262,0.21911973497397064,0.013592782066948738,0.12600000000000003,0.07,0.798,2.6999999999999997,2197.52,0.26975863700899194,0.5111216280170374,0.008235487847087327,42.88,0.7,4.4127213822894165,-5328.37,1543,0.7302413629910081
Burgers,25975,Classic Burgers Eatery,QSR,CBD,0.99,30.06,825,148,4448.88,305,169,203,9168.3,5080.14,6102.18,0.202494739685208,0.436107656639069,0.32,8,2.36,479.08,1607.81,379.55,210.31,1726.23,0.22,0.45,0.25,0.3,24799.5,3923.9,4.756242424242425,0.3696969696969697,0.20484848484848486,0.24606060606060606,0.019318131413939798,0.14400000000000002,0.08,0.708,2.4,816.75,0.1793939393939394,0.5745454545454545,0.15822496421298818,30.06,0.7,8.5035960591133,589.86,677,0.8206060606060606
Burgers,25328,Classic Burgers House,QSR,West Auckland,1.04,32.52,970,168,5463.36,361,200,241,11739.72,6504.0,7837.32,0.215737533532083,0.401023594220169,0.33,10,2.95,710.95,2093.77,625.01,346.27,2292.62,0.21,0.45,0.25,0.3,31544.399999999998,5357.67,5.523371134020619,0.37216494845360826,0.2061855670103093,0.24845360824742269,0.02253807331887752,0.14850000000000002,0.0825,0.885,3.0,1008.8000000000001,0.1731958762886598,0.5783505154639176,0.16984536082474228,32.519999999999996,0.7,9.512946058091286,971.28,802,0.8268041237113402
Burgers,26583,Lucky Burgers Cafe,QSR,North Shore,1.03,43.03,1024,211,9079.33,366,203,244,15748.98,8735.09,10499.32,0.253250066973269,0.390933547052555,0.27,5,1.48,361.12,3230.57,1351.52,749.61,3374.71,0.26,0.45,0.25,0.3,44062.719999999994,8706.41,8.502353515625,0.35742187500000006,0.19824218750000003,0.23828125000000003,0.008195590285847085,0.12150000000000001,0.0675,0.444,1.5,1054.72,0.20605468750000003,0.5556640625000001,0.19759129713281434,43.029999999999994,0.7,13.83077868852459,2101.13,813,0.7939453125
Burgers,25857,Classic Burgers Diner,Ghost Kitchen,West Auckland,1.04,32.08,671,55,1764.4,277,154,185,8886.16,4940.32,5934.8,0.27597480394179,0.327067295927554,0.32,13,3.84,710.4,700.39,683.86,380.2,1645.47,0.09,0.45,0.25,0.3,21525.68,3409.92,5.081847988077496,0.4128166915052161,0.22950819672131145,0.2757078986587183,0.033002441734709426,0.14400000000000002,0.08,1.152,3.9,697.84,0.0819672131147541,0.6423248882265276,0.15841172032660525,32.08,0.7,8.894432432432433,1064.06,616,0.9180327868852459
Burgers,25979,Classic Burgers Bistro,Cafe,West Auckland,1.04,35.84,1759,493,17669.12,570,316,380,20428.8,11325.44,13619.2,0.20595526734367,0.354645486129448,0.29,4,1.18,448.4,7763.8,3052.05,1692.01,5535.87,0.39,0.45,0.25,0.3,63042.56,18043.73,10.257947697555428,0.32404775440591244,0.17964752700397954,0.21603183627060832,0.007112655323641679,0.1305,0.0725,0.354,1.2,1829.3600000000001,0.2802728823194997,0.503695281409892,0.28621505852554213,35.839999999999996,0.7,14.56807894736842,4744.06,1266,0.7197271176805002
Burgers,26625,Urban Burgers House,Cafe,West Auckland,1.04,45.87,1169,276,12660.12,402,223,268,18439.74,10229.01,12293.16,0.267751501314342,0.361398966470733,0.28,11,3.25,871.0,4695.0,1675.24,929.3,3687.91,0.31,0.45,0.25,0.3,53622.03,10987.45,9.39901625320787,0.34388366124893077,0.19076133447390933,0.2292557741659538,0.0162433238726695,0.12600000000000003,0.07,0.975,3.3,1215.76,0.23609923011120618,0.5346449957228401,0.20490552110764923,45.87,0.7,13.760858208955224,2604.54,893,0.7639007698887939
Burgers,26345,Lucky Burgers Eatery,Full-service,South Auckland,1.05,40.74,2077,737,30025.38,603,335,402,24566.22,13647.9,16377.48,0.377221892296802,0.537403645506129,0.27,11,3.25,1306.5,2563.4,-4535.55,-2519.75,91.72,0.55,0.45,0.25,0.3,84616.98,-4400.179999999999,-2.1185267212325467,0.2903225806451613,0.16129032258064516,0.1935483870967742,0.015440163428191364,0.12150000000000001,0.0675,0.975,3.3,2180.85,0.3548387096774194,0.4516129032258065,-0.05200114681474096,40.739999999999995,0.7,0.2281592039800995,-7055.3,1340,0.6451612903225806
Burgers,25982,Lucky Burgers Diner,Full-service,CBD,0.99,35.49,767,227,8056.23,243,135,162,8624.07,4791.15,5749.38,0.39270140187582,0.531614781892858,0.29,12,3.54,573.48,609.73,-1848.28,-1026.82,-138.34,0.42,0.45,0.25,0.3,27220.829999999998,-2403.71,-3.1339113428943937,0.3168187744458931,0.17601043024771837,0.21121251629726207,0.021067689706742963,0.1305,0.0725,1.062,3.5999999999999996,759.33,0.29595827900912647,0.49282920469361147,-0.08830406714269919,35.489999999999995,0.7,-0.8539506172839506,-2875.1,540,0.7040417209908736
Burgers,26387,King Burgers Tavern,QSR,West Auckland,1.04,39.14,1607,311,12172.54,583,324,389,22818.62,12681.36,15225.46,0.248795143533498,0.413692677649669,0.28,10,2.95,1147.55,4108.38,1312.35,729.33,3991.23,0.24,0.45,0.25,0.3,62897.98,10141.289999999999,6.310696950840074,0.36278780336029864,0.2016179215930305,0.24206596141879275,0.018244624072188007,0.12600000000000003,0.07,0.885,3.0,1671.28,0.19352831362787803,0.5644057249533291,0.1612339537772119,39.14,0.7,10.260231362467866,2041.6799999999998,1296,0.806471686372122
Burgers,25984,Urban Burgers Eatery,Full-service,North Shore,1.03,32.55,1689,592,19269.6,494,274,329,16079.7,8918.7,10708.95,0.372221825784072,0.533280635951087,0.3,17,5.02,1651.58,1820.93,-3304.42,-1832.81,-639.61,0.54,0.45,0.25,0.3,54976.95,-3955.9100000000003,-2.3421610420367083,0.29248075784487865,0.1622261693309651,0.1947898164594435,0.030041317315711403,0.135,0.075,1.5059999999999998,5.1,1739.67,0.35050325636471286,0.45470692717584377,-0.07195579238208014,32.55,0.7,-1.9441033434650457,-5137.23,1097,0.6494967436352872
Burgers,25136,Lucky Burgers Bistro,Full-service,South Auckland,1.05,36.91,718,201,7418.91,233,129,155,8600.03,4761.39,5721.05,0.3750371051603,0.523758488497697,0.29,6,1.77,274.35,750.83,-1623.65,-898.93,304.65,0.39,0.45,0.25,0.3,26501.38,-1467.1,-2.0433147632311974,0.3245125348189415,0.1796657381615599,0.21587743732590528,0.01035229108823767,0.1305,0.0725,0.531,1.7999999999999998,753.9,0.2799442896935933,0.5041782729805014,-0.05535938128505006,36.910000000000004,0.7,1.9654838709677418,-2522.58,517,0.7200557103064067
Burgers,25986,Urban Burgers Diner,Full-service,CBD,0.99,34.6,1341,396,13701.6,425,236,284,14705.0,8165.6,9826.4,0.367587539204396,0.451949392282404,0.31,5,1.48,420.32,2472.63,-1904.84,-1057.75,1352.98,0.42,0.45,0.25,0.3,46398.6,863.0200000000002,0.643564504101417,0.3169276659209545,0.17598806860551827,0.2117822520507084,0.009058894018354002,0.1395,0.0775,0.444,1.5,1327.59,0.2953020134228188,0.49291573452647275,0.01860013017634153,34.6,0.7,4.764014084507043,-2962.59,945,0.7046979865771812
Burgers,25865,Lucky Burgers Tavern,Full-service,South Auckland,1.05,33.02,1182,325,10731.5,386,214,257,12745.72,7066.28,8486.14,0.365703985537402,0.51030377978459,0.28,5,1.48,380.36,1330.62,-1988.43,-1102.39,671.86,0.38,0.45,0.25,0.3,39029.64,-1088.3400000000001,-0.9207614213197971,0.32656514382402707,0.18104906937394247,0.2174280879864636,0.009745413998181894,0.12600000000000003,0.07,0.444,1.5,1241.1000000000001,0.27495769881556686,0.5076142131979695,-0.027884961275584406,33.019999999999996,0.7,2.6142412451361867,-3090.82,857,0.7250423011844331
Burgers,25017,King Burgers Corner,QSR,West Auckland,1.04,44.7,816,173,7733.1,289,161,193,12918.3,7196.7,8627.1,0.205784262046218,0.446330712852068,0.31,13,3.84,741.12,2690.23,489.41,272.65,2260.12,0.27,0.45,0.25,0.3,36475.200000000004,5712.41,7.000502450980392,0.35416666666666663,0.19730392156862742,0.23651960784313725,0.020318462955652056,0.1395,0.0775,1.152,3.9,848.64,0.21200980392156862,0.551470588235294,0.15661079308680964,44.7,0.7,11.710466321243523,762.06,643,0.7879901960784313
Burgers,26233,Urban Burgers Diner,Cafe,West Auckland,1.04,35.51,766,226,8025.26,243,135,162,8628.93,4793.85,5752.62,0.253127012141049,0.428174694231711,0.29,4,1.18,191.16,2557.64,247.64,137.58,1642.19,0.42,0.45,0.25,0.3,27200.66,4585.049999999999,5.985704960835508,0.3172323759791123,0.17624020887728462,0.21148825065274152,0.007027770649682765,0.1305,0.0725,0.354,1.2,796.64,0.29503916449086165,0.4934725848563969,0.1685639245518307,35.51,0.7,10.136975308641976,385.22,540,0.7049608355091384
Burgers,25868,Urban Burgers Cafe,QSR,CBD,0.99,32.03,1723,355,11370.65,616,342,410,19730.48,10954.26,13132.3,0.234714273512363,0.389967869943939,0.33,3,0.89,364.9,4267.61,894.14,496.42,4563.89,0.26,0.45,0.25,0.3,55187.69,10222.060000000001,5.932710388856647,0.3575159605339524,0.19849100406268136,0.23795705165409167,0.00661198176622359,0.14850000000000002,0.0825,0.267,0.8999999999999999,1705.77,0.2060359837492745,0.5560069645966337,0.18522355257123466,32.03,0.7,11.131439024390245,1390.56,1368,0.7939640162507254
Burgers,25752,Lucky Burgers Cafe,QSR,West Auckland,1.04,42.74,571,106,4530.44,209,116,140,8932.66,4957.84,5983.6,0.204433186091483,0.368527346709743,0.31,16,4.72,660.8,1934.68,1045.47,580.26,1894.43,0.23,0.45,0.25,0.3,24404.54,5454.84,9.553134851138354,0.3660245183887916,0.2031523642732049,0.24518388791593695,0.027076929128760467,0.1395,0.0775,1.416,4.8,593.84,0.18563922942206654,0.5691768826619965,0.22351742749504805,42.74,0.7,13.531642857142858,1625.73,465,0.8143607705779334
Burgers,26679,Classic Burgers Bistro,Full-service,South Auckland,1.05,43.21,2217,768,33185.28,652,362,435,28172.92,15642.02,18796.35,0.350344858248718,0.518257090845145,0.28,9,2.66,1157.1,4360.48,-4186.55,-2324.43,1312.7,0.53,0.45,0.25,0.3,95796.57,-837.8000000000004,-0.377898060442039,0.2940911141181777,0.16328371673432565,0.19621109607577805,0.012078720563794715,0.12600000000000003,0.07,0.798,2.6999999999999997,2327.85,0.3464140730717185,0.45737483085250336,-0.008745615839899074,43.21,0.7,3.0177011494252874,-6510.98,1449,0.6535859269282814
Burgers,25428,Urban Burgers House,Cafe,West Auckland,1.04,44.37,1007,214,9495.18,357,198,238,15840.09,8785.26,10560.06,0.217458676826209,0.386310460767709,0.33,17,5.02,1194.76,3762.28,1049.1,581.86,2989.46,0.27,0.45,0.25,0.3,44680.59,8382.7,8.324428997020854,0.35451837140019865,0.19662363455809337,0.23634558093346575,0.026740022904800497,0.14850000000000002,0.0825,1.5059999999999998,5.1,1047.28,0.21251241310824232,0.551142005958292,0.18761390572505873,44.37,0.7,12.560756302521009,1630.96,793,0.7874875868917577
Burgers,25993,Urban Burgers Tavern,Cafe,CBD,0.99,29.79,1320,403,12005.37,413,229,275,12303.27,6821.91,8192.25,0.205143917854875,0.386287430371158,0.27,15,4.43,1218.25,4905.02,1704.85,945.3,2128.85,0.44,0.45,0.25,0.3,39322.8,9684.02,7.336378787878788,0.31287878787878787,0.17348484848484846,0.20833333333333331,0.030980754168065346,0.12150000000000001,0.0675,1.329,4.5,1306.8,0.3053030303030303,0.48636363636363633,0.24626984853570955,29.790000000000003,0.7,7.741272727272727,2650.1499999999996,917,0.6946969696969697
Burgers,25792,Lucky Burgers House,Cafe,South Auckland,1.05,31.95,1477,332,10607.4,515,286,344,16454.25,9137.7,10990.8,0.250087344944477,0.435533619252965,0.32,5,1.48,509.12,3334.74,-92.49,-51.36,2946.16,0.29,0.45,0.25,0.3,47190.15000000001,6137.049999999999,4.155077860528097,0.3486797562626946,0.1936357481381178,0.23290453622207172,0.01078869213172664,0.14400000000000002,0.08,0.444,1.5,1550.8500000000001,0.22477995937711573,0.5423155044008123,0.1300493853060437,31.950000000000006,0.7,8.564418604651163,-143.85,1145,0.7752200406228842
Burgers,26481,Classic Burgers Corner,Full-service,CBD,0.99,37.26,1844,646,24069.96,539,300,359,20083.14,11178.0,13376.34,0.39807917958824,0.524663152103312,0.29,5,1.48,531.32,1859.59,-4272.53,-2378.03,502.1,0.54,0.45,0.25,0.3,68707.44,-4288.869999999999,-2.3258514099783074,0.2922993492407809,0.16268980477223427,0.19468546637744033,0.007733078106242935,0.1305,0.0725,0.444,1.5,1825.56,0.35032537960954446,0.45498915401301515,-0.062422206386964774,37.26,0.7,1.398607242339833,-6650.5599999999995,1198,0.6496746203904555
Burgers,25633,King Burgers Bistro,Cafe,CBD,0.99,34.47,1323,328,11306.16,448,249,298,15442.56,8583.03,10272.06,0.220614445898682,0.417049959558062,0.28,4,1.18,351.64,4096.62,1271.47,706.69,3370.29,0.33,0.45,0.25,0.3,45603.81,9445.07,7.139130763416477,0.3386243386243386,0.18820861678004538,0.2252456538170824,0.007710759254544741,0.12600000000000003,0.07,0.354,1.2,1309.77,0.24792139077853365,0.526832955404384,0.20711142336572316,34.47,0.7,11.30969798657718,1978.16,995,0.7520786092214664
Burgers,25634,Lucky Burgers Tavern,Full-service,South Auckland,1.05,32.98,1176,392,12928.16,353,196,235,11641.94,6464.08,7750.3,0.377704025036655,0.525246279360727,0.27,16,4.72,1109.2,1254.67,-2013.48,-1117.96,-357.04,0.5,0.45,0.25,0.3,38784.48,-2233.81,-1.8994982993197278,0.30017006802721086,0.16666666666666666,0.19982993197278912,0.02859906849337673,0.12150000000000001,0.0675,1.416,4.8,1234.8,0.3333333333333333,0.46683673469387754,-0.057595460864758266,32.980000000000004,0.7,-1.5193191489361704,-3131.44,784,0.6666666666666666
Burgers,25514,Top Burgers Grill,Cafe,South Auckland,1.05,33.28,1492,395,13145.6,494,274,329,16440.32,9118.72,10949.12,0.222624632734805,0.388613134040497,0.28,12,3.54,1164.66,5110.51,1788.09,991.77,3091.94,0.36,0.45,0.25,0.3,49653.76,10982.310000000001,7.360797587131368,0.33109919571045576,0.18364611260053618,0.2205093833780161,0.023455625515570223,0.12600000000000003,0.07,1.062,3.5999999999999996,1566.6000000000001,0.26474530831099197,0.514745308310992,0.22117781211332235,33.28,0.7,9.397993920972645,2779.8599999999997,1097,0.735254691689008
Burgers,26363,Urban Burgers Bistro,Full-service,West Auckland,1.04,39.07,944,244,9533.08,315,175,210,12307.05,6837.25,8204.7,0.386807536554989,0.548085522628389,0.29,17,5.02,1054.2,620.67,-2767.77,-1537.65,-520.02,0.35,0.45,0.25,0.3,36882.08,-4204.77,-4.454205508474577,0.33368644067796605,0.18538135593220337,0.22245762711864409,0.02858298664283576,0.1305,0.0725,1.5059999999999998,5.1,981.76,0.2584745762711864,0.5190677966101694,-0.11400577190874268,39.07,0.7,-2.476285714285714,-4305.42,700,0.7415254237288136
Burgers,25273,Urban Burgers Diner,QSR,West Auckland,1.04,35.47,1810,326,11563.22,668,371,445,23693.96,13159.37,15784.15,0.274782668221742,0.353325877268799,0.28,5,1.48,658.6,4300.26,2177.27,1209.23,5211.39,0.22,0.45,0.25,0.3,64200.700000000004,12898.150000000001,7.126049723756907,0.36906077348066296,0.20497237569060772,0.2458563535911602,0.010258455125878689,0.12600000000000003,0.07,0.444,1.5,1882.4,0.18011049723756903,0.5740331491712707,0.20090357270247833,35.47,0.7,11.710988764044945,3386.5,1484,0.8198895027624309
Burgers,25799,Classic Burgers Tavern,Cafe,North Shore,1.03,40.97,1453,360,14749.2,492,273,328,20157.24,11184.81,13438.16,0.256673604026437,0.374815878807567,0.29,8,2.36,774.08,5435.24,1582.56,878.13,4178.02,0.33,0.45,0.25,0.3,59529.41,12073.95,8.309669649002066,0.33860977288368893,0.18788713007570543,0.22573984858912594,0.013003320543576696,0.1305,0.0725,0.708,2.4,1496.5900000000001,0.2477632484514797,0.5264969029593943,0.20282327676353587,40.97,0.7,12.737865853658539,2460.69,1093,0.7522367515485203
Burgers,25679,King Burgers Corner,Cafe,West Auckland,1.04,35.23,1472,405,14268.15,480,267,320,16910.4,9406.41,11273.6,0.23035262202844,0.405054507683963,0.31,11,3.25,1040.0,5202.07,923.19,513.52,3070.27,0.38,0.45,0.25,0.3,51858.560000000005,9709.050000000001,6.595822010869566,0.32608695652173914,0.18138586956521738,0.21739130434782608,0.020054548371570672,0.1395,0.0775,0.975,3.3,1530.88,0.27513586956521735,0.5074728260869565,0.18722174314134446,35.230000000000004,0.7,9.59459375,1436.71,1067,0.7248641304347826
Burgers,26530,Classic Burgers Corner,QSR,South Auckland,1.05,32.53,1788,334,10865.02,654,364,436,21274.62,11840.92,14183.08,0.25713261788711,0.365716954646632,0.31,4,1.18,514.48,4097.75,1428.6,795.12,4834.67,0.23,0.45,0.25,0.3,58163.64,11156.14,6.239451901565995,0.3657718120805369,0.203579418344519,0.24384787472035793,0.008845388631110432,0.1395,0.0775,0.354,1.2,1877.4,0.18680089485458615,0.569351230425056,0.19180608366326454,32.53,0.7,11.088692660550459,2223.72,1454,0.8131991051454138
Burgers,26289,Classic Burgers Corner,Cafe,West Auckland,1.04,32.53,1605,450,14638.5,520,289,346,16915.6,9401.17,11255.38,0.217269171178341,0.380000990000553,0.28,13,3.84,1328.64,5895.36,2076.05,1153.8,3204.24,0.39,0.45,0.25,0.3,52210.649999999994,12329.449999999999,7.681900311526479,0.32398753894081,0.1800623052959502,0.21557632398753895,0.025447681651157385,0.12600000000000003,0.07,1.152,3.9,1669.2,0.28037383177570097,0.5040498442367601,0.23614818049574177,32.529999999999994,0.7,9.260809248554912,3229.8500000000004,1155,0.719626168224299
Burgers,26330,Lucky Burgers Corner,Full-service,West Auckland,1.04,39.35,825,248,9758.8,260,144,173,10231.0,5666.4,6807.55,0.392022967257071,0.486661771452054,0.29,8,2.36,408.28,1183.89,-1725.81,-955.84,417.58,0.43,0.45,0.25,0.3,32463.749999999996,-1080.1799999999998,-1.3093090909090908,0.3151515151515152,0.17454545454545456,0.20969696969696972,0.012576489160987256,0.1305,0.0725,0.708,2.4,858.0,0.3006060606060606,0.48969696969696974,-0.03327342035347118,39.349999999999994,0.7,2.413757225433526,-2681.65,577,0.6993939393939393
Burgers,25885,Top Burgers Diner,Full-service,North Shore,1.03,34.32,1174,323,11085.36,383,213,255,13144.56,7310.16,8751.6,0.387164082087111,0.515003904979676,0.28,6,1.77,451.35,1084.5,-2394.52,-1331.68,404.84,0.38,0.45,0.25,0.3,40291.68,-2236.8599999999997,-1.9053321976149913,0.3262350936967632,0.18143100511073254,0.217206132879046,0.011202064545335415,0.12600000000000003,0.07,0.531,1.7999999999999998,1209.22,0.27512776831345825,0.5076660988074958,-0.05551667242467923,34.32,0.7,1.587607843137255,-3726.2,851,0.7248722316865417
Burgers,26249,King Burgers Cafe,QSR,North Shore,1.03,35.41,1436,249,8817.09,534,297,356,18908.94,10516.77,12605.96,0.213341122977436,0.359465803625062,0.32,4,1.18,420.08,3766.6,2026.91,1127.32,4965.1,0.21,0.45,0.25,0.3,50848.76,11885.93,8.277110027855153,0.3718662952646239,0.20682451253481896,0.24791086350974928,0.008261361732321495,0.14400000000000002,0.08,0.354,1.2,1479.08,0.1733983286908078,0.5786908077994428,0.23375063620037145,35.410000000000004,0.7,13.946910112359552,3154.23,1187,0.8266016713091922
Burgers,25888,Urban Burgers Bistro,QSR,West Auckland,1.04,41.3,1555,290,11977.0,569,316,380,23499.7,13050.8,15694.0,0.211456354279071,0.357483346411027,0.28,17,5.02,1907.6,5162.81,3549.87,1971.46,4857.46,0.23,0.45,0.25,0.3,64221.5,15541.599999999999,9.99459807073955,0.36591639871382636,0.20321543408360127,0.24437299035369775,0.029703448222168586,0.12600000000000003,0.07,1.5059999999999998,5.1,1617.2,0.1864951768488746,0.5691318327974276,0.2419999532866719,41.3,0.7,12.782789473684211,5521.33,1265,0.8135048231511254
Burgers,25243,Classic Burgers Kitchen,QSR,South Auckland,1.05,43.9,852,186,8165.4,300,166,200,13170.0,7287.4,8780.0,0.222447801288217,0.43631492650602,0.28,4,1.18,236.0,2786.34,806.49,446.26,2760.06,0.28,0.45,0.25,0.3,37402.8,6799.15,7.980223004694835,0.352112676056338,0.1948356807511737,0.23474178403755866,0.006309688044745312,0.12600000000000003,0.07,0.354,1.2,894.6,0.21830985915492956,0.5469483568075117,0.18178184520944954,43.900000000000006,0.7,13.8003,1252.75,666,0.7816901408450704
Burgers,26335,Classic Burgers Grill,Cafe,North Shore,1.03,37.85,1666,374,14155.9,581,323,388,21990.85,12225.55,14685.8,0.256328370049596,0.380535143613815,0.3,16,4.72,1831.36,5140.52,1388.43,771.88,3501.59,0.29,0.45,0.25,0.3,63058.100000000006,10802.420000000002,6.4840456182473,0.34873949579831925,0.19387755102040813,0.23289315726290513,0.029042422781530044,0.135,0.075,1.416,4.8,1715.98,0.22448979591836732,0.5426170468187274,0.17130899916109113,37.85,0.7,9.02471649484536,2160.31,1292,0.7755102040816326
Burgers,26133,Top Burgers Grill,Full-service,South Auckland,1.05,43.17,2337,819,35356.23,683,380,455,29485.11,16404.6,19642.35,0.381036338047124,0.471940107853152,0.3,12,3.54,1610.7,5198.2,-4510.53,-2509.52,1277.19,0.54,0.45,0.25,0.3,100888.29000000001,-544.6599999999999,-0.23305947796320062,0.292255027813436,0.16260162601626013,0.1946940522036799,0.015965182877021703,0.135,0.075,1.062,3.5999999999999996,2453.85,0.3504492939666239,0.45485665382969614,-0.005398644381820723,43.17,0.7,2.807010989010989,-7020.049999999999,1518,0.6495507060333762
Burgers,25892,Urban Burgers Kitchen,Full-service,South Auckland,1.05,40.54,860,258,10459.32,271,150,181,10986.34,6081.0,7337.74,0.391001238534227,0.522507620276883,0.31,6,1.77,320.37,904.64,-2455.54,-1359.16,314.28,0.43,0.45,0.25,0.3,34864.4,-2595.7800000000007,-3.0183488372093032,0.3151162790697674,0.1744186046511628,0.21046511627906975,0.009189029497137482,0.1395,0.0775,0.531,1.7999999999999998,903.0,0.3,0.48953488372093024,-0.07445359736579435,40.54,0.7,1.7363535911602208,-3814.7,602,0.7
Burgers,26377,Classic Burgers Kitchen,Cafe,West Auckland,1.04,38.11,1642,349,13300.39,582,323,388,22180.02,12309.53,14786.68,0.234164984412491,0.381075059808791,0.3,13,3.84,1489.92,5117.46,1879.98,1043.36,4199.4,0.27,0.45,0.25,0.3,62576.62,12240.2,7.454445797807552,0.35444579780755175,0.1967113276492083,0.23629719853836784,0.02380953141924252,0.135,0.075,1.152,3.9,1707.68,0.2125456760048721,0.5511571254567601,0.19560340587267258,38.11,0.7,10.82319587628866,2923.34,1293,0.7874543239951279
Burgers,25287,Lucky Burgers Corner,QSR,South Auckland,1.05,47.23,526,98,4628.54,193,107,128,9115.39,5053.61,6045.44,0.211309203915298,0.36264536564704,0.31,5,1.48,189.44,1971.97,1057.8,586.45,2386.19,0.23,0.45,0.25,0.3,24842.98,6002.41,11.411425855513308,0.3669201520912547,0.20342205323193915,0.24334600760456274,0.007625494203996461,0.1395,0.0775,0.444,1.5,552.3000000000001,0.18631178707224336,0.5703422053231939,0.24161392876377955,47.23,0.7,18.642109375,1644.25,428,0.8136882129277566
Burgers,25368,Top Burgers Diner,QSR,South Auckland,1.05,38.55,1561,341,13145.55,549,305,366,21163.95,11757.75,14109.3,0.266912924479693,0.354677672032267,0.32,5,1.48,541.68,4974.4,1236.17,686.76,4797.41,0.28,0.45,0.25,0.3,60176.55,11694.74,7.4918257527226135,0.35169762972453555,0.19538757206918642,0.23446508648302367,0.00900151304785668,0.14400000000000002,0.08,0.444,1.5,1639.0500000000002,0.2184497117232543,0.5470852017937219,0.19434048645194846,38.550000000000004,0.7,13.107677595628415,1922.93,1220,0.7815502882767457
Burgers,25451,Classic Burgers Corner,Cafe,South Auckland,1.05,41.44,984,300,12432.0,308,171,205,12763.52,7086.24,8495.2,0.222411846090108,0.436329520796426,0.32,11,3.25,666.25,4242.53,271.33,150.64,2232.81,0.44,0.45,0.25,0.3,40776.96000000001,6897.3099999999995,7.0094613821138205,0.3130081300813008,0.173780487804878,0.20833333333333331,0.016338883526383526,0.14400000000000002,0.08,0.975,3.3,1033.2,0.30487804878048774,0.48678861788617883,0.16914723412436825,41.440000000000005,0.7,10.891756097560975,421.96999999999997,684,0.6951219512195121
Burgers,25048,King Burgers Tavern,Cafe,South Auckland,1.05,40.63,554,114,4631.82,198,110,132,8044.74,4469.3,5363.16,0.200429155789316,0.35453076865524,0.28,7,2.07,273.24,2061.35,1327.7,737.61,2113.58,0.26,0.45,0.25,0.3,22509.02,6240.24,11.263971119133574,0.3574007220216606,0.19855595667870035,0.23826714801444043,0.012139133556236567,0.12600000000000003,0.07,0.6209999999999999,2.1,581.7,0.20577617328519854,0.555956678700361,0.27723286042662004,40.63,0.7,16.011969696969697,2065.31,440,0.7942238267148014
Burgers,26503,Urban Burgers Diner,Cafe,CBD,0.99,36.75,1997,560,20580.0,647,359,431,23777.25,13193.25,15839.25,0.263923700116575,0.382818424794823,0.27,9,2.66,1146.46,7270.05,1979.64,1098.44,4448.88,0.39,0.45,0.25,0.3,73389.75,14797.010000000002,7.409619429143716,0.32398597896845266,0.17976965448172258,0.21582373560340512,0.015621527529389322,0.12150000000000001,0.0675,0.798,2.6999999999999997,1977.03,0.2804206309464196,0.5037556334501753,0.20162229739166576,36.75,0.7,10.322227378190256,3078.08,1437,0.7195793690535803
Burgers,25453,Lucky Burgers Bistro,QSR,CBD,0.99,40.73,1883,423,17228.79,657,365,438,26759.61,14866.45,17839.74,0.2507327029109,0.355853980407119,0.33,4,1.18,516.84,6778.04,1696.92,942.73,6501.55,0.29,0.45,0.25,0.3,76694.59000000001,15919.239999999998,8.454190122145512,0.3489113117365905,0.19383961763143917,0.23260754115772703,0.006738936866342202,0.14850000000000002,0.0825,0.354,1.2,1864.17,0.2246415294742432,0.5427509293680296,0.20756666148159858,40.730000000000004,0.7,14.843721461187215,2639.65,1460,0.7753584705257568
Burgers,26020,Classic Burgers Bistro,QSR,South Auckland,1.05,44.75,1737,301,13469.75,646,359,431,28908.5,16065.25,19287.25,0.272589227110147,0.380867166561075,0.3,6,1.77,762.87,4667.86,1345.51,747.73,5921.0,0.21,0.45,0.25,0.3,77730.75,12682.1,7.301151410477836,0.3719055843408175,0.206678180771445,0.24812895797351756,0.009814262695265388,0.135,0.075,0.531,1.7999999999999998,1823.8500000000001,0.1732872769142199,0.5785837651122625,0.16315422146319186,44.75,0.7,13.737819025522041,2093.24,1436,0.82671272308578
Burgers,25295,Lucky Burgers Kitchen,Full-service,West Auckland,1.04,43.59,1826,640,27897.6,534,296,356,23277.06,12902.64,15518.04,0.373207673185971,0.532346804463305,0.31,8,2.36,840.16,2634.8,-5017.47,-2781.22,625.45,0.54,0.45,0.25,0.3,79595.34,-4538.44,-2.4854545454545454,0.2924424972617744,0.16210295728368018,0.19496166484118294,0.0105553918106261,0.1395,0.0775,0.708,2.4,1899.04,0.35049288061336253,0.45454545454545453,-0.05701891593151056,43.589999999999996,0.7,1.7568820224719102,-7798.6900000000005,1186,0.6495071193866374
Burgers,26671,Classic Burgers Cafe,Full-service,West Auckland,1.04,42.22,1874,641,27063.02,555,308,370,23432.1,13003.76,15621.4,0.394817593600601,0.498372889729217,0.3,9,2.66,984.2,2890.59,-4526.86,-2512.2,684.31,0.52,0.45,0.25,0.3,79120.28,-3464.1599999999994,-1.8485378868729987,0.29615795090715047,0.16435432230522945,0.19743863393810032,0.012439288637502295,0.135,0.075,0.798,2.6999999999999997,1948.96,0.34204909284951973,0.46051227321238,-0.04378346487145899,42.22,0.7,1.8494864864864864,-7039.0599999999995,1233,0.6579509071504802
Burgers,26024,King Burgers Tavern,Cafe,North Shore,1.03,43.59,1346,363,15823.17,442,246,295,19266.78,10723.14,12859.05,0.245329592768103,0.43988708013203,0.29,14,4.13,1218.35,4980.87,477.49,265.76,2829.46,0.37,0.45,0.25,0.3,58672.14,8553.58,6.35481426448737,0.32838038632986627,0.1827637444279346,0.21916790490341753,0.020765392228747747,0.1305,0.0725,1.2389999999999999,4.2,1386.38,0.26968796433878156,0.5111441307578009,0.14578605791436958,43.589999999999996,0.7,9.591389830508474,743.25,983,0.7303120356612184
Burgers,26308,King Burgers Corner,QSR,North Shore,1.03,40.48,654,143,5788.64,230,128,153,9310.4,5181.44,6193.44,0.250099211297929,0.40528278448619,0.28,13,3.84,587.52,1994.87,601.62,334.81,1546.85,0.28,0.45,0.25,0.3,26473.92,4478.15,6.847324159021406,0.3516819571865443,0.19571865443425077,0.23394495412844038,0.02219240671574138,0.12600000000000003,0.07,1.152,3.9,673.62,0.21865443425076456,0.5474006116207951,0.16915326479795964,40.48,0.7,10.110130718954247,936.4300000000001,511,0.7813455657492355
Burgers,26269,King Burgers Bistro,QSR,West Auckland,1.04,46.32,1416,264,12228.48,518,288,346,23993.76,13340.16,16026.72,0.253642575778067,0.438303783792071,0.29,13,3.84,1328.64,3767.03,433.17,240.84,3608.45,0.23,0.45,0.25,0.3,65589.12,8049.49,5.684668079096045,0.365819209039548,0.2033898305084746,0.2443502824858757,0.020257018237171045,0.1305,0.0725,1.152,3.9,1472.64,0.1864406779661017,0.5692090395480226,0.12272599479913743,46.31999999999999,0.7,10.429046242774566,674.01,1152,0.8135593220338984
Burgers,25056,King Burgers Bistro,QSR,North Shore,1.03,42.74,1118,209,8932.66,409,227,273,17480.66,9701.98,11668.02,0.265899494551122,0.386587538965978,0.31,13,3.84,1048.32,3104.22,655.75,363.95,3006.47,0.23,0.45,0.25,0.3,47783.32000000001,7130.389999999999,6.377808586762074,0.3658318425760286,0.20304114490161,0.24418604651162787,0.021939036467118648,0.1395,0.0775,1.152,3.9,1151.54,0.18694096601073343,0.5688729874776386,0.14922341101455483,42.74000000000001,0.7,11.012710622710623,1019.7,909,0.8130590339892666
Burgers,25664,Classic Burgers Diner,Full-service,South Auckland,1.05,33.27,2067,547,18198.69,684,380,456,22756.68,12642.6,15171.12,0.371119313745294,0.5243249097839,0.3,6,1.77,807.12,1902.78,-4447.66,-2470.92,779.11,0.36,0.45,0.25,0.3,68769.09,-4236.6900000000005,-2.049680696661829,0.3309143686502177,0.18384131591678762,0.22060957910014517,0.011736668320025756,0.135,0.075,0.531,1.7999999999999998,2170.35,0.2646347363328495,0.5147556845670054,-0.06160747510254972,33.269999999999996,0.7,1.7085745614035088,-6918.58,1520,0.7353652636671505
Burgers,25098,Urban Burgers House,QSR,South Auckland,1.05,32.49,1402,271,8804.79,509,283,339,16537.41,9194.67,11014.11,0.266895290240645,0.420822645397857,0.32,12,3.54,1200.06,2749.58,-127.63,-70.96,2239.45,0.24,0.45,0.25,0.3,45550.98,4790.44,3.4168616262482168,0.36305278174037087,0.20185449358059912,0.24179743223965763,0.026345426596749398,0.14400000000000002,0.08,1.062,3.5999999999999996,1472.1000000000001,0.19329529243937232,0.5649072753209701,0.1051665628269688,32.49,0.7,6.606047197640118,-198.58999999999997,1131,0.8067047075606276
Burgers,26272,Classic Burgers House,Full-service,South Auckland,1.05,40.98,1981,694,28440.12,579,322,386,23727.42,13195.56,15818.28,0.352443372423295,0.465550076309592,0.29,14,4.13,1594.18,5176.29,-2562.41,-1425.03,1284.85,0.54,0.45,0.25,0.3,81181.37999999999,2473.7,1.2487127713276123,0.29227662796567394,0.16254416961130744,0.1948510853104493,0.019637261647929616,0.1305,0.0725,1.2389999999999999,4.2,2080.05,0.35032811711256945,0.45482079757698135,0.030471273092425876,40.98,0.7,3.328626943005181,-3987.4399999999996,1287,0.6496718828874306
Burgers,25952,Urban Burgers Diner,QSR,CBD,0.99,38.99,1361,236,9201.64,506,281,338,19728.94,10956.19,13178.62,0.220859476216137,0.38831839018967,0.31,13,3.84,1297.92,3596.2,1594.54,885.5,3852.58,0.21,0.45,0.25,0.3,53065.39,9928.82,7.295238795003674,0.37178545187362233,0.20646583394562823,0.24834680382072008,0.024458879883856505,0.1395,0.0775,1.152,3.9,1347.39,0.1734019103600294,0.5782512858192506,0.18710538073874516,38.99,0.7,11.398165680473372,2480.04,1125,0.8265980896399706
Burgers,26638,King Burgers Tavern,QSR,South Auckland,1.05,42.95,1770,342,14688.9,643,357,428,27616.85,15333.15,18382.6,0.249971202947199,0.427493211836554,0.32,13,3.84,1643.52,4737.69,70.02,38.88,4285.52,0.24,0.45,0.25,0.3,76021.5,9132.11,5.159384180790961,0.36327683615819206,0.20169491525423727,0.24180790960451976,0.02161914721493262,0.14400000000000002,0.08,1.152,3.9,1858.5,0.19322033898305085,0.5649717514124294,0.12012535927336346,42.95,0.7,10.012897196261683,108.9,1428,0.8067796610169492
Burgers,26678,Classic Burgers Eatery,Full-service,West Auckland,1.04,32.08,1076,296,9495.68,351,195,234,11260.08,6255.6,7506.72,0.398038577020634,0.502873965259641,0.29,14,4.13,966.42,940.9,-2149.69,-1194.27,-222.6,0.38,0.45,0.25,0.3,34518.08,-2625.66,-2.4402044609665428,0.3262081784386617,0.1812267657992565,0.2174721189591078,0.027997501599161943,0.1305,0.0725,1.2389999999999999,4.2,1119.04,0.275092936802974,0.5074349442379182,-0.07606622384559047,32.08,0.7,-0.9512820512820512,-3343.96,780,0.724907063197026
Burgers,25549,Classic Burgers Kitchen,Full-service,CBD,0.99,36.24,2259,792,28702.08,660,367,440,23918.4,13300.08,15945.6,0.395926966192201,0.537365405936725,0.3,6,1.77,778.8,1914.65,-5579.98,-3102.81,284.89,0.54,0.45,0.25,0.3,81866.16,-6483.249999999999,-2.869964586100044,0.2921646746347942,0.1624612660469234,0.19477644975652944,0.009513088191751022,0.135,0.075,0.531,1.7999999999999998,2236.41,0.350597609561753,0.4546259406817176,-0.07919328328090629,36.24,0.7,0.6474772727272727,-8682.789999999999,1467,0.649402390438247
Burgers,25711,Urban Burgers Bistro,Full-service,West Auckland,1.04,34.78,2294,754,26224.12,693,385,462,24102.54,13390.3,16068.36,0.361362559814006,0.486428520735353,0.28,5,1.48,683.76,3991.54,-3080.09,-1711.16,1761.99,0.49,0.45,0.25,0.3,79785.32,962.2799999999997,0.4194768962510897,0.30209241499564077,0.16782911944202264,0.20139494333042718,0.008569997588528817,0.12600000000000003,0.07,0.444,1.5,2385.76,0.3286835222319093,0.4699215344376634,0.012060865332118736,34.78,0.7,3.813831168831169,-4791.25,1540,0.6713164777680907
Burgers,25916,King Burgers Tavern,Ghost Kitchen,West Auckland,1.04,42.82,1305,85,3639.7,549,305,366,23508.18,13060.1,15672.12,0.266825651482213,0.231089033186436,0.33,15,4.43,1621.38,1827.44,4045.41,2247.45,6247.36,0.07,0.45,0.25,0.3,55880.100000000006,14367.66,11.009701149425288,0.42068965517241375,0.23371647509578541,0.2804597701149425,0.029015338197318902,0.14850000000000002,0.0825,1.329,4.5,1357.2,0.06513409961685823,0.6544061302681992,0.257115860565747,42.82000000000001,0.7,17.069289617486337,6292.86,1220,0.9348659003831418
Burgers,26280,Urban Burgers Cafe,Cafe,South Auckland,1.05,36.28,956,220,7981.6,331,184,221,12008.68,6675.52,8017.88,0.236116115953773,0.406607018969953,0.32,7,2.07,457.47,2851.64,447.65,248.84,2407.13,0.3,0.45,0.25,0.3,34683.68,5955.26,6.229351464435147,0.346234309623431,0.19246861924686193,0.23117154811715482,0.013189776863354754,0.14400000000000002,0.08,0.6209999999999999,2.1,1003.8000000000001,0.23012552301255232,0.5387029288702929,0.17170208005609555,36.28,0.7,10.891990950226244,696.49,736,0.7698744769874477
Burgers,25797,King Burgers Kitchen,QSR,North Shore,1.03,43.64,1482,324,14139.36,521,290,347,22736.44,12655.6,15143.08,0.245809584632516,0.388785904622637,0.27,4,1.18,409.46,5166.59,2169.16,1207.4,5123.89,0.28,0.45,0.25,0.3,64674.48,13667.04,9.222024291497977,0.3515519568151147,0.19568151147098514,0.2341430499325236,0.006331090717698851,0.12150000000000001,0.0675,0.354,1.2,1526.46,0.21862348178137653,0.5472334682860999,0.2113204466429417,43.64,0.7,14.766253602305476,3376.56,1158,0.7813765182186235
Burgers,25554,King Burgers Grill,Ghost Kitchen,CBD,0.99,38.48,888,25,962.0,388,216,259,14930.24,8311.68,9966.32,0.264472639421001,0.28690854946617,0.28,13,3.84,994.56,431.57,2517.52,1401.51,3476.52,0.03,0.45,0.25,0.3,34170.24,7827.120000000001,8.814324324324325,0.43693693693693697,0.24324324324324326,0.2916666666666667,0.029106029106029108,0.12600000000000003,0.07,1.152,3.9,879.12,0.028153153153153154,0.6801801801801801,0.22906248244086086,38.48,0.7,13.422857142857143,3919.0299999999997,863,0.9718468468468469
Burgers,25434,Urban Burgers Kitchen,Ghost Kitchen,North Shore,1.03,31.95,1561,74,2364.3,669,372,446,21374.55,11885.4,14249.7,0.296564737323206,0.310099168575834,0.32,5,1.48,660.08,929.96,1567.53,871.63,4944.84,0.05,0.45,0.25,0.3,49873.95,8313.96,5.326047405509288,0.4285714285714286,0.23830877642536835,0.28571428571428575,0.013234965347641405,0.14400000000000002,0.08,0.444,1.5,1607.8300000000002,0.04740550928891737,0.6668802049967969,0.16669944931171482,31.95,0.7,11.087085201793723,2439.16,1487,0.9525944907110826
Burgers,26284,King Burgers Bistro,Full-service,West Auckland,1.04,34.17,1860,636,21732.12,551,306,367,18827.67,10456.02,12540.39,0.351476474502124,0.466235793032683,0.31,11,3.25,1192.75,3961.5,-2404.52,-1335.36,1093.21,0.52,0.45,0.25,0.3,63556.2,1314.8300000000002,0.7068978494623657,0.2962365591397849,0.16451612903225807,0.19731182795698926,0.018766855161258856,0.1395,0.0775,0.975,3.3,1934.4,0.3419354838709677,0.460752688172043,0.02068767484525507,34.17,0.7,2.978773841961853,-3739.88,1224,0.6580645161290323
Burgers,26567,Lucky Burgers Corner,QSR,South Auckland,1.05,35.83,1452,317,11358.11,511,284,340,18309.13,10175.72,12182.2,0.224479051977396,0.441456094151363,0.3,11,3.25,1105.0,3794.35,623.7,346.63,2964.64,0.28,0.45,0.25,0.3,52025.16,7729.32,5.323223140495868,0.35192837465564736,0.1955922865013774,0.23415977961432508,0.021239723241600793,0.135,0.075,0.975,3.3,1524.6000000000001,0.21831955922865012,0.5475206611570247,0.148568884747303,35.830000000000005,0.7,8.719529411764706,970.33,1135,0.7816804407713499
Burgers,25841,Classic Burgers Grill,Ghost Kitchen,North Shore,1.03,43.79,1051,68,2977.72,442,246,295,19355.18,10772.34,12918.05,0.274847667873837,0.252528993401211,0.31,13,3.84,1132.8,1407.34,3147.6,1751.83,4972.57,0.07,0.45,0.25,0.3,46023.29000000001,11279.34,10.732007611798288,0.42055185537583245,0.23406279733587057,0.280685061845861,0.02461362497118306,0.1395,0.0775,1.152,3.9,1082.53,0.06470028544243576,0.654614652711703,0.24507895893579096,43.790000000000006,0.7,16.856169491525424,4899.43,983,0.9352997145575642
Burgers,25234,Lucky Burgers Tavern,QSR,South Auckland,1.05,32.29,935,192,6199.68,334,186,223,10784.86,6005.94,7200.67,0.276884880065918,0.446010593674146,0.32,9,2.66,593.18,1717.96,-462.62,-257.63,1402.16,0.26,0.45,0.25,0.3,30191.15,2399.8700000000003,2.5667058823529416,0.3572192513368984,0.19893048128342244,0.23850267379679144,0.019647479476601584,0.14400000000000002,0.08,0.798,2.6999999999999997,981.75,0.2053475935828877,0.5561497326203209,0.07948918805676498,32.29,0.7,6.2877130044843055,-720.25,743,0.7946524064171123
Burgers,26369,Classic Burgers Tavern,QSR,CBD,0.99,37.02,1109,249,9217.98,387,215,258,14326.74,7959.3,9551.16,0.239561068043113,0.365068233245984,0.29,7,2.07,534.06,3644.52,1509.62,838.68,3242.19,0.29,0.45,0.25,0.3,41055.18,9235.01,8.327330928764653,0.3489630297565374,0.19386834986474302,0.23264201983769162,0.013008346328039481,0.1305,0.0725,0.6209999999999999,2.1,1097.91,0.22452660054102794,0.5428313796212805,0.22494140812438285,37.02,0.7,12.566627906976745,2348.2999999999997,860,0.7754733994589721
Burgers,25157,Lucky Burgers Diner,Cafe,West Auckland,1.04,34.2,688,159,5437.8,238,132,159,8139.6,4514.4,5437.8,0.236957102157176,0.352045321743935,0.29,13,3.84,610.56,2234.92,984.87,546.23,1624.36,0.3,0.45,0.25,0.3,23529.600000000002,5390.38,7.834854651162791,0.34593023255813954,0.19186046511627905,0.2311046511627907,0.025948592411260706,0.1305,0.0725,1.152,3.9,715.52,0.2311046511627907,0.5377906976744186,0.2290893172854617,34.2,0.7,10.216100628930818,1531.1,529,0.7688953488372093
Burgers,25683,Top Burgers Tavern,Full-service,South Auckland,1.05,36.03,1564,541,19492.23,460,256,307,16573.8,9223.68,11061.21,0.350697084167041,0.538399680703878,0.32,18,5.31,1630.17,2161.75,-3465.53,-1928.64,-403.45,0.53,0.45,0.25,0.3,56350.92,-3635.87,-2.3247250639386188,0.29411764705882354,0.1636828644501279,0.19629156010230178,0.028928897700339233,0.14400000000000002,0.08,1.5929999999999997,5.3999999999999995,1642.2,0.3459079283887468,0.4578005115089514,-0.06452192794722783,36.03,0.7,-1.314169381107492,-5394.17,1023,0.6540920716112532
Burgers,26656,King Burgers Bistro,Cafe,West Auckland,1.04,36.03,1779,490,17654.7,580,322,387,20897.4,11601.66,13943.61,0.205670053847134,0.393928523105569,0.29,14,4.13,1598.31,7068.97,2307.1,1280.84,3984.73,0.38,0.45,0.25,0.3,64097.37000000001,14641.64,8.23026419336706,0.3260258572231591,0.1810005621135469,0.2175379426644182,0.02493565648637377,0.1305,0.0725,1.2389999999999999,4.2,1850.16,0.2754356379988757,0.507026419336706,0.22842809307152537,36.03000000000001,0.7,10.296459948320413,3587.9399999999996,1289,0.7245643620011242
Burgers,26171,Lucky Burgers Corner,Cafe,West Auckland,1.04,32.71,1073,228,7457.88,380,211,254,12429.8,6901.81,8308.34,0.252243951316923,0.388911581528373,0.31,11,3.25,825.5,2676.22,607.13,337.12,2155.9,0.27,0.45,0.25,0.3,35097.83,5776.37,5.383383038210624,0.3541472506989748,0.1966449207828518,0.23671947809878843,0.023519972602294784,0.1395,0.0775,0.975,3.3,1115.92,0.2124883504193849,0.5507921714818267,0.1645791207034737,32.71,0.7,8.487795275590551,944.25,845,0.7875116495806151
Burgers,25847,Urban Burgers Diner,Ghost Kitchen,CBD,0.99,34.17,817,60,2050.2,341,189,227,11651.97,6458.13,7756.59,0.286487936391495,0.282257170125376,0.29,11,3.25,737.75,884.16,1645.9,912.24,2607.32,0.08,0.45,0.25,0.3,27916.89,6049.620000000001,7.40467564259486,0.4173806609547123,0.2313341493268054,0.2778457772337821,0.026426654258407723,0.1305,0.0725,0.975,3.3,808.83,0.07343941248470012,0.6487148102815177,0.2167010723615704,34.17,0.7,11.485991189427313,2558.1400000000003,757,0.9265605875152999
Burgers,26253,Top Burgers Grill,Cafe,South Auckland,1.05,40.69,1604,424,17252.56,531,295,354,21606.39,12003.55,14404.26,0.202886239923537,0.41931969486177,0.28,17,5.02,1777.08,6517.91,2112.98,1173.88,3664.76,0.36,0.45,0.25,0.3,65266.76,13469.53,8.39746259351621,0.33104738154613467,0.1839152119700748,0.22069825436408977,0.02722794880579333,0.12600000000000003,0.07,1.5059999999999998,5.1,1684.2,0.26433915211970077,0.5149625935162095,0.20637656902227106,40.69,0.7,10.352429378531074,3286.86,1180,0.7356608478802993
Burgers,25689,Top Burgers Grill,Cafe,North Shore,1.03,33.55,583,127,4260.85,205,114,137,6877.75,3824.7,4596.35,0.278869404383004,0.401834239251912,0.27,12,3.54,484.98,1360.47,339.05,188.54,982.62,0.28,0.45,0.25,0.3,19559.65,2870.68,4.923979416809606,0.35162950257289877,0.19554030874785588,0.23499142367066894,0.02479492219952811,0.12150000000000001,0.0675,1.062,3.5999999999999996,600.49,0.21783876500857632,0.5471698113207547,0.1467654073564711,33.550000000000004,0.7,7.172408759124088,527.59,456,0.7821612349914236
Burgers,26175,Urban Burgers Eatery,QSR,South Auckland,1.05,35.36,1437,268,9476.48,526,292,351,18599.36,10325.12,12411.36,0.25149632409215,0.380554727022536,0.3,13,3.84,1347.84,3486.86,1263.81,701.58,3218.91,0.23,0.45,0.25,0.3,50812.32,8671.16,6.034210160055672,0.36604036186499656,0.20320111343075853,0.244258872651357,0.026525850423676778,0.135,0.075,1.152,3.9,1508.8500000000001,0.18649965205288796,0.5692414752957551,0.17065073982057893,35.36,0.7,9.17068376068376,1965.3899999999999,1169,0.813500347947112
Burgers,26296,Lucky Burgers Tavern,QSR,West Auckland,1.04,35.53,863,183,6501.99,306,170,204,10872.18,6040.1,7248.12,0.227525226604193,0.439100263384171,0.31,10,2.95,601.8,2167.6,254.13,141.18,1814.54,0.27,0.45,0.25,0.3,30662.389999999996,4377.45,5.072363847045191,0.35457705677867907,0.19698725376593282,0.2363847045191194,0.01962665010783569,0.1395,0.0775,0.885,3.0,897.52,0.21205098493626884,0.5515643105446119,0.14276284399226546,35.529999999999994,0.7,8.894803921568627,395.31,680,0.7879490150637312
Burgers,25205,Lucky Burgers Eatery,Cafe,CBD,0.99,34.14,558,111,3789.54,201,112,134,6862.14,3823.68,4574.76,0.235506526790559,0.417362198419869,0.28,13,3.84,514.56,1315.47,460.66,256.69,1073.48,0.25,0.45,0.25,0.3,19050.120000000003,3106.3,5.566845878136201,0.3602150537634408,0.20071684587813615,0.24014336917562723,0.027010853474938736,0.12600000000000003,0.07,1.152,3.9,552.42,0.19892473118279566,0.560931899641577,0.16305934030861746,34.14000000000001,0.7,8.011044776119403,717.35,447,0.8010752688172043
Burgers,26500,Top Burgers Corner,Cafe,South Auckland,1.05,34.63,645,174,6025.62,212,118,141,7341.56,4086.34,4882.83,0.261287534516305,0.379190825647674,0.3,16,4.72,665.52,2166.34,436.98,243.23,1089.96,0.37,0.45,0.25,0.3,22336.35,3936.51,6.103116279069768,0.3286821705426357,0.18294573643410855,0.2186046511627907,0.02979537838545689,0.135,0.075,1.416,4.8,677.25,0.26976744186046514,0.5116279069767443,0.17623783653103575,34.629999999999995,0.7,7.730212765957447,680.21,471,0.7302325581395349
Burgers,25733,Top Burgers Eatery,Full-service,North Shore,1.03,41.97,1988,588,24678.36,630,350,420,26441.1,14689.5,17627.4,0.372292826755438,0.542617245507427,0.27,9,2.66,1117.2,2099.88,-4889.23,-2716.24,382.71,0.42,0.45,0.25,0.3,83436.35999999999,-5122.879999999999,-2.576901408450704,0.31690140845070425,0.17605633802816906,0.21126760563380287,0.013389845865759246,0.12150000000000001,0.0675,0.798,2.6999999999999997,2047.64,0.295774647887324,0.4929577464788733,-0.06139865161903036,41.96999999999999,0.7,0.9112142857142856,-7605.469999999999,1400,0.704225352112676
Burgers,26058,King Burgers Bistro,QSR,North Shore,1.03,41.0,724,140,5740.0,263,146,175,10783.0,5986.0,7175.0,0.244181077126414,0.406234253034927,0.31,15,4.43,775.25,2006.62,426.84,236.95,1733.02,0.24,0.45,0.25,0.3,29684.0,4403.43,6.082085635359117,0.3632596685082873,0.20165745856353592,0.24171270718232044,0.0261167632394556,0.1395,0.0775,1.329,4.5,745.72,0.19337016574585636,0.5649171270718232,0.14834355208192967,41.0,0.7,9.902971428571428,663.79,584,0.8066298342541437
Burgers,25210,King Burgers House,QSR,CBD,0.99,44.41,1500,260,11546.6,558,310,372,24780.78,13767.1,16520.52,0.24405518066138,0.412344996677712,0.32,14,4.13,1536.36,3967.41,584.82,324.9,4140.09,0.21,0.45,0.25,0.3,66615.0,9017.22,6.01148,0.372,0.20666666666666667,0.248,0.023063274037378966,0.14400000000000002,0.08,1.2389999999999999,4.2,1485.0,0.17333333333333334,0.5786666666666667,0.1353632064850259,44.41,0.7,11.129274193548387,909.72,1240,0.8266666666666667
Burgers,26624,King Burgers House,Full-service,West Auckland,1.04,45.44,976,263,11950.72,321,178,214,14586.24,8088.32,9724.16,0.379812815610785,0.547967098210938,0.27,6,1.77,378.78,863.08,-2884.87,-1599.71,323.5,0.37,0.45,0.25,0.3,44349.44,-3298.0,-3.3790983606557377,0.3288934426229508,0.18237704918032785,0.2192622950819672,0.00854080682867698,0.12150000000000001,0.0675,0.531,1.7999999999999998,1015.0400000000001,0.2694672131147541,0.5112704918032787,-0.07436396040175479,45.440000000000005,0.7,1.5116822429906542,-4484.58,713,0.7305327868852459
Burgers,26666,Lucky Burgers Corner,Cafe,CBD,0.99,30.13,942,254,7653.02,310,172,206,9340.3,5182.36,6206.78,0.23328559845686,0.435655094264075,0.31,5,1.48,304.88,2533.6,196.7,109.14,1749.93,0.37,0.45,0.25,0.3,28382.46,4589.37,4.871942675159236,0.32908704883227174,0.18259023354564755,0.21868365180467092,0.01074184549189887,0.1395,0.0775,0.444,1.5,932.58,0.2696390658174098,0.5116772823779193,0.1616974004367486,30.13,0.7,8.494805825242718,305.84,688,0.7303609341825902
Burgers,26544,Lucky Burgers Cafe,Cafe,CBD,0.99,37.97,764,237,8998.89,237,132,158,8998.89,5012.04,5999.26,0.250163233075291,0.400088280905038,0.32,13,3.84,606.72,3147.35,267.7,149.1,1491.51,0.45,0.45,0.25,0.3,29009.08,5055.66,6.617356020942408,0.3102094240837696,0.17277486910994763,0.20680628272251309,0.02091483080469977,0.14400000000000002,0.08,1.152,3.9,756.36,0.3102094240837696,0.4829842931937173,0.17427853623761938,37.97,0.7,9.43993670886076,416.79999999999995,527,0.6897905759162304
Burgers,26467,Top Burgers Kitchen,Ghost Kitchen,CBD,0.99,35.27,654,31,1093.37,280,156,187,9875.6,5502.12,6595.49,0.29014265530277,0.31063922084868,0.27,11,3.25,607.75,436.49,1276.11,710.97,2025.29,0.05,0.45,0.25,0.3,23066.58,4448.86,6.802538226299694,0.42813455657492355,0.2385321100917431,0.2859327217125382,0.02634764234663309,0.12150000000000001,0.0675,0.975,3.3,647.46,0.0474006116207951,0.6666666666666666,0.1928703778366797,35.27,0.7,10.83042780748663,1987.08,623,0.9525993883792049
Burgers,26064,Lucky Burgers Grill,Cafe,North Shore,1.03,37.53,815,173,6492.69,289,160,193,10846.17,6004.8,7243.29,0.236922437045723,0.421518147201277,0.31,4,1.18,227.74,2217.64,342.3,189.51,2246.27,0.27,0.45,0.25,0.3,30586.95,4995.719999999999,6.129717791411042,0.35460122699386504,0.19631901840490798,0.23680981595092024,0.007445659014710522,0.1395,0.0775,0.354,1.2,839.45,0.21226993865030672,0.550920245398773,0.16332847832163713,37.53,0.7,11.638704663212435,531.81,642,0.7877300613496933
Burgers,25821,Lucky Burgers Kitchen,Full-service,CBD,0.99,43.95,1767,604,26545.8,523,291,349,22985.85,12789.45,15338.55,0.372618224634789,0.490142874442972,0.29,18,5.31,1853.19,3643.12,-3511.34,-1953.73,251.86,0.52,0.45,0.25,0.3,77659.65,-1570.0900000000001,-0.8885625353706849,0.29598189020939447,0.1646859083191851,0.1975099037917374,0.023862971311356673,0.1305,0.0725,1.5929999999999997,5.3999999999999995,1749.33,0.3418222976796831,0.4606677985285796,-0.020217577596602615,43.949999999999996,0.7,0.7216618911174786,-5465.07,1163,0.6581777023203169
Burgers,26550,Lucky Burgers House,Ghost Kitchen,South Auckland,1.05,36.91,1669,109,4023.19,702,390,468,25910.82,14394.9,17273.88,0.292186635581311,0.200301467615645,0.27,18,5.31,2485.08,2041.82,6154.13,3418.96,6281.62,0.07,0.45,0.25,0.3,61602.78999999999,17896.53,10.722905931695625,0.4206111443978431,0.2336728579988017,0.2804074295985621,0.040340380687303286,0.12150000000000001,0.0675,1.5929999999999997,5.3999999999999995,1752.45,0.0653085680047933,0.6542840023966447,0.2905149263531733,36.91,0.7,13.422264957264957,9573.09,1560,0.9346914319952067
Burgers,25461,Urban Burgers Bistro,Ghost Kitchen,CBD,0.99,43.34,1312,85,3683.9,552,307,368,23923.68,13305.38,15949.12,0.272898288373835,0.28623418204952,0.32,11,3.25,1196.0,1624.11,2891.6,1608.19,5835.45,0.07,0.45,0.25,0.3,56862.08,11959.349999999999,9.115358231707315,0.42073170731707316,0.23399390243902438,0.2804878048780488,0.02103334946593582,0.14400000000000002,0.08,0.975,3.3,1298.8799999999999,0.06478658536585366,0.6547256097560975,0.2103220634911702,43.34,0.7,15.857201086956522,4499.79,1227,0.9352134146341463
Burgers,26553,Top Burgers Eatery,Cafe,CBD,0.99,39.57,1278,287,11356.59,446,248,297,17648.22,9813.36,11752.29,0.229424154255539,0.43789301731158,0.33,6,1.77,525.69,3778.14,47.35,26.33,3384.1,0.29,0.45,0.25,0.3,50570.46,7235.92,5.661909233176839,0.34898278560250395,0.1940532081377152,0.23239436619718312,0.010395199094491133,0.14850000000000002,0.0825,0.531,1.7999999999999998,1265.22,0.2245696400625978,0.5430359937402192,0.143085904300653,39.57,0.7,11.394276094276094,73.68,991,0.7754303599374022
Burgers,26634,King Burgers Eatery,Full-service,North Shore,1.03,43.9,1343,397,17428.3,426,236,284,18701.4,10360.4,12467.6,0.376072446699254,0.475723231676966,0.28,3,0.89,252.76,2582.95,-2464.76,-1365.46,1594.99,0.42,0.45,0.25,0.3,58957.7,347.7199999999996,0.2589128816083392,0.3172002978406553,0.1757259865971705,0.2114668652271035,0.004287141459046062,0.12600000000000003,0.07,0.267,0.8999999999999999,1383.29,0.2956068503350707,0.4929262844378258,0.005897787735953058,43.9,0.7,5.616161971830986,-3830.2200000000003,946,0.7043931496649293
Burgers,26191,Urban Burgers Diner,QSR,CBD,0.99,30.26,1335,231,6990.06,497,276,331,15039.22,8351.76,10016.06,0.256929046288133,0.400165946595371,0.33,5,1.48,489.88,2396.93,194.08,107.78,2944.68,0.21,0.45,0.25,0.3,40397.1,5643.469999999999,4.227318352059925,0.37228464419475654,0.20674157303370788,0.24794007490636705,0.012126613048956484,0.14850000000000002,0.0825,0.444,1.5,1321.65,0.17303370786516856,0.5790262172284645,0.13969987944679196,30.259999999999998,0.7,8.89631419939577,301.86,1104,0.8269662921348314
Burgers,26030,King Burgers Grill,Cafe,West Auckland,1.04,44.95,1893,587,26385.65,588,326,392,26430.6,14653.7,17620.4,0.272363112736493,0.42031517776195,0.3,7,2.07,811.44,8108.88,193.52,107.29,4603.69,0.45,0.45,0.25,0.3,85090.35,13013.380000000001,6.8744743792921295,0.3106180665610142,0.1722134178552562,0.20707871104067618,0.009536216503986644,0.135,0.075,0.6209999999999999,2.1,1968.72,0.31008980454305335,0.4828314844162705,0.15293602623564248,44.95,0.7,11.744107142857143,300.81,1306,0.6899101954569467
Burgers,25709,Urban Burgers House,QSR,West Auckland,1.04,34.47,1194,261,8996.67,420,233,280,14477.4,8031.51,9651.6,0.264220881983638,0.392079221224412,0.29,13,3.84,1075.2,3092.15,777.43,431.29,2242.05,0.28,0.45,0.25,0.3,41157.18,6542.92,5.479832495812396,0.3517587939698492,0.19514237855946398,0.23450586264656617,0.026124238832689703,0.1305,0.0725,1.152,3.9,1241.76,0.2185929648241206,0.5469011725293133,0.15897396274477504,34.47,0.7,8.00732142857143,1208.72,933,0.7814070351758794
Burgers,25629,Urban Burgers Eatery,Cafe,North Shore,1.03,31.54,1028,272,8578.88,340,189,227,10723.6,5961.06,7159.58,0.237896356582642,0.370157764805481,0.32,17,5.02,1139.54,3362.46,771.52,428.87,1666.63,0.36,0.45,0.25,0.3,32423.120000000003,6229.48,6.059805447470817,0.33073929961089493,0.183852140077821,0.22081712062256809,0.035145908228449325,0.14400000000000002,0.08,1.5059999999999998,5.1,1058.84,0.2645914396887159,0.5145914396887159,0.19213080049051415,31.540000000000003,0.7,7.341982378854626,1200.3899999999999,756,0.7354085603112841
Burgers,26113,Classic Burgers Tavern,Cafe,South Auckland,1.05,38.68,1118,295,11410.6,370,206,247,14311.6,7968.08,9553.96,0.247202175743878,0.357885528006591,0.28,14,4.13,1020.11,4506.19,1644.58,915.63,2752.87,0.36,0.45,0.25,0.3,43244.24,9819.27,8.78288908765653,0.33094812164579607,0.18425760286225404,0.22093023255813954,0.023589500012024724,0.12600000000000003,0.07,1.2389999999999999,4.2,1173.9,0.2638640429338104,0.5152057245080501,0.22706538489287825,38.68,0.7,11.145222672064778,2560.21,823,0.7361359570661896
Burgers,25548,King Burgers Eatery,Full-service,CBD,0.99,42.37,1039,275,11651.75,344,191,229,14575.28,8092.67,9702.73,0.398462304950226,0.525687976041809,0.3,14,4.13,945.77,883.78,-3267.05,-1813.97,-209.82,0.36,0.45,0.25,0.3,44022.42999999999,-4407.06,-4.241636188642926,0.331087584215592,0.1838306063522618,0.22040423484119348,0.021483820861320016,0.135,0.075,1.2389999999999999,4.2,1028.61,0.26467757459095287,0.5149181905678538,-0.10010942149263458,42.36999999999999,0.7,-0.9162445414847161,-5081.02,764,0.7353224254090471
Burgers,26562,Top Burgers House,QSR,South Auckland,1.05,40.77,530,95,3873.15,196,109,130,7990.92,4443.93,5300.1,0.271988562624902,0.414969183690846,0.32,7,2.07,269.1,1212.46,-55.6,-30.92,1390.06,0.22,0.45,0.25,0.3,21608.1,2516.0,4.747169811320755,0.369811320754717,0.2056603773584906,0.24528301886792456,0.012453663209629724,0.14400000000000002,0.08,0.6209999999999999,2.1,556.5,0.17924528301886794,0.5754716981132076,0.11643781729999399,40.769999999999996,0.7,10.69276923076923,-86.52000000000001,435,0.8207547169811321
Burgers,26682,King Burgers House,Cafe,CBD,0.99,37.19,1487,393,14615.67,492,274,328,18297.48,10190.06,12198.32,0.26696758216247,0.434124010475352,0.3,15,4.43,1453.04,4368.75,-19.97,-11.12,2193.14,0.36,0.45,0.25,0.3,55301.53,6530.799999999999,4.391930060524546,0.3308675184936113,0.1842636180228648,0.22057834566240753,0.026274860749783958,0.135,0.075,1.329,4.5,1472.1299999999999,0.26429051782111634,0.5151311365164761,0.1180943818371752,37.19,0.7,6.6864024390243895,-31.089999999999996,1094,0.7357094821788837
Burgers,25835,Top Burgers House,Full-service,West Auckland,1.04,32.7,1247,336,10987.2,410,228,273,13407.0,7455.6,8927.1,0.392805652704556,0.510969362407923,0.29,16,4.72,1288.56,1057.24,-2597.94,-1444.71,-429.55,0.37,0.45,0.25,0.3,40776.9,-3414.96,-2.738540497193264,0.3287890938251804,0.18283881315156375,0.21892542101042503,0.03160024425593902,0.1305,0.0725,1.416,4.8,1296.88,0.2694466720128308,0.5116279069767441,-0.08374741581630776,32.7,0.7,-1.5734432234432234,-4042.65,911,0.7305533279871692
Burgers,25472,Urban Burgers Eatery,Full-service,West Auckland,1.04,41.22,1904,667,27493.74,557,309,371,22959.54,12736.98,15292.62,0.399503626895603,0.522762945154682,0.31,15,4.43,1643.53,2137.18,-5332.73,-2958.37,-454.78,0.54,0.45,0.25,0.3,78482.87999999999,-6608.7,-3.470955882352941,0.29254201680672276,0.16228991596638656,0.19485294117647062,0.0209412549590433,0.1395,0.0775,1.329,4.5,1980.16,0.35031512605042026,0.45483193277310935,-0.08420562548163371,41.21999999999999,0.7,-1.225822102425876,-8291.099999999999,1237,0.6496848739495799
Burgers,26565,King Burgers Cafe,Cafe,West Auckland,1.04,36.36,892,250,9090.0,289,160,193,10508.04,5817.6,7017.48,0.201447498872876,0.406881635729223,0.31,12,3.54,683.22,3560.29,858.2,475.13,2065.32,0.39,0.45,0.25,0.3,32433.12,6958.9400000000005,7.801502242152467,0.3239910313901346,0.17937219730941706,0.2163677130044843,0.021065503411327683,0.1395,0.0775,1.062,3.5999999999999996,927.6800000000001,0.28026905829596416,0.5033632286995516,0.21456276793598644,36.36,0.7,10.701139896373057,1333.33,642,0.7197309417040358
Burgers,25353,King Burgers Grill,Cafe,CBD,0.99,36.75,616,169,6210.75,201,112,134,7386.75,4116.0,4924.5,0.203970046825707,0.40808353566099,0.32,9,2.66,356.44,2409.44,501.9,279.67,1554.0,0.38,0.45,0.25,0.3,22638.0,4745.01,7.702938311688312,0.3262987012987013,0.18181818181818182,0.21753246753246752,0.015745207173778603,0.14400000000000002,0.08,0.798,2.6999999999999997,609.84,0.27435064935064934,0.5081168831168831,0.20960376358335542,36.75,0.7,11.597014925373134,781.5699999999999,447,0.7256493506493507
Burgers,25515,King Burgers House,Full-service,South Auckland,1.05,43.36,2194,731,31696.16,658,366,439,28530.88,15869.76,19035.04,0.369602838286664,0.490447119437158,0.31,3,0.89,390.71,4435.88,-4851.67,-2698.65,2273.24,0.5,0.45,0.25,0.3,95131.84,-841.2000000000003,-0.38340929808568835,0.2999088422971741,0.16681859617137648,0.2000911577028259,0.004107037139195457,0.1395,0.0775,0.267,0.8999999999999999,2303.7000000000003,0.33318140382862355,0.4667274384685506,-0.008842465361754806,43.36,0.7,5.178223234624145,-7550.32,1463,0.6668185961713765
Burgers,26121,Top Burgers Cafe,QSR,North Shore,1.03,39.09,1033,186,7270.74,381,212,254,14893.29,8287.08,9928.86,0.203553366139531,0.365151353762485,0.31,9,2.66,675.64,3135.84,1806.49,1005.18,3606.63,0.22,0.45,0.25,0.3,40379.97,9554.14,9.248925459825749,0.3688286544046467,0.2052274927395934,0.24588576960309777,0.01673205799806191,0.1395,0.0775,0.798,2.6999999999999997,1063.99,0.18005808325266215,0.5740561471442401,0.23660592120301227,39.09,0.7,14.199330708661417,2811.67,847,0.8199419167473379
Burgers,26042,Urban Burgers Tavern,Full-service,South Auckland,1.05,31.66,604,169,5350.54,196,109,130,6205.36,3450.94,4115.8,0.387936294206884,0.465761834406294,0.29,4,1.18,153.4,782.79,-891.7,-495.89,448.75,0.39,0.45,0.25,0.3,19122.64,-156.05000000000007,-0.258360927152318,0.32450331125827814,0.1804635761589404,0.21523178807947022,0.008021904925261366,0.1305,0.0725,0.354,1.2,634.2,0.27980132450331124,0.5049668874172185,-0.00816048411725578,31.66,0.7,3.451923076923077,-1387.5900000000001,435,0.7201986754966887
Burgers,26531,Classic Burgers Grill,Full-service,North Shore,1.03,33.65,2229,781,26280.65,652,362,434,21939.8,12181.3,14604.1,0.364005263929721,0.480285178474151,0.31,4,1.18,512.12,4092.15,-3385.1,-1879.46,1761.88,0.54,0.45,0.25,0.3,75005.85,589.4700000000003,0.2644549125168238,0.2925078510542844,0.1624046657694033,0.19470614625392552,0.0068277341034066,0.1395,0.0775,0.354,1.2,2295.87,0.3503813369223867,0.4549125168236877,0.00785898699901408,33.650000000000006,0.7,4.0596313364055305,-5264.5599999999995,1448,0.6496186630776133
Burgers,26046,King Burgers Eatery,QSR,West Auckland,1.04,36.88,1752,372,13719.36,621,345,414,22902.48,12723.6,15268.32,0.214621344208717,0.352614082256332,0.32,13,3.84,1589.76,5937.25,2582.59,1434.77,5017.83,0.27,0.45,0.25,0.3,64613.759999999995,14972.44,8.545913242009133,0.3544520547945206,0.1969178082191781,0.23630136986301373,0.024604047187472142,0.14400000000000002,0.08,1.152,3.9,1822.0800000000002,0.2123287671232877,0.5513698630136987,0.23172215949048627,36.879999999999995,0.7,12.120362318840579,4017.36,1380,0.7876712328767124
Burgers,25480,Urban Burgers Eatery,Full-service,CBD,0.99,31.8,917,280,8904.0,287,159,191,9126.6,5056.2,6073.8,0.352518945711199,0.532947250339203,0.29,15,4.43,846.13,1019.81,-1601.41,-887.19,-150.47,0.44,0.45,0.25,0.3,29160.6,-1619.2600000000002,-1.7658233369683753,0.31297709923664124,0.17339149400218104,0.20828789531079608,0.029016206799585744,0.1305,0.0725,1.329,4.5,907.83,0.3053435114503817,0.48636859323882226,-0.0555290357537225,31.799999999999997,0.7,-0.7878010471204189,-2488.6000000000004,637,0.6946564885496184
Burgers,25239,Top Burgers House,QSR,South Auckland,1.05,37.51,1410,263,9865.13,516,287,344,19355.16,10765.37,12903.44,0.203787863515317,0.391328164888546,0.33,10,2.95,1014.8,3994.23,1449.39,806.15,4209.6,0.23,0.45,0.25,0.3,52889.100000000006,10459.369999999999,7.417992907801418,0.3659574468085106,0.20354609929078013,0.24397163120567375,0.01918731836994768,0.14850000000000002,0.0825,0.885,3.0,1480.5,0.18652482269503542,0.5695035460992907,0.19776040809921133,37.510000000000005,0.7,12.237209302325583,2255.54,1147,0.8134751773049645
Burgers,25846,Classic Burgers Tavern,QSR,South Auckland,1.05,47.16,1190,274,12921.84,412,229,275,19429.92,10799.64,12969.0,0.212298370189965,0.353666315111332,0.28,6,1.77,486.75,5608.53,2992.89,1663.53,5142.25,0.3,0.45,0.25,0.3,56120.399999999994,15407.2,12.947226890756303,0.346218487394958,0.19243697478991598,0.23109243697478993,0.008673316654906239,0.12600000000000003,0.07,0.531,1.7999999999999998,1249.5,0.23025210084033615,0.5386554621848739,0.27453831405335677,47.16,0.7,18.69909090909091,4656.42,916,0.7697478991596639
Burgers,26615,Lucky Burgers Kitchen,Ghost Kitchen,North Shore,1.03,42.6,1391,66,2811.6,596,331,398,25389.6,14100.6,16954.8,0.253053117392119,0.244501442066394,0.3,3,0.89,354.22,1412.68,5140.01,2854.6,8164.64,0.05,0.45,0.25,0.3,59256.59999999999,17571.93,12.632588066139467,0.4284687275341481,0.23795830337886417,0.2861250898634077,0.005977730750667438,0.135,0.075,0.267,0.8999999999999999,1432.73,0.04744787922358017,0.6664270309130123,0.29653962596571526,42.599999999999994,0.7,20.514170854271356,7994.610000000001,1325,0.9525521207764198
Burgers,25121,Top Burgers Eatery,Full-service,South Auckland,1.05,32.36,2057,533,17247.88,686,381,457,22198.96,12329.16,14788.52,0.380920616758522,0.516802579420619,0.32,15,4.43,2024.51,1764.06,-4833.23,-2684.34,-511.99,0.35,0.45,0.25,0.3,66564.52,-6265.5,-3.045940690325717,0.33349538162372383,0.18522119591638306,0.22216820612542537,0.030414250714945436,0.14400000000000002,0.08,1.329,4.5,2159.85,0.25911521633446766,0.5187165775401068,-0.09412672096185776,32.36,0.7,-1.120328227571116,-7517.57,1524,0.7408847836655323
Burgers,25242,Urban Burgers Grill,Full-service,South Auckland,1.05,40.49,1561,506,20487.94,475,264,316,19232.75,10689.36,12794.84,0.390296198741999,0.518385925423354,0.29,13,3.84,1213.44,1870.92,-3821.2,-2123.78,-45.04,0.48,0.45,0.25,0.3,63204.89,-4119.1,-2.6387572069186422,0.3042921204356182,0.16912235746316465,0.20243433696348495,0.019198514545314453,0.1305,0.0725,1.152,3.9,1639.0500000000002,0.3241511851377322,0.4734144778987828,-0.06517059044007513,40.49,0.7,-0.14253164556962025,-5944.98,1055,0.6758488148622678
Burgers,26496,King Burgers Tavern,Full-service,North Shore,1.03,42.42,1473,464,19682.88,454,252,303,19258.68,10689.84,12853.26,0.384389365266543,0.455317755485885,0.28,11,3.25,984.75,3155.03,-2305.4,-1279.65,1075.54,0.46,0.45,0.25,0.3,62484.659999999996,645.52,0.438234894772573,0.308214528173795,0.17107942973523424,0.20570264765784116,0.015759868102026963,0.12600000000000003,0.07,0.975,3.3,1517.19,0.3150033944331297,0.47929395790902923,0.010330855605199741,42.419999999999995,0.7,3.5496369636963694,-3585.05,1009,0.6849966055668704
Burgers,25972,Top Burgers Diner,QSR,West Auckland,1.04,36.51,1190,245,8944.95,425,236,284,15516.75,8616.36,10368.84,0.243372947108001,0.403086853749119,0.31,5,1.48,420.32,3162.4,675.6,375.16,3245.48,0.26,0.45,0.25,0.3,43446.899999999994,7458.639999999999,6.267764705882352,0.3571428571428572,0.19831932773109248,0.238655462184874,0.009674338100071582,0.1395,0.0775,0.444,1.5,1237.6000000000001,0.20588235294117652,0.5554621848739497,0.17167254740844573,36.51,0.7,11.427746478873239,1050.76,945,0.7941176470588235
Burgers,26094,Classic Burgers House,QSR,South Auckland,1.05,35.24,1109,249,8774.76,387,215,258,13637.88,7576.6,9091.92,0.272624118216336,0.376150059769861,0.27,14,4.13,1065.54,3081.92,1107.75,615.42,2127.78,0.29,0.45,0.25,0.3,39081.159999999996,6932.870000000001,6.2514607754734,0.3489630297565374,0.19386834986474305,0.23264201983769164,0.02726479971423571,0.12150000000000001,0.0675,1.2389999999999999,4.2,1164.45,0.224526600541028,0.5428313796212805,0.1773967302915267,35.239999999999995,0.7,8.247209302325583,1723.17,860,0.7754733994589721
Burgers,26579,Top Burgers House,QSR,CBD,0.99,37.09,1279,213,7900.17,480,266,320,17803.2,9865.94,11868.8,0.269427785519511,0.447769112372771,0.3,18,5.31,1699.2,2234.19,-306.16,-169.66,1657.33,0.2,0.45,0.25,0.3,47438.11,3415.7,2.6706020328381546,0.3752931978107897,0.20797498045347929,0.2501954652071931,0.035819302244545576,0.135,0.075,1.5929999999999997,5.3999999999999995,1266.21,0.16653635652853793,0.5832681782642689,0.07200329018167038,37.09,0.7,5.17915625,-475.82000000000005,1066,0.8334636434714621
Burgers,26499,King Burgers Bistro,Full-service,North Shore,1.03,43.77,1362,360,15757.2,451,250,301,19740.27,10942.5,13174.77,0.398786766186822,0.541071644704789,0.29,5,1.48,445.48,947.66,-4537.47,-2515.23,346.87,0.36,0.45,0.25,0.3,59614.740000000005,-5758.170000000001,-4.2277312775330405,0.33113069016152713,0.18355359765051393,0.2209985315712188,0.007472648542961019,0.1305,0.0725,0.444,1.5,1402.8600000000001,0.2643171806167401,0.5146842878120411,-0.09658970247962166,43.77,0.7,1.1523920265780732,-7052.700000000001,1002,0.73568281938326
Burgers,26421,Classic Burgers Kitchen,Full-service,South Auckland,1.05,44.6,782,211,9410.6,257,143,171,11462.2,6377.8,7626.6,0.357330623781309,0.453170109260827,0.32,16,4.72,807.12,1783.3,-1495.83,-832.31,638.12,0.37,0.45,0.25,0.3,34877.200000000004,93.28000000000009,0.1192838874680308,0.32864450127877237,0.18286445012787722,0.2186700767263427,0.023141765967451513,0.14400000000000002,0.08,1.416,4.8,821.1,0.26982097186700765,0.5115089514066495,0.0026745266248437397,44.60000000000001,0.7,3.7316959064327486,-2328.14,571,0.7301790281329923
Burgers,26584,Urban Burgers Corner,QSR,CBD,0.99,34.04,1848,404,13752.16,650,361,433,22126.0,12288.44,14739.32,0.237446340378374,0.429754122323357,0.3,12,3.54,1532.82,4576.71,725.72,403.06,3372.42,0.28,0.45,0.25,0.3,62905.920000000006,9077.91,4.912288961038961,0.3517316017316017,0.19534632034632032,0.23430735930735927,0.02436686404077708,0.135,0.075,1.062,3.5999999999999996,1829.52,0.2186147186147186,0.547077922077922,0.14430931142887662,34.040000000000006,0.7,7.788498845265589,1128.78,1444,0.7813852813852814
Burgers,25816,King Burgers Bistro,QSR,South Auckland,1.05,42.63,1180,258,10998.54,415,230,277,17691.45,9804.9,11808.51,0.221569500248879,0.433779739751481,0.31,6,1.77,490.29,3790.66,613.02,339.75,3579.52,0.28,0.45,0.25,0.3,50303.4,8322.95,7.053347457627119,0.3516949152542373,0.19491525423728812,0.2347457627118644,0.009746657283603096,0.1395,0.0775,0.531,1.7999999999999998,1239.0,0.2186440677966102,0.5466101694915254,0.1654550189450415,42.63,0.7,12.92245487364621,952.77,922,0.7813559322033898
Burgers,25937,King Burgers Bistro,Cafe,CBD,0.99,37.94,1145,290,11002.6,385,214,256,14606.9,8119.16,9712.64,0.219882669001818,0.408589818095788,0.28,16,4.72,1208.32,4087.77,1336.93,743.13,2400.19,0.34,0.45,0.25,0.3,43441.3,8568.02,7.482986899563319,0.3362445414847161,0.18689956331877727,0.22358078602620085,0.027815005536206326,0.12600000000000003,0.07,1.416,4.8,1133.55,0.25327510917030566,0.5231441048034934,0.1972321270311892,37.940000000000005,0.7,9.3757421875,2080.06,855,0.7467248908296943
Burgers,26299,King Burgers Eatery,Full-service,South Auckland,1.05,43.03,1673,469,20181.07,542,301,361,23322.26,12952.03,15533.83,0.392292053031269,0.496667760517448,0.28,10,2.95,1064.95,2240.91,-3940.52,-2188.37,659.93,0.39,0.45,0.25,0.3,71989.19,-3228.05,-1.929497907949791,0.3239689181111775,0.1799163179916318,0.21578003586371786,0.01479319325582077,0.12600000000000003,0.07,0.885,3.0,1756.65,0.2803347280334728,0.5038852361028093,-0.04484076011967908,43.03,0.7,1.8280609418282547,-6128.889999999999,1204,0.7196652719665272
Burgers,26022,Lucky Burgers House,Full-service,CBD,0.99,32.09,708,245,7862.05,208,116,139,6674.72,3722.44,4460.51,0.364883194654249,0.470524621219374,0.33,13,3.84,533.76,1294.03,-1104.05,-615.72,200.41,0.53,0.45,0.25,0.3,22719.72,-225.33,-0.3182627118644068,0.2937853107344633,0.1638418079096045,0.1963276836158192,0.02349324727593474,0.14850000000000002,0.0825,1.152,3.9,700.92,0.346045197740113,0.45762711864406774,-0.009917815888576091,32.09,0.7,1.441798561151079,-1719.77,463,0.653954802259887
Burgers,25537,Lucky Burgers Bistro,Cafe,West Auckland,1.04,33.6,2023,478,16060.8,695,386,464,23352.0,12969.6,15590.4,0.237761562708765,0.352279457473196,0.29,8,2.36,1095.04,6584.27,2801.28,1555.82,5296.38,0.31,0.45,0.25,0.3,67972.8,16237.75,8.026569451309935,0.34354918437963416,0.1908057340583292,0.22936233316856153,0.016109973401125154,0.1305,0.0725,0.708,2.4,2103.92,0.23628274839347502,0.5343549184379633,0.23888599557470047,33.6,0.7,11.414612068965518,4357.1,1545,0.7637172516065249
Burgers,26386,Lucky Burgers Grill,QSR,CBD,0.99,40.93,531,122,4993.46,184,102,123,7531.12,4174.86,5034.39,0.207575804181397,0.392601751745678,0.28,9,2.66,327.18,1996.5,902.4,500.24,1685.68,0.3,0.45,0.25,0.3,21733.829999999998,5084.820000000001,9.575932203389831,0.3465160075329567,0.192090395480226,0.23163841807909608,0.015053950454199744,0.12600000000000003,0.07,0.798,2.6999999999999997,525.6899999999999,0.2297551789077213,0.5386064030131827,0.23395876382579606,40.93,0.7,13.704715447154472,1402.6399999999999,409,0.7702448210922788
Burgers,26349,King Burgers House,Cafe,South Auckland,1.05,43.51,1561,469,20406.19,491,273,328,21363.41,11878.23,14271.28,0.2221803567186,0.381613180157728,0.32,9,2.66,872.48,8085.06,1628.03,905.2,4781.89,0.43,0.45,0.25,0.3,67919.11,15400.18,9.865586162716207,0.3145419602818706,0.17488789237668162,0.21012171684817427,0.01284586915229013,0.14400000000000002,0.08,0.798,2.6999999999999997,1639.0500000000002,0.3004484304932735,0.4894298526585522,0.22674295938212383,43.51,0.7,14.57893292682927,2533.23,1092,0.6995515695067265
Burgers,26592,Top Burgers Tavern,Ghost Kitchen,West Auckland,1.04,40.65,998,65,2642.25,420,233,280,17073.0,9471.45,11382.0,0.254982054687571,0.301066610391717,0.28,15,4.43,1240.4,1173.03,2799.14,1552.86,3812.65,0.07,0.45,0.25,0.3,40568.7,9337.68,9.356392785571142,0.4208416833667335,0.2334669338677355,0.280561122244489,0.030575295732917254,0.12600000000000003,0.07,1.329,4.5,1037.92,0.0651302605210421,0.654308617234469,0.23016956422069232,40.65,0.7,13.616607142857143,4352.0,933,0.9348697394789579
Burgers,26633,Classic Burgers Eatery,Cafe,CBD,0.99,30.63,1593,338,10352.94,565,314,376,17305.95,9617.82,11516.88,0.22019971722737,0.41634623715654,0.29,5,1.48,556.48,3762.82,1271.19,706.47,3629.38,0.27,0.45,0.25,0.3,48793.59,9369.86,5.881895794099185,0.35467671060891404,0.19711236660389203,0.23603264281230382,0.011404776733993134,0.1305,0.0725,0.444,1.5,1577.07,0.21217827997489017,0.5517890772128061,0.1920305515540054,30.63,0.7,9.652606382978723,1977.66,1255,0.7878217200251099
Burgers,26309,Top Burgers Cafe,Full-service,West Auckland,1.04,46.76,1053,295,13794.2,341,190,227,15945.16,8884.4,10614.52,0.359175120096188,0.452749521797523,0.29,4,1.18,267.86,2594.35,-1625.2,-905.54,1728.47,0.39,0.45,0.25,0.3,49238.28,1792.08,1.7018803418803419,0.3238366571699905,0.18043684710351376,0.21557454890788225,0.005440076298359732,0.1305,0.0725,0.354,1.2,1095.1200000000001,0.2801519468186135,0.5042735042735043,0.03639607232421604,46.76,0.7,7.6144052863436125,-2530.74,758,0.7198480531813866
Burgers,25018,Lucky Burgers House,QSR,West Auckland,1.04,31.81,1329,282,8970.42,471,262,314,14982.51,8334.22,9988.34,0.269880897123367,0.375582011579536,0.32,18,5.31,1667.34,3180.35,517.45,287.84,1873.9,0.27,0.45,0.25,0.3,42275.490000000005,5859.540000000001,4.408984198645599,0.35440180586907444,0.1971407072987208,0.23626787057938298,0.0394398740262975,0.14400000000000002,0.08,1.5929999999999997,5.3999999999999995,1382.16,0.21218961625282165,0.5515425131677952,0.13860371577005967,31.810000000000002,0.7,5.967834394904459,805.29,1047,0.7878103837471784
Burgers,25462,Classic Burgers Grill,Cafe,West Auckland,1.04,42.89,1191,267,11451.63,416,231,277,17842.24,9907.59,11880.53,0.265862619709224,0.3540653136326,0.3,6,1.77,490.29,4352.44,1428.67,793.32,4025.17,0.29,0.45,0.25,0.3,51081.990000000005,10599.599999999999,8.899748110831233,0.3492863140218304,0.19395465994962216,0.2325776658270361,0.009598099056046954,0.135,0.075,0.531,1.7999999999999998,1238.64,0.2241813602015113,0.5432409739714525,0.20750170461252582,42.89000000000001,0.7,14.53129963898917,2221.9900000000002,924,0.7758186397984886
Burgers,25748,King Burgers House,QSR,CBD,0.99,34.92,895,161,5622.12,330,184,220,11523.6,6425.28,7682.4,0.20463999202475,0.432947133923881,0.33,12,3.54,778.8,2037.53,373.51,208.26,2005.4,0.22,0.45,0.25,0.3,31253.4,4624.700000000001,5.167262569832403,0.3687150837988827,0.20558659217877093,0.24581005586592178,0.02491888882489585,0.14850000000000002,0.0825,1.062,3.5999999999999996,886.05,0.17988826815642456,0.5743016759776537,0.14797430039611692,34.92,0.7,9.115454545454545,581.77,734,0.8201117318435754
Burgers,25586,Classic Burgers Corner,QSR,West Auckland,1.04,32.07,874,196,6285.72,305,170,203,9781.35,5451.9,6510.21,0.271731525175273,0.447104084421881,0.31,7,2.07,420.21,1767.32,-282.05,-157.21,1410.23,0.29,0.45,0.25,0.3,28029.18,2738.29,3.1330549199084667,0.3489702517162471,0.19450800915331806,0.2322654462242563,0.014991876323174634,0.1395,0.0775,0.6209999999999999,2.1,908.96,0.2242562929061785,0.5434782608695652,0.09769426005327306,32.07,0.7,6.946945812807882,-439.26,678,0.7757437070938215
Burgers,25668,Lucky Burgers Bistro,QSR,CBD,0.99,42.18,644,124,5230.32,234,130,156,9870.12,5483.4,6580.08,0.271654561050236,0.408055930281989,0.33,3,0.89,138.84,1675.22,-95.84,-53.25,1968.69,0.24,0.45,0.25,0.3,27163.92,3494.82,5.4267391304347825,0.3633540372670808,0.20186335403726707,0.2422360248447205,0.005111191610047446,0.14850000000000002,0.0825,0.267,0.8999999999999999,637.56,0.19254658385093168,0.5652173913043479,0.1286566887253386,42.18,0.7,12.619807692307692,-149.09,520,0.8074534161490683
Burgers,26127,King Burgers Cafe,Ghost Kitchen,North Shore,1.03,45.5,1161,65,2957.5,493,274,329,22431.5,12467.0,14969.5,0.285928341536783,0.293624113139231,0.31,4,1.18,388.22,1243.47,2477.5,1376.95,5905.67,0.06,0.45,0.25,0.3,52825.5,11003.59,9.477683031869079,0.42463393626184326,0.2360034453057709,0.2833763996554694,0.007349102232823163,0.1395,0.0775,0.354,1.2,1195.83,0.05598621877691645,0.6606373815676141,0.2083007259751446,45.5,0.7,17.950364741641337,3854.45,1096,0.9440137812230835
Burgers,26277,Classic Burgers House,Full-service,West Auckland,1.04,42.43,1989,547,23209.21,649,360,433,27537.07,15274.8,18372.19,0.363928655453492,0.478824666119181,0.31,17,5.02,2173.66,3649.57,-4206.38,-2333.28,715.31,0.38,0.45,0.25,0.3,84393.27,-2174.78,-1.0934037204625442,0.3262946204122675,0.18099547511312217,0.21769733534439414,0.02575631919464668,0.1395,0.0775,1.5059999999999998,5.1,2068.56,0.27501256913021616,0.5072900955253896,-0.025769590395063494,42.43,0.7,1.6519861431870668,-6539.66,1442,0.7249874308697838
Burgers,26359,Classic Burgers Corner,QSR,South Auckland,1.05,46.28,1946,389,18002.92,701,389,467,32442.28,18002.92,21612.76,0.2069785749726,0.418698744033463,0.27,18,5.31,2479.77,6738.9,3384.47,1878.11,5610.38,0.25,0.45,0.25,0.3,90060.87999999999,17611.86,9.050287769784173,0.3602261048304214,0.1998972250770812,0.23997944501541624,0.027534374525321096,0.12150000000000001,0.0675,1.5929999999999997,5.3999999999999995,2043.3000000000002,0.1998972250770812,0.5601233299075026,0.19555505120536246,46.279999999999994,0.7,12.013661670235546,5262.58,1557,0.8001027749229188
Burgers,26279,King Burgers Diner,QSR,West Auckland,1.04,32.93,561,101,3325.93,207,115,138,6816.51,3786.95,4544.34,0.240024389028549,0.398121363692917,0.29,15,4.43,611.34,1203.5,489.8,272.11,1033.05,0.22,0.45,0.25,0.3,18473.73,2998.46,5.344848484848485,0.36898395721925137,0.20499108734402852,0.24598930481283424,0.033092396608589605,0.1305,0.0725,1.329,4.5,583.44,0.1800356506238859,0.5739750445632799,0.16230939826445445,32.93,0.7,7.485869565217391,761.9100000000001,460,0.8199643493761141
Burgers,25673,Lucky Burgers Diner,QSR,West Auckland,1.04,43.08,1157,253,10899.24,407,226,271,17533.56,9736.08,11674.68,0.258244108911604,0.422158598154783,0.3,16,4.72,1279.12,3483.37,343.61,190.8,2452.08,0.28,0.45,0.25,0.3,49843.560000000005,6469.860000000001,5.591927398444253,0.35177182368193605,0.19533275713050993,0.23422644770959375,0.02566269343522011,0.135,0.075,1.416,4.8,1203.28,0.21866897147796022,0.547104580812446,0.12980332865469482,43.080000000000005,0.7,9.048265682656826,534.4100000000001,904,0.7813310285220397
Burgers,25028,Urban Burgers Kitchen,Cafe,CBD,0.99,35.61,1933,522,18588.42,635,353,423,22612.35,12570.33,15063.03,0.225109694935381,0.364110324322246,0.31,6,1.77,748.71,7635.75,2278.87,1266.84,5438.88,0.37,0.45,0.25,0.3,68834.13,16620.34,8.59821003621314,0.3285049146404552,0.18261769270563888,0.21883083290222452,0.010877016968181337,0.1395,0.0775,0.531,1.7999999999999998,1913.67,0.2700465597516813,0.5111226073460942,0.2414549294078388,35.61,0.7,12.857872340425532,3545.71,1411,0.7299534402483187
Burgers,26120,Urban Burgers Kitchen,Cafe,South Auckland,1.05,42.66,956,220,9385.2,331,184,221,14120.46,7849.44,9427.86,0.210449503902346,0.3555563315982,0.28,12,3.54,782.34,4073.12,2174.47,1208.77,3309.3,0.3,0.45,0.25,0.3,40782.96,10765.66,11.261150627615063,0.34623430962343094,0.19246861924686193,0.23117154811715482,0.019183011728427755,0.12600000000000003,0.07,1.062,3.5999999999999996,1003.8000000000001,0.23012552301255232,0.5387029288702928,0.26397446384470374,42.66,0.7,14.97420814479638,3383.24,736,0.7698744769874477
Burgers,25798,Top Burgers Tavern,QSR,West Auckland,1.04,46.45,1520,332,15421.4,535,297,356,24850.75,13795.65,16536.2,0.273251890223473,0.420943902456202,0.27,7,2.07,736.92,4715.93,889.76,493.94,4319.92,0.28,0.45,0.25,0.3,70604.0,10419.55,6.854967105263158,0.3519736842105263,0.19539473684210526,0.23421052631578948,0.01043736898759277,0.12150000000000001,0.0675,0.6209999999999999,2.1,1580.8,0.21842105263157893,0.5473684210526316,0.14757733272902385,46.45,0.7,12.134606741573034,1383.7,1188,0.781578947368421
Burgers,26404,Top Burgers Eatery,Cafe,West Auckland,1.04,45.98,1403,386,17748.28,458,254,305,21058.84,11678.92,14023.9,0.21447697095573,0.351445858273655,0.33,15,4.43,1351.15,7704.12,2191.74,1215.51,4736.3,0.38,0.45,0.25,0.3,64509.939999999995,15847.670000000002,11.295559515324307,0.3264433357091946,0.18104062722736994,0.2173913043478261,0.020944834237948448,0.14850000000000002,0.0825,1.329,4.5,1459.1200000000001,0.2751247327156094,0.5074839629365646,0.24566245139896276,45.98,0.7,15.528852459016393,3407.25,1017,0.7248752672843906
Burgers,25354,Classic Burgers Diner,QSR,CBD,0.99,36.87,1558,301,11097.87,566,314,377,20868.42,11577.18,13899.99,0.238315882049501,0.421141669014469,0.28,4,1.18,444.86,3779.3,1263.43,700.91,4288.68,0.24,0.45,0.25,0.3,57443.46,10032.32,6.439229781771502,0.36328626444159173,0.20154043645699615,0.24197689345314505,0.007744310666523222,0.12600000000000003,0.07,0.354,1.2,1542.42,0.19319640564826704,0.5648267008985879,0.1746468614529835,36.87,0.7,11.37580901856764,1964.3400000000001,1257,0.806803594351733
Burgers,25437,King Burgers Corner,QSR,CBD,0.99,43.71,1707,307,13418.97,630,350,420,27537.3,15298.5,18358.2,0.211043594963849,0.405638395482674,0.31,11,3.25,1365.0,5143.73,2018.98,1121.66,5672.03,0.22,0.45,0.25,0.3,74612.97,13956.399999999998,8.175981253661393,0.36906854130052724,0.2050380785002929,0.2460456942003515,0.018294406455070748,0.1395,0.0775,0.975,3.3,1689.93,0.17984768599882833,0.5741066198008202,0.18705058919380904,43.71,0.7,13.504833333333332,3140.6400000000003,1400,0.8201523140011716
Burgers,25681,Top Burgers Grill,Full-service,North Shore,1.03,37.76,1299,450,16992.0,382,212,255,14424.32,8005.12,9628.8,0.39625162628945,0.498289342387579,0.31,18,5.31,1354.05,1791.96,-2950.36,-1637.37,-338.61,0.53,0.45,0.25,0.3,49050.240000000005,-3134.38,-2.4129176289453427,0.294072363356428,0.1632024634334103,0.1963048498845265,0.027605369515011545,0.1395,0.0775,1.5929999999999997,5.3999999999999995,1337.97,0.34642032332563505,0.4572748267898383,-0.0639014202580864,37.760000000000005,0.7,-1.3278823529411765,-4587.73,849,0.6535796766743649
Burgers,25642,Classic Burgers Kitchen,Full-service,North Shore,1.03,40.81,1393,425,17344.25,436,242,290,17793.16,9876.02,11834.9,0.397319778020028,0.511895335954614,0.28,4,1.18,342.2,1574.6,-3366.73,-1868.69,732.23,0.44,0.45,0.25,0.3,56848.33000000001,-2928.59,-2.102361809045226,0.31299353912419237,0.17372577171572146,0.20818377602297197,0.006019525991352779,0.12600000000000003,0.07,0.354,1.2,1434.79,0.30509691313711407,0.48671931083991377,-0.051515849278246165,40.81000000000001,0.7,2.5249310344827585,-5235.42,968,0.6949030868628858
Burgers,25871,Urban Burgers Cafe,QSR,West Auckland,1.04,33.42,1350,287,9591.54,478,266,319,15974.76,8889.72,10660.98,0.200827288627625,0.383602184802294,0.29,18,5.31,1693.89,3985.96,2005.96,1116.29,2736.5,0.27,0.45,0.25,0.3,45117.0,9844.71,7.292377777777777,0.3540740740740741,0.197037037037037,0.23629629629629628,0.0375443846000399,0.1305,0.0725,1.5929999999999997,5.3999999999999995,1404.0,0.2125925925925926,0.5511111111111111,0.21820400292572642,33.42,0.7,8.578369905956112,3122.25,1063,0.7874074074074074
Burgers,26170,King Burgers House,Ghost Kitchen,West Auckland,1.04,41.0,889,25,1025.0,389,216,259,15949.0,8856.0,10619.0,0.288388713414315,0.263804073026404,0.28,11,3.25,841.75,459.0,2676.36,1486.1,3913.51,0.03,0.45,0.25,0.3,36449.0,8534.970000000001,9.60064116985377,0.437570303712036,0.24296962879640044,0.29133858267716534,0.02309391204148262,0.12600000000000003,0.07,0.975,3.3,924.5600000000001,0.0281214848143982,0.6805399325084365,0.23416197975253097,41.0,0.7,15.11007722007722,4162.46,864,0.9718785151856018
Burgers,26534,Lucky Burgers House,Cafe,West Auckland,1.04,44.79,2103,590,26426.1,681,378,454,30501.99,16930.62,20334.66,0.245683661978692,0.435131373698823,0.28,8,2.36,1071.44,8434.81,1195.22,663.43,5419.08,0.39,0.45,0.25,0.3,94193.37,15712.539999999999,7.471488349976224,0.3238231098430813,0.1797432239657632,0.21588207322872088,0.011374898254516217,0.12600000000000003,0.07,0.708,2.4,2187.12,0.2805515929624346,0.5035663338088445,0.16681152824238055,44.79,0.7,11.936299559471365,1858.65,1513,0.7194484070375654
Burgers,25968,Lucky Burgers House,QSR,North Shore,1.03,37.17,1605,300,11151.0,587,326,392,21818.79,12117.42,14570.64,0.214260496068746,0.439951508818194,0.29,13,3.84,1505.28,3855.88,1217.23,676.01,3533.07,0.23,0.45,0.25,0.3,59657.85,9282.19,5.783295950155764,0.36573208722741435,0.2031152647975078,0.2442367601246106,0.025231884823204324,0.1305,0.0725,1.152,3.9,1653.15,0.18691588785046728,0.5688473520249221,0.15559042104266246,37.17,0.7,9.012933673469389,1893.24,1305,0.8130841121495327
Burgers,25566,Top Burgers Cafe,Full-service,CBD,0.99,38.56,1376,452,17429.12,416,231,277,16040.96,8907.36,10681.12,0.393109111045487,0.475082363607362,0.3,7,2.07,573.39,2297.31,-2697.95,-1498.14,834.47,0.49,0.45,0.25,0.3,53058.560000000005,-1064.31,-0.7734811046511627,0.3023255813953488,0.16787790697674418,0.20130813953488372,0.010806738818392355,0.135,0.075,0.6209999999999999,2.1,1362.24,0.32848837209302323,0.47020348837209297,-0.02005915727829779,38.56,0.7,3.0125270758122746,-4196.09,924,0.6715116279069767
Burgers,26294,Urban Burgers Kitchen,Full-service,North Shore,1.03,45.38,715,215,9756.7,225,125,150,10210.5,5672.5,6807.0,0.383049290336203,0.547464358899742,0.3,13,3.84,576.0,677.96,-2353.66,-1307.59,-103.01,0.43,0.45,0.25,0.3,32446.7,-3086.3,-4.316503496503497,0.3146853146853147,0.17482517482517482,0.2097902097902098,0.01775219051552238,0.135,0.075,1.152,3.9,736.45,0.30069930069930073,0.4895104895104895,-0.09511907220148737,45.38,0.7,-0.6867333333333334,-3661.25,500,0.6993006993006993
Burgers,25567,King Burgers Eatery,Cafe,CBD,0.99,35.08,1379,421,14768.68,431,240,287,15119.48,8419.2,10067.96,0.23693563869223,0.428326791757718,0.29,12,3.54,1015.98,4943.63,676.41,376.65,2354.14,0.44,0.45,0.25,0.3,48375.32,8350.83,6.055714285714286,0.31254532269760693,0.17403915881073242,0.2081218274111675,0.021002031614467873,0.1305,0.0725,1.062,3.5999999999999996,1365.21,0.30529369108049315,0.4865844815083394,0.17262583482651897,35.08,0.7,8.202578397212543,1053.06,958,0.6947063089195069
Burgers,25082,Classic Burgers House,Full-service,CBD,0.99,38.58,765,222,8564.76,244,136,163,9413.52,5246.88,6288.54,0.362746075843461,0.526983709377237,0.28,7,2.07,337.41,944.44,-1597.75,-890.55,356.03,0.41,0.45,0.25,0.3,29513.7,-1187.83,-1.552718954248366,0.3189542483660131,0.17777777777777778,0.2130718954248366,0.011432317872716738,0.12600000000000003,0.07,0.6209999999999999,2.1,757.35,0.2901960784313726,0.49673202614379086,-0.040246732873208034,38.58,0.7,2.1842331288343555,-2488.3,543,0.7098039215686275
Burgers,25823,Classic Burgers Bistro,Cafe,North Shore,1.03,40.69,1268,277,11271.13,446,248,297,18147.74,10091.12,12084.93,0.242359750363976,0.383713378338143,0.32,18,5.31,1577.07,4214.58,978.65,544.18,2941.81,0.28,0.45,0.25,0.3,51594.920000000006,8679.22,6.84481072555205,0.35173501577287064,0.19558359621451105,0.23422712933753942,0.03056638134141888,0.14400000000000002,0.08,1.5929999999999997,5.3999999999999995,1306.04,0.21845425867507884,0.5473186119873816,0.1682184990305247,40.690000000000005,0.7,9.905084175084175,1522.83,991,0.7815457413249212
Burgers,25784,Classic Burgers Diner,Full-service,South Auckland,1.05,37.54,2076,719,26991.26,611,339,407,22936.94,12726.06,15278.78,0.366015142819379,0.522909006266855,0.27,9,2.66,1082.62,2998.08,-3645.23,-2022.48,614.48,0.53,0.45,0.25,0.3,77933.04,-2055.15,-0.9899566473988439,0.2943159922928709,0.1632947976878613,0.19605009633911372,0.01389166905333091,0.12150000000000001,0.0675,0.798,2.6999999999999997,2179.8,0.34633911368015413,0.45761078998073224,-0.026370715167790198,37.54,0.7,1.5097788697788699,-5667.71,1357,0.6536608863198459
Burgers,25490,King Burgers Eatery,Full-service,North Shore,1.03,37.97,883,290,11011.3,267,148,178,10137.99,5619.56,6758.66,0.351409105490893,0.466645761206746,0.28,3,0.89,158.42,2003.45,-994.08,-551.03,1071.29,0.49,0.45,0.25,0.3,33527.51,1529.63,1.7323103057757645,0.30237825594563983,0.16761041902604756,0.2015855039637599,0.004725075020483179,0.12600000000000003,0.07,0.267,0.8999999999999999,909.49,0.3284258210645526,0.4699886749716874,0.04562313157165564,37.97,0.7,6.018483146067416,-1545.1100000000001,593,0.6715741789354474
Burgers,26139,Classic Burgers Bistro,Cafe,North Shore,1.03,32.11,955,231,7417.41,326,181,217,10467.86,5811.91,6967.87,0.236294738762081,0.421600317815319,0.29,13,3.84,833.28,2537.53,545.43,302.83,1550.46,0.32,0.45,0.25,0.3,30665.05,4936.25,5.1688481675392675,0.34136125654450267,0.18952879581151832,0.22722513089005236,0.027173606434687046,0.1305,0.0725,1.152,3.9,983.65,0.2418848167539267,0.5308900523560209,0.1609731599981086,32.11,0.7,7.144976958525346,848.26,724,0.7581151832460733
Burgers,25223,Urban Burgers Tavern,Full-service,West Auckland,1.04,35.32,2056,608,21474.56,652,362,434,23028.64,12785.84,15328.88,0.391515179618727,0.49037529330235,0.31,12,3.54,1536.36,2536.35,-4418.98,-2453.48,274.13,0.42,0.45,0.25,0.3,72617.92,-4061.9799999999996,-1.9756712062256807,0.31712062256809337,0.17607003891050585,0.21108949416342412,0.02115676130630015,0.1395,0.0775,1.062,3.5999999999999996,2138.2400000000002,0.29571984435797666,0.4931906614785992,-0.05593633086709175,35.32,0.7,0.6316359447004608,-6872.459999999999,1448,0.7042801556420234
Burgers,26652,Classic Burgers Corner,Full-service,West Auckland,1.04,42.52,1375,464,19729.28,410,228,273,17433.2,9694.56,11607.96,0.390601998078637,0.541005216841586,0.3,11,3.25,887.25,1349.34,-4037.65,-2245.33,-93.35,0.51,0.45,0.25,0.3,58464.99999999999,-5026.990000000001,-3.6559927272727277,0.2981818181818182,0.16581818181818184,0.19854545454545455,0.015175746172923974,0.135,0.075,0.975,3.3,1430.0,0.33745454545454545,0.4640000000000001,-0.0859828957495938,42.519999999999996,0.7,-0.34194139194139195,-6282.98,911,0.6625454545454545
Burgers,26410,Classic Burgers Tavern,Ghost Kitchen,West Auckland,1.04,37.99,1169,76,2887.24,492,273,328,18691.08,10371.27,12460.72,0.276286291971337,0.261323866236489,0.31,6,1.77,580.56,1335.03,2848.33,1580.48,5181.15,0.07,0.45,0.25,0.3,44410.31,10944.99,9.362694610778442,0.4208725406330197,0.23353293413173654,0.2805816937553465,0.01307264011442388,0.1395,0.0775,0.531,1.7999999999999998,1215.76,0.06501283147989735,0.6544054747647563,0.2464515559562633,37.989999999999995,0.7,15.796189024390243,4428.8099999999995,1093,0.9349871685201027
Burgers,26154,Urban Burgers Bistro,Ghost Kitchen,West Auckland,1.04,42.2,1484,84,3544.8,630,350,420,26586.0,14770.0,17724.0,0.259973188582808,0.297896988014691,0.31,12,3.54,1486.8,1567.26,3512.8,1951.56,6349.51,0.06,0.45,0.25,0.3,62624.8,13381.130000000001,9.016933962264151,0.4245283018867924,0.23584905660377356,0.2830188679245283,0.02374139318608602,0.1395,0.0775,1.062,3.5999999999999996,1543.3600000000001,0.05660377358490566,0.660377358490566,0.21367142090673344,42.2,0.7,15.117880952380952,5464.360000000001,1400,0.9433962264150944
Burgers,25942,Lucky Burgers Eatery,Cafe,West Auckland,1.04,36.32,996,252,9152.64,335,186,223,12167.2,6755.52,8099.36,0.249211878646165,0.408902552304789,0.3,8,2.36,526.28,3129.16,509.63,282.96,2242.77,0.34,0.45,0.25,0.3,36174.72,6164.52,6.1892771084337355,0.33634538152610444,0.18674698795180725,0.22389558232931725,0.01454828123064947,0.135,0.075,0.708,2.4,1035.8400000000001,0.25301204819277107,0.5230923694779117,0.17040961201634733,36.32,0.7,10.05726457399103,792.5899999999999,744,0.7469879518072289
Burgers,25670,Urban Burgers Cafe,QSR,CBD,0.99,44.05,1528,343,15109.15,533,296,356,23478.65,13038.8,15681.8,0.221027760151774,0.370199644449167,0.31,17,5.02,1787.12,6176.21,2319.05,1287.88,4623.17,0.29,0.45,0.25,0.3,67308.40000000001,14406.31,9.42821335078534,0.3488219895287958,0.19371727748691095,0.23298429319371725,0.02655121797576528,0.1395,0.0775,1.5059999999999998,5.1,1512.72,0.22447643979057588,0.5425392670157066,0.21403435529592144,44.050000000000004,0.7,12.986432584269663,3606.9300000000003,1185,0.775523560209424
Burgers,26186,Lucky Burgers Cafe,QSR,South Auckland,1.05,42.65,1925,372,15865.8,699,388,466,29812.35,16548.2,19874.9,0.255556126032025,0.417250605043955,0.3,17,5.02,2339.32,5191.18,810.7,450.0,4163.61,0.24,0.45,0.25,0.3,82101.25,10615.49,5.51454025974026,0.3631168831168831,0.20155844155844158,0.2420779220779221,0.028493110640824593,0.135,0.075,1.5059999999999998,5.1,2021.25,0.19324675324675325,0.5646753246753247,0.1292975441908619,42.65,0.7,8.934785407725322,1260.7,1553,0.8067532467532468
Burgers,26268,Lucky Burgers Grill,Ghost Kitchen,South Auckland,1.05,38.79,714,34,1318.86,306,170,204,11869.74,6594.3,7913.16,0.271578203991521,0.283060144330375,0.32,9,2.66,542.64,587.37,1488.01,826.67,2981.58,0.05,0.45,0.25,0.3,27696.06,5883.63,8.240378151260504,0.42857142857142855,0.23809523809523808,0.2857142857142857,0.01959267852539314,0.14400000000000002,0.08,0.798,2.6999999999999997,749.7,0.047619047619047616,0.6666666666666666,0.21243563163857962,38.79,0.7,14.615588235294117,2314.68,680,0.9523809523809523
Burgers,25581,King Burgers Corner,Ghost Kitchen,North Shore,1.03,42.52,1607,132,5612.64,664,369,442,28233.28,15689.88,18793.84,0.29714243307244,0.282183994189836,0.32,15,4.43,1958.06,2361.09,2842.35,1579.56,5948.01,0.09,0.45,0.25,0.3,68329.64,12731.01,7.922221530802738,0.4131922837585563,0.2296204107031736,0.2750466708151836,0.028656085411835917,0.14400000000000002,0.08,1.329,4.5,1655.21,0.0821406347230865,0.6428126944617298,0.18631753365011144,42.52,0.7,13.457036199095024,4421.91,1475,0.9178593652769135
Burgers,26323,Lucky Burgers House,Ghost Kitchen,West Auckland,1.04,31.54,1391,103,3248.62,580,322,386,18293.2,10155.88,12174.44,0.290860171930399,0.261603491066489,0.31,8,2.36,910.96,1453.88,2515.98,1396.8,4537.54,0.08,0.45,0.25,0.3,43872.14,9904.2,7.120201294033071,0.41696621135873474,0.23148813803019408,0.2774982027318476,0.02076397458614966,0.1395,0.0775,0.708,2.4,1446.64,0.07404744787922359,0.6484543493889289,0.22575146778798574,31.54,0.7,11.755284974093264,3912.7799999999997,1288,0.9259525521207764
Burgers,26686,Lucky Burgers Tavern,QSR,North Shore,1.03,44.43,728,159,7064.37,256,142,171,11374.08,6309.06,7597.53,0.221037969999015,0.427857678942382,0.29,16,4.72,807.12,2480.33,695.01,385.51,1860.41,0.28,0.45,0.25,0.3,32345.04,5421.26,7.446785714285714,0.3516483516483516,0.19505494505494506,0.2348901098901099,0.024953439538179578,0.1305,0.0725,1.416,4.8,749.84,0.2184065934065934,0.5467032967032966,0.1676071508954696,44.43,0.7,10.879590643274854,1080.52,569,0.7815934065934066
Burgers,26595,Urban Burgers Grill,Cafe,South Auckland,1.05,45.98,1698,361,16598.78,602,334,401,27679.96,15357.32,18437.98,0.222722591944039,0.435949814785272,0.27,10,2.95,1182.95,5665.62,1974.34,1095.4,5110.44,0.27,0.45,0.25,0.3,78074.04,13845.8,8.154181389870436,0.3545347467608952,0.1967020023557126,0.23616018845700826,0.015151643235062514,0.12150000000000001,0.0675,0.885,3.0,1782.9,0.212603062426384,0.5512367491166078,0.17734191800501165,45.98,0.7,12.744239401496259,3069.74,1337,0.7873969375736161
Burgers,26151,Urban Burgers Corner,Ghost Kitchen,CBD,0.99,35.21,753,62,2183.02,311,173,207,10950.31,6091.33,7288.47,0.28740864819847,0.272643319063354,0.32,17,5.02,1039.14,960.42,1313.47,730.64,2167.41,0.09,0.45,0.25,0.3,26513.13,5171.94,6.868446215139442,0.4130146082337317,0.2297476759628154,0.2749003984063745,0.03919341096279466,0.14400000000000002,0.08,1.5059999999999998,5.1,745.47,0.08233731739707835,0.6427622841965471,0.19507089506218236,35.21,0.7,10.470579710144927,2044.1100000000001,691,0.9176626826029216
Burgers,25598,Top Burgers Diner,Cafe,North Shore,1.03,40.75,2131,651,26528.25,666,370,444,27139.5,15077.5,18093.0,0.233744969405234,0.377851140359417,0.29,5,1.48,657.12,10303.68,2670.63,1483.68,6370.27,0.44,0.45,0.25,0.3,86838.25,20828.260000000002,9.773937118723605,0.31252932895354296,0.17362740497419052,0.20835288596902862,0.007567172300224844,0.1305,0.0725,0.444,1.5,2194.93,0.3054903801032379,0.48615673392773345,0.23985121763738906,40.75,0.7,14.347454954954957,4154.31,1480,0.6945096198967621
Burgers,26043,King Burgers Diner,Cafe,North Shore,1.03,38.27,831,166,6352.82,299,166,200,11442.73,6352.82,7654.0,0.254668769221753,0.361227567493916,0.33,10,2.95,590.0,2440.14,619.09,343.71,2349.93,0.25,0.45,0.25,0.3,31802.37,5752.87,6.922827918170879,0.35980746089049337,0.19975932611311673,0.24067388688327318,0.018552076464741465,0.14850000000000002,0.0825,0.885,3.0,855.9300000000001,0.19975932611311673,0.5595667870036101,0.1808943798842665,38.269999999999996,0.7,11.749649999999999,962.8,665,0.8002406738868832
Burgers,25237,Top Burgers Bistro,QSR,West Auckland,1.04,37.33,1566,303,11310.99,568,316,379,21203.44,11796.28,14148.07,0.202581359725446,0.375410876353271,0.33,14,4.13,1565.27,4773.33,1950.88,1085.35,4405.33,0.24,0.45,0.25,0.3,58458.78,12214.89,7.800057471264368,0.3627075351213282,0.2017879948914432,0.24201787994891444,0.02677561864958523,0.14850000000000002,0.0825,1.2389999999999999,4.2,1628.64,0.19348659003831417,0.5644955300127714,0.2089487669773471,37.33,0.7,11.623562005277044,3036.23,1263,0.8065134099616859
Burgers,26208,Urban Burgers Corner,QSR,North Shore,1.03,37.13,831,171,6349.23,297,165,198,11027.61,6126.45,7351.74,0.222673980481923,0.409076229901984,0.28,17,5.02,993.96,2338.1,973.18,540.66,1713.32,0.26,0.45,0.25,0.3,30855.03,5565.259999999999,6.6970637785800236,0.3574007220216607,0.19855595667870035,0.23826714801444043,0.03221387242209779,0.12600000000000003,0.07,1.5059999999999998,5.1,855.9300000000001,0.20577617328519854,0.555956678700361,0.18036799834581266,37.129999999999995,0.7,8.653131313131313,1513.84,660,0.7942238267148014
Burgers,25672,Lucky Burgers Bistro,Cafe,West Auckland,1.04,39.53,1862,559,22097.27,586,326,391,23164.58,12886.78,15456.23,0.253144157938659,0.376590094668791,0.31,12,3.54,1384.14,8181.86,1396.03,776.63,4338.77,0.43,0.45,0.25,0.3,73604.86,14693.289999999999,7.891133190118152,0.3147153598281418,0.17508055853920515,0.2099892588614393,0.0188050082562483,0.1395,0.0775,1.062,3.5999999999999996,1936.48,0.30021482277121375,0.4897959183673469,0.19962391070372254,39.53,0.7,11.096598465473146,2172.66,1303,0.6997851772287863
Burgers,25563,Urban Burgers Tavern,Full-service,West Auckland,1.04,39.26,1524,395,15507.7,508,282,339,19944.08,11071.32,13309.14,0.35291955138091,0.463440340547822,0.29,18,5.31,1800.09,2847.84,-2121.25,-1177.54,644.0,0.35,0.45,0.25,0.3,59832.24,193.05000000000018,0.1266732283464568,0.33333333333333337,0.18503937007874016,0.22244094488188976,0.030085619391819526,0.1305,0.0725,1.5929999999999997,5.3999999999999995,1584.96,0.25918635170603677,0.5183727034120735,0.003226521353704962,39.26,0.7,1.8997050147492625,-3298.79,1129,0.7408136482939632
Burgers,25550,Top Burgers Corner,Cafe,West Auckland,1.04,38.65,1887,529,20445.85,611,340,407,23615.15,13141.0,15730.55,0.269452202897519,0.356036591390148,0.32,16,4.72,1921.04,7657.2,1287.29,716.33,3970.23,0.39,0.45,0.25,0.3,72932.55,13631.05,7.223661897191309,0.32379438261791205,0.18018018018018017,0.2156862745098039,0.02633995383405626,0.14400000000000002,0.08,1.416,4.8,1962.48,0.28033916269210385,0.5039745627980922,0.18689940225592,38.65,0.7,9.754864864864865,2003.62,1358,0.7196608373078961
Burgers,26039,Classic Burgers Grill,Cafe,West Auckland,1.04,42.51,1058,302,12838.02,340,189,227,14453.4,8034.39,9649.77,0.264760888498277,0.385405247565359,0.29,18,5.31,1205.37,4491.17,864.8,480.73,2170.45,0.4,0.45,0.25,0.3,44975.58,8007.150000000001,7.56819470699433,0.3213610586011342,0.1786389413988658,0.21455576559546313,0.02680054376174804,0.1305,0.0725,1.5929999999999997,5.3999999999999995,1100.32,0.28544423440453687,0.5,0.17803327939295058,42.510000000000005,0.7,9.561453744493392,1345.53,756,0.7145557655954632
Burgers,25917,King Burgers Kitchen,Cafe,West Auckland,1.04,38.8,1425,385,14938.0,468,260,312,18158.4,10088.0,12105.6,0.208901475965977,0.417478324985132,0.27,8,2.36,736.32,5581.14,1881.58,1045.32,3786.58,0.37,0.45,0.25,0.3,55290.0,12294.62,8.62780350877193,0.32842105263157895,0.1824561403508772,0.21894736842105264,0.013317417254476398,0.12150000000000001,0.0675,0.708,2.4,1482.0,0.27017543859649124,0.5108771929824562,0.22236606981370954,38.8,0.7,12.13647435897436,2926.8999999999996,1040,0.7298245614035088
Burgers,26457,Top Burgers Bistro,QSR,North Shore,1.03,38.74,1128,253,9801.22,394,219,262,15263.56,8484.06,10149.88,0.246101893465966,0.44476930256933,0.28,3,0.89,233.18,3029.84,444.61,247.13,2904.44,0.29,0.45,0.25,0.3,43698.719999999994,6626.02,5.874131205673759,0.349290780141844,0.19414893617021278,0.2322695035460993,0.00533608307062541,0.12600000000000003,0.07,0.267,0.8999999999999999,1161.84,0.22429078014184398,0.5434397163120568,0.1516296129497615,38.739999999999995,0.7,11.085648854961832,691.74,875,0.775709219858156
Burgers,26200,Classic Burgers Bistro,Cafe,West Auckland,1.04,36.79,1679,397,14605.63,577,320,385,21227.83,11772.8,14164.15,0.231192792523652,0.359439315344207,0.3,13,3.84,1478.4,5979.08,2321.64,1287.57,4319.95,0.31,0.45,0.25,0.3,61770.409999999996,13908.239999999998,8.283645026801667,0.34365693865396074,0.19058963668850507,0.22930315664085765,0.023933789657539915,0.135,0.075,1.152,3.9,1746.16,0.2364502680166766,0.5342465753424659,0.22516023448767783,36.79,0.7,11.22064935064935,3609.21,1282,0.7635497319833234
Burgers,26551,Top Burgers Cafe,Ghost Kitchen,CBD,0.99,33.99,845,40,1359.6,362,201,242,12304.38,6831.99,8225.58,0.296113993425388,0.258441539178602,0.29,5,1.48,358.16,605.63,1912.65,1062.0,3305.88,0.05,0.45,0.25,0.3,28721.550000000003,6886.16,8.14930177514793,0.42840236686390526,0.23786982248520708,0.2863905325443787,0.012470079086957355,0.1305,0.0725,0.444,1.5,836.55,0.04733727810650887,0.6662721893491124,0.2397558627581032,33.99,0.7,13.660661157024794,2974.65,805,0.9526627218934911
Burgers,25112,Classic Burgers Cafe,QSR,CBD,0.99,38.54,1525,305,11754.7,549,305,366,21158.46,11754.7,14105.64,0.246604162529111,0.38791412259452,0.29,15,4.43,1621.38,4296.13,1597.08,887.26,3533.97,0.25,0.45,0.25,0.3,58773.5,10314.44,6.763567213114754,0.36,0.2,0.24,0.027586922677737418,0.1305,0.0725,1.329,4.5,1509.75,0.2,0.56,0.1754947382749028,38.54,0.7,9.655655737704917,2484.34,1220,0.8
Burgers,25571,Classic Burgers Tavern,Cafe,South Auckland,1.05,39.35,1923,578,22744.3,605,336,404,23806.75,13221.6,15897.4,0.213036691173911,0.442293559922837,0.31,13,3.84,1551.36,7839.27,825.37,458.39,3927.99,0.43,0.45,0.25,0.3,75670.05,13051.02,6.786801872074883,0.31461258450338014,0.1747269890795632,0.21008840353614144,0.020501638362866153,0.1395,0.0775,1.152,3.9,2019.15,0.3005720228809152,0.4893395735829433,0.17247272864230961,39.35,0.7,9.722747524752474,1283.76,1345,0.6994279771190848
Burgers,26384,Urban Burgers Tavern,QSR,North Shore,1.03,38.79,1616,323,12529.17,582,323,388,22575.78,12529.17,15050.52,0.255428561922163,0.355401323363185,0.31,12,3.54,1373.52,4875.98,1787.33,991.94,4483.69,0.25,0.45,0.25,0.3,62684.64,12138.939999999999,7.511720297029703,0.36014851485148514,0.1998762376237624,0.24009900990099012,0.021911587910531192,0.1395,0.0775,1.062,3.5999999999999996,1664.48,0.1998762376237624,0.5600247524752475,0.19365094862154428,38.79,0.7,11.555902061855669,2779.27,1293,0.8001237623762376
Burgers,26090,Classic Burgers Kitchen,Cafe,CBD,0.99,38.97,838,178,6936.66,297,165,198,11574.09,6430.05,7716.06,0.246713898573071,0.372519539762288,0.31,11,3.25,643.5,2641.25,819.06,455.03,2294.52,0.27,0.45,0.25,0.3,32656.86,6209.860000000001,7.410334128878282,0.35441527446300713,0.19689737470167065,0.2362768496420048,0.019704895081768425,0.1395,0.0775,0.975,3.3,829.62,0.21241050119331742,0.5513126491646778,0.1901548403612595,38.97,0.7,11.588484848484848,1274.09,660,0.7875894988066826
Burgers,25601,Urban Burgers Tavern,QSR,West Auckland,1.04,35.83,1436,259,9279.97,530,294,353,18989.9,10534.02,12647.99,0.223330447860062,0.410070207272656,0.32,14,4.13,1457.89,3402.03,884.92,490.88,3178.85,0.22,0.45,0.25,0.3,51451.88,7956.68,5.540863509749304,0.3690807799442897,0.20473537604456826,0.24582172701949861,0.028335019050810196,0.14400000000000002,0.08,1.2389999999999999,4.2,1493.44,0.18036211699164345,0.573816155988858,0.15464313451714495,35.83,0.7,9.005240793201132,1375.8,1177,0.8196378830083565
Burgers,25359,Lucky Burgers Kitchen,Cafe,West Auckland,1.04,39.61,1699,350,13863.5,607,337,405,24043.27,13348.57,16042.05,0.273720501009375,0.435513705620542,0.32,14,4.13,1672.65,4031.03,-702.89,-390.23,2991.83,0.26,0.45,0.25,0.3,67297.39,5929.74,3.490135373749264,0.3572689817539729,0.1983519717480871,0.23837551500882873,0.02485460431674988,0.14400000000000002,0.08,1.2389999999999999,4.2,1766.96,0.20600353148911124,0.55562095350206,0.08811248103381127,39.61,0.7,7.387234567901235,-1093.12,1349,0.7939964685108888
Burgers,25958,Top Burgers Cafe,QSR,North Shore,1.03,45.69,566,106,4843.14,207,115,138,9457.83,5254.35,6305.22,0.200906160548329,0.379106372431852,0.3,4,1.18,162.84,2034.06,1134.82,630.46,2485.27,0.23,0.45,0.25,0.3,25860.54,6284.610000000001,11.103551236749118,0.3657243816254417,0.20318021201413428,0.24381625441696114,0.006296852269906197,0.135,0.075,0.354,1.2,582.98,0.1872791519434629,0.568904593639576,0.2430192873002652,45.690000000000005,0.7,18.009202898550726,1765.28,460,0.8127208480565371
Burgers,26658,Classic Burgers Grill,Ghost Kitchen,CBD,0.99,34.09,1088,80,2727.2,454,252,302,15476.86,8590.68,10295.18,0.274295223562513,0.32992309757974,0.28,12,3.54,1069.08,1079.38,1791.94,994.64,3005.56,0.08,0.45,0.25,0.3,37089.92,6871.52,6.315735294117648,0.4172794117647059,0.23161764705882354,0.2775735294117647,0.028824003934222558,0.12600000000000003,0.07,1.062,3.5999999999999996,1077.12,0.07352941176470588,0.6488970588235294,0.18526650906769282,34.089999999999996,0.7,9.952185430463576,2786.58,1008,0.9264705882352942
Burgers,25727,Urban Burgers Diner,Full-service,North Shore,1.03,36.25,1782,544,19720.0,557,310,371,20191.25,11237.5,13448.75,0.366730907279998,0.509351468947716,0.3,15,4.43,1643.53,2443.66,-3555.32,-1978.73,23.01,0.44,0.45,0.25,0.3,64597.5,-3067.38,-1.7213131313131314,0.31257014590347926,0.1739618406285073,0.20819304152637486,0.0254426254886025,0.135,0.075,1.329,4.5,1835.46,0.3052749719416386,0.48653198653198654,-0.04748450017415535,36.25,0.7,0.062021563342318065,-5534.05,1238,0.6947250280583613
Burgers,25120,Urban Burgers Eatery,Cafe,West Auckland,1.04,42.45,1226,268,11376.6,431,240,287,18295.95,10188.0,12183.15,0.237274351101369,0.355845061386935,0.28,10,2.95,846.65,4628.92,2321.4,1292.66,4110.44,0.28,0.45,0.25,0.3,52043.700000000004,12353.419999999998,10.076199021207177,0.35154975530179444,0.1957585644371941,0.23409461663947795,0.01626805934243722,0.12600000000000003,0.07,0.885,3.0,1275.04,0.21859706362153344,0.5473083197389885,0.23736629025223027,42.45,0.7,14.322090592334494,3614.0600000000004,958,0.7814029363784666
Burgers,25381,King Burgers Diner,Cafe,CBD,0.99,39.54,1330,337,13324.98,447,248,298,17674.38,9805.92,11782.92,0.241751656010747,0.440042150276713,0.31,6,1.77,527.46,4240.09,145.04,80.47,3221.94,0.34,0.45,0.25,0.3,52588.2,7687.540000000001,5.780105263157895,0.33609022556390983,0.18646616541353384,0.22406015037593988,0.010030006731548143,0.1395,0.0775,0.531,1.7999999999999998,1316.7,0.25338345864661654,0.5225563909774437,0.14618374464233425,39.54,0.7,10.811879194630873,225.51,993,0.7466165413533835
Burgers,26440,Urban Burgers Eatery,Cafe,North Shore,1.03,45.52,1211,327,14885.04,398,221,265,18116.96,10059.92,12062.8,0.212935674451292,0.376308752084151,0.32,15,4.43,1173.95,6114.11,1644.22,912.99,3780.91,0.37,0.45,0.25,0.3,55124.72,12452.23,10.282601156069363,0.32865400495458297,0.18249380677126342,0.21882741535920724,0.021296253296161867,0.14400000000000002,0.08,1.329,4.5,1247.33,0.2700247729149463,0.5111478117258463,0.22589194103843066,45.52,0.7,14.267584905660376,2557.21,884,0.7299752270850537
Burgers,25148,Lucky Burgers Cafe,QSR,West Auckland,1.04,46.63,1277,230,10724.9,471,262,314,21962.73,12217.06,14641.82,0.262106711957604,0.36200443492271,0.29,8,2.36,741.04,4031.37,1886.35,1049.31,4762.66,0.22,0.45,0.25,0.3,59546.509999999995,11729.689999999999,9.185348472983554,0.3688332028191073,0.20516836335160532,0.24588880187940487,0.012444725979742558,0.1305,0.0725,0.708,2.4,1328.0800000000002,0.18010963194988255,0.5740015661707126,0.19698366873222292,46.629999999999995,0.7,15.167707006369426,2935.66,1047,0.8198903680501175
Burgers,26158,Top Burgers Tavern,Full-service,North Shore,1.03,38.36,1107,327,12543.72,351,195,234,13464.36,7480.2,8976.24,0.351834394095931,0.472950530657545,0.3,15,4.43,1036.62,2197.85,-1680.15,-933.42,536.15,0.42,0.45,0.25,0.3,42464.52,120.42999999999984,0.10878952122854547,0.3170731707317074,0.1761517615176152,0.21138211382113822,0.02441143806641403,0.135,0.075,1.329,4.5,1140.21,0.2953929539295393,0.49322493224932257,0.002836014630566879,38.36,0.7,2.291239316239316,-2613.57,780,0.7046070460704607
Burgers,26612,Classic Burgers House,Full-service,West Auckland,1.04,31.69,696,247,7827.43,202,112,135,6401.38,3549.28,4278.15,0.380892307125032,0.515172828827053,0.27,5,1.48,199.8,813.54,-1063.05,-589.41,244.85,0.55,0.45,0.25,0.3,22056.239999999998,-594.0699999999999,-0.8535488505747125,0.29022988505747127,0.16091954022988508,0.1939655172413793,0.00905866095037051,0.12150000000000001,0.0675,0.444,1.5,723.84,0.3548850574712644,0.45114942528735635,-0.02693432788181485,31.689999999999998,0.7,1.8137037037037036,-1652.46,449,0.6451149425287356
Burgers,25430,Lucky Burgers Kitchen,Full-service,CBD,0.99,38.32,1929,531,20347.92,629,350,419,24103.28,13412.0,16056.08,0.351228577585425,0.52257246428635,0.27,9,2.66,1114.54,2567.89,-3466.08,-1928.66,911.72,0.38,0.45,0.25,0.3,73919.28,-1915.1300000000003,-0.9928097459823745,0.32607568688439603,0.18144116122343185,0.21721099015033696,0.015077798376824016,0.12150000000000001,0.0675,0.798,2.6999999999999997,1909.71,0.2752721617418351,0.5075168481078279,-0.0259083962939033,38.32,0.7,2.1759427207637234,-5394.74,1398,0.7247278382581649
Burgers,26197,Urban Burgers Corner,Ghost Kitchen,North Shore,1.03,36.93,826,68,2511.24,341,190,227,12593.13,7016.7,8383.11,0.252041992987506,0.301198174175806,0.32,17,5.02,1139.54,1121.92,1596.3,889.44,2605.7,0.09,0.45,0.25,0.3,30504.18,6213.360000000001,7.52222760290557,0.4128329297820823,0.23002421307506052,0.27481840193704604,0.03735684748778692,0.14400000000000002,0.08,1.5059999999999998,5.1,850.78,0.08232445520581114,0.6428571428571428,0.2036888059275811,36.93,0.7,11.47885462555066,2485.74,758,0.9176755447941889
Burgers,25559,Top Burgers Eatery,Cafe,West Auckland,1.04,31.56,1981,421,13286.76,702,390,468,22155.12,12308.4,14770.08,0.22628895400092,0.432838282175362,0.29,15,4.43,2073.24,4529.09,1127.09,626.16,2961.48,0.27,0.45,0.25,0.3,62520.36,9243.82,4.666239273094397,0.35436648157496214,0.19687026754164563,0.23624432104997475,0.03316103746043689,0.1305,0.0725,1.329,4.5,2060.2400000000002,0.21251892983341747,0.5512367491166077,0.14785295542124197,31.56,0.7,6.327948717948718,1753.25,1560,0.7874810701665825
Burgers,25742,Lucky Burgers Eatery,QSR,North Shore,1.03,31.12,1518,263,8184.56,565,314,376,17582.8,9771.68,11701.12,0.254061599932611,0.443246988719329,0.31,13,3.84,1443.84,2477.4,-128.51,-71.42,2097.99,0.21,0.45,0.25,0.3,47240.16,4375.46,2.8823847167325427,0.3722002635046113,0.20685111989459815,0.24769433465085638,0.030563825355375593,0.1395,0.0775,1.152,3.9,1563.54,0.1732542819499341,0.5790513833992095,0.09262161686158556,31.12,0.7,5.579760638297872,-199.93,1255,0.8267457180500659
Burgers,25763,King Burgers Bistro,Cafe,CBD,0.99,42.59,535,120,5110.8,187,104,124,7964.33,4429.36,5281.16,0.251316444799304,0.351504382374696,0.3,14,4.13,512.12,2029.9,773.97,430.44,1585.45,0.29,0.45,0.25,0.3,22785.65,4819.76,9.008897196261684,0.3495327102803738,0.19439252336448595,0.23177570093457942,0.022475549304057596,0.135,0.075,1.2389999999999999,4.2,529.65,0.22429906542056074,0.5439252336448597,0.21152611402351917,42.59,0.7,12.785887096774195,1204.41,415,0.7757009345794392
Burgers,25998,Lucky Burgers House,Cafe,West Auckland,1.04,33.37,672,185,6173.45,219,122,146,7308.03,4071.14,4872.02,0.246737139690667,0.419577346136793,0.28,5,1.48,216.08,2059.99,392.34,218.56,1409.64,0.38,0.45,0.25,0.3,22424.64,4080.5299999999997,6.072217261904761,0.32589285714285715,0.18154761904761904,0.2172619047619048,0.009635829159353284,0.12600000000000003,0.07,0.444,1.5,698.88,0.27529761904761907,0.5074404761904762,0.1819663548667894,33.37,0.7,9.655068493150686,610.9,487,0.7247023809523809
Burgers,26533,Top Burgers Diner,Ghost Kitchen,West Auckland,1.04,37.94,1147,44,1669.36,496,276,331,18818.24,10471.44,12558.14,0.264851968921721,0.217537490196992,0.29,14,4.13,1367.03,864.08,4283.23,2383.41,5133.2,0.04,0.45,0.25,0.3,43517.18,12663.919999999998,11.040906713164777,0.43243243243243246,0.24062772449869224,0.2885789014821273,0.03141357045654153,0.1305,0.0725,1.2389999999999999,4.2,1192.88,0.038360941586748035,0.6730601569311246,0.2910096656079277,37.94,0.7,15.508157099697884,6666.639999999999,1103,0.9616390584132519
Burgers,25914,Urban Burgers Diner,Cafe,North Shore,1.03,31.66,1372,348,11017.68,461,256,307,14595.26,8104.96,9719.62,0.240962068364024,0.423614705004729,0.28,10,2.95,905.65,3695.59,808.92,449.2,2354.54,0.34,0.45,0.25,0.3,43437.520000000004,7308.25,5.326712827988338,0.33600583090379005,0.18658892128279883,0.22376093294460642,0.02084948680311399,0.12600000000000003,0.07,0.885,3.0,1413.16,0.2536443148688046,0.5225947521865889,0.1682474045479576,31.660000000000004,0.7,7.669511400651466,1258.12,1024,0.7463556851311953
Burgers,25957,Classic Burgers Cafe,Full-service,CBD,0.99,31.88,1549,434,13835.92,502,279,334,16003.76,8894.52,10647.92,0.394481476955116,0.455416793772019,0.32,11,3.25,1085.5,2076.8,-2719.01,-1511.16,512.77,0.39,0.45,0.25,0.3,49382.119999999995,-1640.6,-1.0591349257585538,0.3240800516462234,0.18011620400258233,0.21562298256939963,0.021981640318398644,0.14400000000000002,0.08,0.975,3.3,1533.51,0.28018076178179474,0.5041962556488057,-0.03322255099619052,31.879999999999995,0.7,1.5352395209580838,-4230.17,1115,0.7198192382182053
Burgers,26169,Classic Burgers House,QSR,South Auckland,1.05,41.73,1289,232,9681.36,476,264,317,19863.48,11016.72,13228.41,0.254704414848238,0.368392519257031,0.31,5,1.48,469.16,3648.93,1328.93,737.05,4516.67,0.22,0.45,0.25,0.3,53789.97,10231.58,7.937610550814585,0.36927851047323507,0.20480993017843288,0.24592707525213342,0.008722072163267614,0.1395,0.0775,0.444,1.5,1353.45,0.1799844840961986,0.5740884406516679,0.19021352865599292,41.730000000000004,0.7,14.248170347003155,2065.98,1057,0.8200155159038014
Burgers,25432,King Burgers Eatery,Cafe,North Shore,1.03,40.76,876,207,8437.32,301,167,201,12268.76,6806.92,8192.76,0.241914646159858,0.409190202481113,0.3,18,5.31,1067.31,2943.74,599.88,332.83,1791.1,0.31,0.45,0.25,0.3,35705.76,5667.549999999999,6.469805936073058,0.343607305936073,0.1906392694063927,0.22945205479452055,0.02989181577426163,0.135,0.075,1.5929999999999997,5.3999999999999995,902.28,0.23630136986301367,0.5342465753424658,0.15872929185655196,40.760000000000005,0.7,8.91094527363184,932.71,669,0.7636986301369864
Burgers,26165,Classic Burgers Corner,QSR,South Auckland,1.05,39.13,1578,315,12325.95,568,316,379,22225.84,12365.08,14830.27,0.262688679732382,0.415173901803792,0.33,7,2.07,784.53,3970.65,-174.75,-97.22,3992.85,0.25,0.45,0.25,0.3,61747.14,7691.530000000001,4.874226869455007,0.35994930291508237,0.2002534854245881,0.24017743979721168,0.012705527737802917,0.14850000000000002,0.0825,0.6209999999999999,2.1,1656.9,0.19961977186311788,0.5602027883396704,0.12456495960784582,39.13,0.7,10.535224274406332,-271.97,1263,0.8003802281368821
Burgers,26406,Top Burgers Grill,Full-service,West Auckland,1.04,37.89,1724,492,18641.88,554,308,370,20991.06,11670.12,14019.3,0.399093572411221,0.50796096350532,0.32,7,2.07,765.9,1732.68,-4766.12,-2649.75,537.13,0.4,0.45,0.25,0.3,65322.36,-5146.0599999999995,-2.9849535962877027,0.3213457076566125,0.17865429234338748,0.21461716937354988,0.011724928493091799,0.14400000000000002,0.08,0.6209999999999999,2.1,1792.96,0.28538283062645015,0.5,-0.07877945622295336,37.89,0.7,1.4517027027027027,-7415.87,1232,0.7146171693735499
Burgers,26696,Top Burgers House,Full-service,West Auckland,1.04,40.31,988,277,11165.87,320,178,213,12899.2,7175.18,8586.03,0.364305329415947,0.49765848305542,0.29,5,1.48,315.24,1541.29,-1960.21,-1090.37,869.94,0.39,0.45,0.25,0.3,39826.28,-639.3499999999999,-0.6471153846153845,0.32388663967611336,0.18016194331983806,0.215587044534413,0.00791537648005287,0.1305,0.0725,0.444,1.5,1027.52,0.28036437246963564,0.5040485829959515,-0.01605347022117054,40.31,0.7,4.084225352112676,-3050.58,711,0.7196356275303644
Burgers,26640,Urban Burgers Cafe,Full-service,North Shore,1.03,34.45,1497,420,14469.0,485,269,323,16708.25,9267.05,11127.35,0.356300590571482,0.514156293822452,0.32,8,2.36,762.28,1874.36,-3182.2,-1764.97,679.19,0.39,0.45,0.25,0.3,51571.65,-2393.62,-1.5989445557782231,0.3239812959251837,0.17969271877087506,0.21576486305945225,0.014780989167498034,0.14400000000000002,0.08,0.708,2.4,1541.91,0.280561122244489,0.5036740146960588,-0.04641348492825031,34.45,0.7,2.1027554179566565,-4947.17,1077,0.7194388777555111
Burgers,25600,Classic Burgers Tavern,QSR,West Auckland,1.04,44.6,1185,221,9856.6,434,241,289,19356.4,10748.6,12889.4,0.219056067727506,0.381411945819855,0.28,17,5.02,1450.78,3938.03,2313.71,1284.8,3698.95,0.23,0.45,0.25,0.3,52851.0,11235.49,9.481426160337552,0.36624472573839667,0.20337552742616036,0.24388185654008437,0.027450379368413085,0.12600000000000003,0.07,1.5059999999999998,5.1,1232.4,0.18649789029535865,0.569620253164557,0.212588030500842,44.6,0.7,12.799134948096885,3598.51,964,0.8135021097046413
Burgers,25840,Top Burgers Diner,QSR,West Auckland,1.04,40.44,615,123,4974.12,221,123,148,8937.24,4974.12,5985.12,0.207354236282408,0.405242015910335,0.28,3,0.89,131.72,1926.99,959.89,534.24,2186.94,0.25,0.45,0.25,0.3,24870.6,5608.0599999999995,9.11879674796748,0.359349593495935,0.2,0.24065040650406505,0.0052962131995207195,0.12600000000000003,0.07,0.267,0.8999999999999999,639.6,0.2,0.559349593495935,0.225489533827089,40.44,0.7,14.776621621621622,1494.13,492,0.8
Burgers,26449,Lucky Burgers Tavern,Cafe,West Auckland,1.04,31.69,1081,314,9950.66,345,192,230,10933.05,6084.48,7288.7,0.218144442792982,0.355344521906227,0.31,16,4.72,1085.6,4244.07,1273.82,708.91,2023.11,0.41,0.45,0.25,0.3,34256.89,8249.91,7.631739130434783,0.3191489361702127,0.17761332099907493,0.2127659574468085,0.03168997535970136,0.1395,0.0775,1.416,4.8,1124.24,0.2904717853839038,0.4967622571692877,0.24082483844855734,31.689999999999998,0.7,8.796130434782608,1982.73,767,0.7095282146160962
Burgers,25321,Urban Burgers Diner,Full-service,CBD,0.99,43.59,1149,340,14820.6,364,202,243,15866.76,8805.18,10592.37,0.387669529230334,0.542980143497698,0.27,11,3.25,789.75,1027.81,-3183.66,-1766.76,-55.17,0.42,0.45,0.25,0.3,50084.91,-3977.7799999999997,-3.4619495213228895,0.3167972149695387,0.17580504786771103,0.21148825065274152,0.015768222404712318,0.12150000000000001,0.0675,0.975,3.3,1137.51,0.2959094865100087,0.4926022628372498,-0.07942072772018557,43.59,0.7,-0.22703703703703704,-4950.42,809,0.7040905134899913
Chicken Dishes,26442,Classic Chicken Dishes Diner,Full-service,North Shore,1.03,44.65,1872,544,24289.6,797,332,199,35586.05,14823.8,8885.35,0.361944254953414,0.465298340911977,0.3,12,3.54,704.46,4196.21,-4528.06,-1886.22,830.55,0.41,0.6,0.25,0.15,83584.8,-1387.5200000000007,-0.7411965811965816,0.4257478632478633,0.17735042735042733,0.1063034188034188,0.008428087403451346,0.18,0.075,0.531,1.7999999999999998,1928.16,0.29059829059829057,0.6030982905982907,-0.016600147395220193,44.65,0.85,4.173618090452261,-6414.280000000001,1328,0.7094017094017094
Chicken Dishes,25027,Urban Chicken Dishes Cafe,Cafe,North Shore,1.03,39.82,1377,407,16206.74,582,242,146,23175.24,9636.44,5813.72,0.244531283825636,0.439912853459828,0.28,11,3.25,474.5,5114.13,824.02,342.63,1360.05,0.42,0.6,0.25,0.15,54832.14000000001,7640.83,5.548896151053014,0.42265795206971674,0.1757443718228032,0.10602759622367465,0.00865368377013919,0.168,0.07,0.4875,1.65,1418.31,0.29557007988380535,0.5984023238925199,0.1393494764202163,39.82000000000001,0.85,9.31541095890411,1166.65,970,0.7044299201161947
Chicken Dishes,26400,Urban Chicken Dishes Tavern,QSR,South Auckland,1.05,46.2,1073,221,10210.2,511,213,128,23608.2,9840.6,5913.6,0.249170163515955,0.397989060007967,0.27,10,2.95,377.6,3602.57,1955.72,815.2,1708.96,0.26,0.6,0.25,0.15,49572.6,8082.45,7.532572227399814,0.4762348555452004,0.1985088536812675,0.11929170549860206,0.007617111065386928,0.162,0.0675,0.4425,1.5,1126.65,0.2059645852749301,0.674743709226468,0.16304268890475787,46.199999999999996,0.85,13.35125,2770.92,852,0.7940354147250699
Chicken Dishes,26078,Urban Chicken Dishes Diner,QSR,West Auckland,1.04,41.28,1546,319,13168.32,736,307,184,30382.08,12672.96,7595.52,0.232272156216204,0.429688364639878,0.33,16,4.72,868.48,4451.41,244.26,101.88,1699.11,0.26,0.6,0.25,0.15,63818.880000000005,6496.66,4.202238033635187,0.4760672703751617,0.1985769728331177,0.11901681759379043,0.01360851208921247,0.198,0.0825,0.708,2.4,1607.8400000000001,0.20633893919793012,0.6746442432082794,0.10179840197759658,41.28,0.85,9.234293478260868,346.14,1227,0.7936610608020699
Chicken Dishes,25610,King Chicken Dishes Tavern,Cafe,South Auckland,1.05,43.18,600,165,7124.7,261,109,65,11269.98,4706.62,2806.7,0.215217293072492,0.433281878195703,0.33,8,2.36,153.4,2504.34,242.31,101.2,833.16,0.38,0.6,0.25,0.15,25908.0,3681.0099999999998,6.135016666666666,0.435,0.18166666666666667,0.10833333333333332,0.00592095105758839,0.198,0.0825,0.354,1.2,630.0,0.27499999999999997,0.6166666666666666,0.1420800524934383,43.18,0.85,12.817846153846153,343.51,435,0.725
Chicken Dishes,25524,Lucky Chicken Dishes Eatery,QSR,South Auckland,1.05,46.25,1163,247,11423.75,550,229,137,25437.5,10591.25,6336.25,0.224442921560258,0.412300766445696,0.29,6,1.77,242.49,4149.75,1863.46,775.88,2059.19,0.27,0.6,0.25,0.15,53788.75,8848.28,7.608151332760103,0.472914875322442,0.19690455717970765,0.117798796216681,0.004508191768724873,0.174,0.0725,0.2655,0.8999999999999999,1221.15,0.2123817712811694,0.6698194325021496,0.1645005693569752,46.25,0.85,15.03058394160584,2639.34,916,0.7876182287188306
Chicken Dishes,26183,Classic Chicken Dishes Kitchen,Full-service,North Shore,1.03,40.63,1724,559,22712.17,699,291,175,28400.37,11823.33,7110.25,0.362177372106817,0.518651018803939,0.27,13,3.84,672.0,2706.65,-4283.58,-1783.29,175.34,0.48,0.6,0.25,0.15,70046.12,-3184.8799999999997,-1.8473781902552202,0.4054524361948956,0.16879350348027844,0.10150812064965198,0.009593679135974984,0.162,0.0675,0.576,1.95,1775.72,0.324245939675174,0.574245939675174,-0.045468328581226194,40.629999999999995,0.85,1.0019428571428572,-6066.87,1165,0.675754060324826
Chicken Dishes,26144,Top Chicken Dishes Eatery,Ghost Kitchen,CBD,0.99,34.35,1071,88,3022.8,590,246,147,20266.5,8450.1,5049.45,0.292466923908796,0.265248913434334,0.33,14,4.13,607.11,1336.94,2275.61,948.81,1626.18,0.09,0.6,0.25,0.15,36788.85,6187.540000000001,5.777348272642391,0.5508870214752568,0.2296918767507003,0.13725490196078433,0.016502554442446558,0.198,0.0825,0.6194999999999999,2.1,1060.29,0.08216619981325865,0.780578898225957,0.16819063384694008,34.35,0.85,11.062448979591837,3224.42,983,0.9178338001867413
Chicken Dishes,25269,Top Chicken Dishes Tavern,QSR,South Auckland,1.05,42.92,1256,217,9313.64,623,260,156,26739.16,11159.2,6695.52,0.23040033986792,0.402880302700214,0.29,5,1.48,230.88,3415.49,2051.41,856.13,2224.5,0.21,0.6,0.25,0.15,53907.520000000004,8547.529999999999,6.805358280254776,0.49601910828025475,0.2070063694267516,0.12420382165605096,0.004282890401932791,0.174,0.0725,0.222,0.75,1318.8,0.17277070063694266,0.7030254777070063,0.15855913980090344,42.92,0.85,14.259615384615385,2907.54,1039,0.8272292993630573
Chicken Dishes,25069,Urban Chicken Dishes Bistro,Full-service,South Auckland,1.05,44.53,1059,313,13937.89,448,186,112,19949.44,8282.58,4987.36,0.371326761401724,0.544503274257295,0.31,6,1.77,198.24,1173.15,-4505.18,-1870.46,221.55,0.42,0.6,0.25,0.15,47157.270000000004,-4980.94,-4.703437204910292,0.42304060434372043,0.17563739376770537,0.10576015108593011,0.004203805691041911,0.186,0.0775,0.2655,0.8999999999999999,1111.95,0.29556185080264397,0.5986779981114257,-0.10562401088951924,44.53,0.85,1.9781250000000001,-6375.64,746,0.704438149197356
Chicken Dishes,25246,Lucky Chicken Dishes Diner,Full-service,CBD,0.99,37.12,844,241,8945.92,362,151,90,13437.44,5605.12,3340.8,0.364447359659243,0.499855996808037,0.28,10,2.95,265.5,1213.93,-1939.07,-808.84,187.84,0.4,0.6,0.25,0.15,31329.28,-1346.14,-1.5949526066350712,0.4289099526066351,0.1789099526066351,0.1066350710900474,0.008474500531132538,0.168,0.07,0.4425,1.5,835.56,0.2855450236966825,0.6078199052132702,-0.04296747323909136,37.12,0.85,2.087111111111111,-2747.91,603,0.7144549763033176
Chicken Dishes,25026,Lucky Chicken Dishes Eatery,Full-service,CBD,0.99,36.56,1959,617,22557.52,805,336,201,29430.8,12284.16,7348.56,0.368867105338722,0.478825511829928,0.29,11,3.25,653.25,3435.68,-4052.4,-1691.44,465.99,0.46,0.6,0.25,0.15,71621.04,-1842.1700000000003,-0.9403624298111283,0.4109239407861154,0.17151607963246557,0.10260336906584994,0.009120923125383268,0.174,0.0725,0.4875,1.65,1939.41,0.3149566105155692,0.5824400204185809,-0.0257210730254685,36.559999999999995,0.85,2.3183582089552237,-5743.84,1342,0.6850433894844309
Chicken Dishes,25715,Classic Chicken Dishes Corner,Cafe,CBD,0.99,36.98,627,159,5879.82,281,117,70,10391.38,4326.66,2588.6,0.269088426344097,0.443697705469094,0.31,16,4.72,330.4,1688.77,-236.78,-98.59,413.08,0.34,0.6,0.25,0.15,23186.46,1766.48,2.8173524720893144,0.44816586921850077,0.18660287081339713,0.11164274322169059,0.014249695727592741,0.186,0.0775,0.708,2.4,620.73,0.2535885167464115,0.6347687400318979,0.07618584294454608,36.98,0.85,5.901142857142857,-335.37,468,0.7464114832535885
Chicken Dishes,25618,Urban Chicken Dishes Bistro,Full-service,CBD,0.99,31.17,581,144,4488.48,262,109,66,8166.54,3397.53,2057.22,0.381881071231328,0.546755018993281,0.3,18,5.31,350.46,320.32,-1867.17,-776.8,-203.65,0.33,0.6,0.25,0.15,18109.77,-2527.3,-4.349913941480207,0.450946643717728,0.18760757314974183,0.1135972461273666,0.019351985143930595,0.18,0.075,0.7964999999999999,2.6999999999999997,575.1899999999999,0.2478485370051635,0.6385542168674698,-0.13955450566186098,31.17,0.85,-3.085606060606061,-2643.9700000000003,437,0.7521514629948365
Chicken Dishes,25334,Classic Chicken Dishes Grill,Full-service,South Auckland,1.05,33.05,1046,247,8163.35,479,200,120,15830.95,6610.0,3966.0,0.386459062178619,0.501272463728674,0.28,10,2.95,354.0,916.49,-2655.35,-1108.71,91.26,0.31,0.6,0.25,0.15,34570.3,-2756.3099999999995,-2.6350956022944545,0.45793499043977054,0.19120458891013384,0.1147227533460803,0.010240003702600208,0.168,0.07,0.4425,1.5,1098.3,0.23613766730401528,0.6491395793499044,-0.07973057798167789,33.050000000000004,0.85,0.7605000000000001,-3764.06,799,0.7638623326959847
Chicken Dishes,25995,Urban Chicken Dishes Kitchen,Cafe,North Shore,1.03,41.85,1676,366,15317.1,786,328,196,32894.1,13726.8,8202.6,0.216816678419709,0.415236765076406,0.28,3,0.89,174.44,5635.87,2892.92,1207.22,2843.68,0.28,0.6,0.25,0.15,70140.6,12579.69,7.5057816229116945,0.4689737470167064,0.19570405727923626,0.11694510739856802,0.002487004673470144,0.168,0.07,0.1335,0.44999999999999996,1726.28,0.21837708830548924,0.6646778042959426,0.17934962061915638,41.85,0.85,14.508571428571427,4100.14,1310,0.7816229116945107
Chicken Dishes,25615,Lucky Chicken Dishes Diner,Cafe,West Auckland,1.04,41.26,1751,444,18319.44,784,327,196,32347.84,13492.02,8086.96,0.243740165624768,0.438862110255286,0.29,3,0.89,174.44,5814.55,886.26,369.65,2392.34,0.34,0.6,0.25,0.15,72246.26000000001,9462.8,5.40422615648201,0.4477441462021701,0.18675042832667046,0.11193603655054253,0.0024145194505570252,0.174,0.0725,0.1335,0.44999999999999996,1821.04,0.25356938892061676,0.6344945745288406,0.13097979051095515,41.260000000000005,0.85,12.205816326530613,1255.9099999999999,1307,0.7464306110793832
Chicken Dishes,25297,King Chicken Dishes Tavern,Ghost Kitchen,South Auckland,1.05,40.44,1513,125,5055.0,833,347,208,33686.52,14032.68,8411.52,0.292890322674066,0.321109368395992,0.32,13,3.84,798.72,1951.23,2223.32,926.16,2448.13,0.09,0.6,0.25,0.15,61185.72,7548.84,4.989319233311302,0.5505617977528089,0.2293456708526107,0.13747521480502314,0.013054026331634244,0.192,0.08,0.576,1.95,1588.65,0.08261731658955716,0.7799074686054196,0.12337584652105099,40.44,0.85,11.76985576923077,3149.48,1388,0.9173826834104428
Chicken Dishes,26336,Classic Chicken Dishes Diner,QSR,West Auckland,1.04,34.75,1560,321,11154.75,743,310,186,25819.25,10772.5,6463.5,0.233758511506021,0.37409615800716,0.28,8,2.36,438.96,4374.28,2895.51,1208.09,2095.67,0.26,0.6,0.25,0.15,54210.0,10573.55,6.777916666666666,0.47628205128205126,0.1987179487179487,0.11923076923076924,0.008097399003873823,0.168,0.07,0.354,1.2,1622.4,0.20576923076923076,0.675,0.19504796163069543,34.75,0.85,11.267043010752689,4103.6,1239,0.7942307692307692
Chicken Dishes,25108,Urban Chicken Dishes Eatery,Cafe,West Auckland,1.04,46.15,1739,380,17537.0,815,340,204,37612.25,15691.0,9414.6,0.253589859586209,0.356753990403377,0.28,16,4.72,962.88,6833.4,4124.41,1720.61,2705.58,0.28,0.6,0.25,0.15,80254.85,15384.0,8.846463484761356,0.4686601495112133,0.19551466359976996,0.11730879815986199,0.011997779573446339,0.168,0.07,0.708,2.4,1808.5600000000002,0.21851638872915466,0.6641748131109833,0.1916893496156307,46.150000000000006,0.85,13.262647058823529,5845.0199999999995,1359,0.7814836112708453
Chicken Dishes,26023,Classic Chicken Dishes Cafe,Cafe,North Shore,1.03,39.76,2199,682,27116.32,910,379,228,36181.6,15069.04,9065.28,0.252683397009969,0.378598331613466,0.28,7,2.07,471.96,9998.28,3209.97,1336.9,2870.57,0.45,0.6,0.25,0.15,87432.23999999999,17415.72,7.919836289222374,0.41382446566621195,0.1723510686675762,0.10368349249658938,0.00539800878943511,0.168,0.07,0.31049999999999994,1.05,2264.9700000000003,0.3101409731696226,0.5861755343337881,0.1991910535518706,39.76,0.85,12.590219298245614,4546.87,1517,0.6898590268303775
Chicken Dishes,26153,Classic Chicken Dishes Bistro,Full-service,CBD,0.99,30.05,1767,581,17459.05,712,296,178,21395.6,8894.8,5348.9,0.363809832581319,0.534899391676299,0.27,17,5.02,893.56,1768.44,-3609.64,-1500.63,-351.77,0.49,0.6,0.25,0.15,53098.35,-3693.6,-2.0903225806451613,0.4029428409734012,0.16751556310130164,0.1007357102433503,0.016828394855960684,0.162,0.0675,0.7529999999999999,2.55,1749.33,0.3288058856819468,0.5704584040747028,-0.06956148354892383,30.05,0.85,-1.9762359550561797,-5110.27,1186,0.6711941143180532
Chicken Dishes,25766,Lucky Chicken Dishes Diner,QSR,South Auckland,1.05,40.28,1342,223,8982.44,671,280,168,27027.88,11278.4,6767.04,0.248494998831302,0.410611086990684,0.29,16,4.72,792.96,3062.06,1375.55,574.0,1513.88,0.2,0.6,0.25,0.15,54055.76,6525.49,4.862511177347243,0.5,0.20864381520119224,0.12518628912071533,0.014669297036985513,0.174,0.0725,0.708,2.4,1409.1000000000001,0.1661698956780924,0.7086438152011922,0.12071775514764753,40.28,0.85,9.011190476190476,1949.55,1119,0.8338301043219076
Chicken Dishes,25710,King Chicken Dishes Eatery,Cafe,South Auckland,1.05,33.32,915,242,8063.44,404,168,101,13461.28,5597.76,3365.32,0.224992689006031,0.362242970848456,0.29,11,3.25,328.25,3328.3,1652.57,687.21,1060.83,0.36,0.6,0.25,0.15,30487.800000000003,6728.91,7.354,0.4415300546448087,0.18360655737704917,0.11038251366120218,0.010766601722656274,0.174,0.0725,0.4875,1.65,960.75,0.26448087431693984,0.6251366120218579,0.22070828331332532,33.32,0.85,10.503267326732672,2339.7799999999997,673,0.7355191256830601
Chicken Dishes,26525,King Chicken Dishes Cafe,Full-service,North Shore,1.03,35.83,2195,722,25869.26,884,368,221,31673.72,13185.44,7918.43,0.393687132711057,0.517130615399219,0.28,11,3.25,718.25,2307.08,-6043.91,-2516.02,-12.07,0.49,0.6,0.25,0.15,78646.85,-6264.92,-2.8541776765375855,0.40273348519362184,0.16765375854214123,0.10068337129840546,0.009132597173313361,0.168,0.07,0.4875,1.65,2260.85,0.3289293849658314,0.5703872437357631,-0.07965888017129738,35.830000000000005,0.85,-0.054615384615384614,-8559.93,1473,0.6710706150341685
Chicken Dishes,25712,Classic Chicken Dishes House,Cafe,North Shore,1.03,44.49,1359,395,17573.55,578,241,145,25715.22,10722.09,6451.05,0.252607616316527,0.449872615956701,0.3,8,2.36,342.2,5228.48,-63.78,-26.59,1577.11,0.41,0.6,0.25,0.15,60461.91,6715.219999999999,4.941295069904341,0.4253127299484915,0.17733627667402502,0.10669610007358352,0.005659761658207621,0.18,0.075,0.354,1.2,1399.77,0.2906548933038999,0.6026490066225165,0.1110652971432758,44.49,0.85,10.876620689655171,-90.37,964,0.7093451066961001
Chicken Dishes,25349,Classic Chicken Dishes Cafe,QSR,CBD,0.99,31.62,486,87,2750.94,239,100,60,7557.18,3162.0,1897.2,0.273522344883531,0.437762876972556,0.31,8,2.36,141.6,794.24,-160.86,-67.3,406.15,0.22,0.6,0.25,0.15,15367.320000000002,972.23,2.0004732510288066,0.49176954732510286,0.20576131687242796,0.12345679012345678,0.009214358782142884,0.186,0.0775,0.354,1.2,481.14,0.17901234567901234,0.6975308641975309,0.0632660737200761,31.620000000000005,0.85,6.769166666666666,-228.16000000000003,399,0.8209876543209876
Chicken Dishes,25795,Classic Chicken Dishes Diner,Full-service,CBD,0.99,39.3,1886,509,20003.7,826,344,207,32461.8,13519.2,8135.1,0.387120260915253,0.481964347464964,0.3,12,3.54,732.78,2618.79,-5488.79,-2285.89,332.23,0.37,0.6,0.25,0.15,74119.8,-4823.66,-2.557613997879109,0.43796394485683987,0.1823966065747614,0.10975609756097561,0.009886427108545894,0.18,0.075,0.531,1.7999999999999998,1867.1399999999999,0.2698833510074231,0.6203605514316013,-0.06507923658725469,39.300000000000004,0.85,1.6049758454106282,-7774.68,1377,0.7301166489925769
Chicken Dishes,26008,King Chicken Dishes Bistro,QSR,CBD,0.99,38.11,761,166,6326.26,357,149,89,13605.27,5678.39,3391.79,0.250427420157939,0.40718239499256,0.31,13,3.84,341.76,2166.05,440.68,183.92,819.56,0.28,0.6,0.25,0.15,29001.71,3610.21,4.744034165571616,0.4691195795006571,0.19579500657030224,0.11695137976346912,0.011784132728725307,0.186,0.0775,0.576,1.95,753.39,0.21813403416557164,0.6649145860709593,0.1244826598155764,38.11,0.85,9.208539325842697,624.6,595,0.7818659658344284
Chicken Dishes,25850,Top Chicken Dishes Eatery,QSR,West Auckland,1.04,42.53,1220,259,11015.27,577,240,144,24539.81,10207.2,6124.32,0.272642806898803,0.430930687393993,0.32,3,0.89,128.16,3265.22,-578.49,-240.62,1687.25,0.27,0.6,0.25,0.15,51886.6,4133.36,3.388,0.4729508196721312,0.19672131147540986,0.1180327868852459,0.0024700018887342783,0.192,0.08,0.1335,0.44999999999999996,1268.8,0.21229508196721314,0.6696721311475411,0.07966141547143192,42.53,0.85,11.71701388888889,-819.11,961,0.7877049180327869
Chicken Dishes,26015,King Chicken Dishes Kitchen,QSR,West Auckland,1.04,39.58,1621,354,14011.32,760,317,190,30080.8,12546.86,7520.2,0.278203928302974,0.431124492408708,0.32,4,1.18,224.2,4072.69,-882.22,-367.98,1961.71,0.28,0.6,0.25,0.15,64159.17999999999,4784.200000000001,2.951388032078964,0.4688463911165947,0.1955582973473165,0.11721159777914868,0.0034944336882111026,0.192,0.08,0.177,0.6,1685.8400000000001,0.21838371375694018,0.6644046884639113,0.0745676612450471,39.58,0.85,10.324789473684211,-1250.2,1267,0.7816162862430598
Chicken Dishes,25422,Urban Chicken Dishes House,Full-service,West Auckland,1.04,39.75,1299,329,13077.75,582,242,146,23134.5,9619.5,5803.5,0.351225982652977,0.451469495147467,0.31,15,4.43,646.78,2580.3,-2607.15,-1084.07,498.28,0.34,0.6,0.25,0.15,51635.25,-612.6399999999999,-0.47162432640492674,0.44803695150115475,0.18629715165511931,0.11239414934565051,0.012525939159779413,0.186,0.0775,0.6645,2.25,1350.96,0.25327174749807546,0.634334103156274,-0.01186476292842583,39.75,0.85,3.412876712328767,-3691.2200000000003,970,0.7467282525019245
Chicken Dishes,26012,Urban Chicken Dishes Eatery,Cafe,South Auckland,1.05,39.07,2084,551,21527.57,920,383,230,35944.4,14963.81,8986.1,0.268489274159074,0.367201791936532,0.32,3,0.89,204.7,7842.69,1592.66,663.03,3069.02,0.36,0.6,0.25,0.15,81421.88,13167.400000000001,6.318330134357007,0.44145873320537427,0.18378119001919385,0.11036468330134357,0.002514066243619037,0.192,0.08,0.1335,0.44999999999999996,2188.2000000000003,0.26439539347408825,0.6252399232245681,0.16171820154484273,39.07,0.85,13.343565217391305,2255.69,1533,0.7356046065259118
Chicken Dishes,25425,Lucky Chicken Dishes Diner,Ghost Kitchen,West Auckland,1.04,32.36,1105,52,1682.72,632,263,158,20451.52,8510.68,5112.88,0.296541053603869,0.223851376934908,0.29,17,5.02,793.16,807.05,3877.76,1613.69,1659.02,0.05,0.6,0.25,0.15,35757.8,7957.52,7.20137556561086,0.571945701357466,0.23800904977375564,0.1429864253393665,0.02218145411630469,0.174,0.0725,0.7529999999999999,2.55,1149.2,0.047058823529411764,0.8099547511312217,0.22253941797314153,32.36,0.85,10.500126582278481,5491.450000000001,1053,0.9529411764705882
Chicken Dishes,26099,Classic Chicken Dishes Cafe,QSR,CBD,0.99,35.98,580,123,4425.54,274,114,69,9858.52,4101.72,2482.62,0.270001643337309,0.35182688809,0.32,16,4.72,325.68,1673.61,573.48,238.6,613.18,0.27,0.6,0.25,0.15,20868.4,3098.87,5.342879310344827,0.4724137931034483,0.19655172413793104,0.1189655172413793,0.015606371355734028,0.192,0.08,0.708,2.4,574.2,0.21206896551724136,0.6689655172413793,0.14849581184949492,35.980000000000004,0.85,8.886666666666667,812.08,457,0.7879310344827586
Chicken Dishes,25128,Classic Chicken Dishes Cafe,QSR,North Shore,1.03,40.82,925,179,7306.78,448,186,112,18287.36,7592.52,4571.84,0.269563127625734,0.368867952888832,0.32,4,1.18,132.16,2641.9,760.19,315.61,1520.88,0.24,0.6,0.25,0.15,37758.5,5238.58,5.66332972972973,0.4843243243243243,0.20108108108108108,0.12108108108108108,0.0035001390415403152,0.192,0.08,0.177,0.6,952.75,0.1935135135135135,0.6854054054054054,0.13873909186011096,40.82,0.85,13.579285714285716,1075.8000000000002,746,0.8064864864864865
Chicken Dishes,26088,Lucky Chicken Dishes Bistro,QSR,South Auckland,1.05,39.76,1254,258,10258.08,598,249,149,23776.48,9900.24,5924.24,0.278205859009176,0.377555389888585,0.3,16,4.72,703.28,3531.23,1051.84,437.97,1336.07,0.26,0.6,0.25,0.15,49859.03999999999,6357.11,5.069465709728868,0.47687400318979273,0.19856459330143542,0.11881977671451356,0.014105365847396982,0.18,0.075,0.708,2.4,1316.7,0.2057416267942584,0.6754385964912282,0.12750165265917676,39.76,0.85,8.966912751677851,1489.81,996,0.7942583732057417
Chicken Dishes,25254,Urban Chicken Dishes Kitchen,QSR,North Shore,1.03,34.75,817,141,4899.75,406,169,101,14108.5,5872.75,3509.75,0.220611839685589,0.445624218787998,0.27,13,3.84,387.84,1635.36,899.61,374.47,783.59,0.21,0.6,0.25,0.15,28390.75,3693.0299999999997,4.520232558139535,0.4969400244798042,0.20685434516523868,0.12362301101591187,0.013660787404348246,0.162,0.0675,0.576,1.95,841.51,0.17258261933904528,0.7037943696450428,0.1300786347666053,34.75,0.85,7.758316831683168,1274.08,676,0.8274173806609547
Chicken Dishes,26102,Lucky Chicken Dishes Corner,Full-service,South Auckland,1.05,36.99,982,270,9987.3,427,178,107,15794.73,6584.22,3957.93,0.382685287308414,0.470556372473948,0.29,7,2.07,221.49,1465.72,-2262.46,-943.13,359.37,0.38,0.6,0.25,0.15,36324.18,-1380.5,-1.4058044806517311,0.43482688391038693,0.18126272912423627,0.10896130346232179,0.006097591191322144,0.174,0.0725,0.31049999999999994,1.05,1031.1000000000001,0.27494908350305497,0.6160896130346233,-0.03800498731148232,36.99,0.85,3.3585981308411217,-3205.59,712,0.725050916496945
Chicken Dishes,26224,Top Chicken Dishes Corner,Ghost Kitchen,CBD,0.99,35.98,1538,126,4533.48,847,353,212,30475.06,12700.94,7627.76,0.285154600034002,0.312763985386118,0.3,11,3.25,689.0,1822.83,3110.94,1296.53,2377.98,0.09,0.6,0.25,0.15,55337.240000000005,8608.28,5.5970611183355015,0.5507152145643693,0.229518855656697,0.1378413524057217,0.01245092816338509,0.18,0.075,0.4875,1.65,1522.62,0.08192457737321195,0.7802340702210663,0.15556034236618957,35.980000000000004,0.85,11.216886792452831,4407.47,1412,0.918075422626788
Chicken Dishes,25728,Top Chicken Dishes House,Full-service,South Auckland,1.05,45.72,1358,388,17739.36,582,242,146,26609.04,11064.24,6675.12,0.36910094980849,0.538826958462596,0.3,5,1.48,216.08,1633.3,-5532.76,-2300.56,398.51,0.4,0.6,0.25,0.15,62087.76,-5801.51,-4.272098674521355,0.42857142857142855,0.17820324005891014,0.10751104565537555,0.00348023507370857,0.18,0.075,0.222,0.75,1425.9,0.2857142857142857,0.6067746686303387,-0.09344047844534897,45.72,0.85,2.7295205479452056,-7833.32,970,0.7142857142857143
Chicken Dishes,26106,Lucky Chicken Dishes Corner,Cafe,North Shore,1.03,31.58,927,274,8652.92,392,163,98,12379.36,5147.54,3094.84,0.244575531296432,0.411475085932761,0.33,8,2.36,231.28,2976.17,172.68,71.81,833.19,0.42,0.6,0.25,0.15,29274.66,4053.85,4.373085221143474,0.4228694714131608,0.17583603020496225,0.1057173678532902,0.00790034794597102,0.198,0.0825,0.354,1.2,954.8100000000001,0.29557713052858686,0.5987055016181231,0.13847641612233924,31.58,0.85,8.501938775510204,244.49,653,0.7044228694714132
Chicken Dishes,25499,Lucky Chicken Dishes Cafe,Full-service,CBD,0.99,34.67,1345,417,14457.39,557,232,139,19311.19,8043.44,4819.13,0.392548737919424,0.529197091492824,0.33,6,1.77,246.03,1131.35,-4861.51,-2024.9,131.09,0.45,0.6,0.25,0.15,46631.15,-5623.97,-4.181390334572491,0.41412639405204454,0.1724907063197026,0.1033457249070632,0.005276086907571441,0.198,0.0825,0.2655,0.8999999999999999,1331.55,0.3100371747211896,0.5866171003717472,-0.12060543220572514,34.67,0.85,0.9430935251798561,-6886.41,928,0.6899628252788104
Chicken Dishes,26459,King Chicken Dishes Cafe,Full-service,South Auckland,1.05,41.58,1157,287,11933.46,522,218,130,21704.76,9064.44,5405.4,0.379103111242875,0.474927577609196,0.32,3,0.89,115.7,1741.92,-3777.29,-1577.49,673.32,0.33,0.6,0.25,0.15,48108.060000000005,-2939.5399999999995,-2.5406568712186686,0.4511668107173724,0.18841832324978391,0.11235955056179774,0.0024050024050024047,0.192,0.08,0.1335,0.44999999999999996,1214.8500000000001,0.24805531547104576,0.6395851339671563,-0.06110285885566783,41.580000000000005,0.85,5.179384615384616,-5354.78,870,0.7519446845289542
Chicken Dishes,25124,Top Chicken Dishes Cafe,QSR,South Auckland,1.05,37.23,1946,401,14929.23,927,386,232,34512.21,14370.78,8637.36,0.200368717927486,0.363881417782977,0.29,18,5.31,1231.92,6505.41,5030.15,2094.54,2531.81,0.26,0.6,0.25,0.15,72449.58,16161.909999999998,8.305195272353545,0.47636176772867417,0.19835560123329907,0.11921891058581706,0.017003825280974716,0.174,0.0725,0.7964999999999999,2.6999999999999997,2043.3000000000002,0.20606372045220964,0.6747173689619732,0.22307803578709492,37.230000000000004,0.85,10.912974137931034,7124.69,1545,0.7939362795477903
Chicken Dishes,25669,Classic Chicken Dishes Diner,Full-service,North Shore,1.03,38.18,1710,452,17257.36,755,314,189,28825.9,11988.52,7216.02,0.374131189403124,0.463714917493053,0.29,17,5.02,948.78,2798.35,-3685.28,-1532.69,221.33,0.36,0.6,0.25,0.15,65287.8,-2198.2900000000004,-1.2855497076023394,0.4415204678362573,0.18362573099415205,0.11052631578947368,0.01453227096027129,0.174,0.0725,0.7529999999999999,2.55,1761.3,0.26432748538011697,0.6251461988304093,-0.033670762378269756,38.18,0.85,1.1710582010582011,-5217.97,1258,0.735672514619883
Chicken Dishes,25503,Lucky Chicken Dishes Corner,QSR,South Auckland,1.05,34.98,1278,271,9479.58,604,252,151,21127.92,8814.96,5281.98,0.232261857353151,0.388033886486664,0.28,7,2.07,312.57,3599.44,2106.54,878.89,1693.02,0.27,0.6,0.25,0.15,44704.44,8277.89,6.477222222222221,0.4726134585289514,0.19718309859154926,0.11815336463223786,0.006991922949935173,0.168,0.07,0.31049999999999994,1.05,1341.9,0.21205007824726133,0.6697965571205007,0.18516930309383137,34.980000000000004,0.85,11.21205298013245,2985.43,1007,0.7879499217527387
Chicken Dishes,25747,Lucky Chicken Dishes Cafe,Full-service,North Shore,1.03,45.55,1170,340,15487.0,498,208,124,22683.9,9474.4,5648.2,0.358018621860538,0.47737461978104,0.29,10,2.95,365.8,2549.26,-2844.41,-1188.03,563.93,0.41,0.6,0.25,0.15,53293.5,-919.2499999999997,-0.7856837606837604,0.4256410256410257,0.17777777777777778,0.10598290598290598,0.006863876457729367,0.174,0.0725,0.4425,1.5,1205.1000000000001,0.2905982905982906,0.6034188034188035,-0.017248820212596275,45.55,0.85,4.547822580645161,-4032.4399999999996,830,0.7094017094017094
Chicken Dishes,25263,Lucky Chicken Dishes Kitchen,Full-service,West Auckland,1.04,32.66,1394,458,14958.28,562,234,140,18354.92,7642.44,4572.4,0.377910198504105,0.545449625281617,0.32,4,1.18,165.2,1146.41,-4466.85,-1859.86,185.23,0.49,0.6,0.25,0.15,45528.04,-4995.070000000001,-3.583263988522239,0.40315638450502145,0.16786226685796268,0.10043041606886656,0.0036285330974054667,0.192,0.08,0.177,0.6,1449.76,0.3285509325681492,0.5710186513629841,-0.10971414539259763,32.660000000000004,0.85,1.3230714285714285,-6326.71,936,0.6714490674318508
Chicken Dishes,26196,Classic Chicken Dishes Grill,QSR,CBD,0.99,44.09,1348,286,12609.74,637,266,159,28085.33,11727.94,7010.31,0.276163032259792,0.403236617078073,0.31,6,1.77,281.43,4042.69,297.71,124.32,1966.08,0.27,0.6,0.25,0.15,59433.32,6430.799999999999,4.7706231454005925,0.4725519287833828,0.19732937685459942,0.11795252225519288,0.004735222599040404,0.186,0.0775,0.2655,0.8999999999999999,1334.52,0.21216617210682492,0.6698813056379823,0.10820193117261495,44.089999999999996,0.85,12.365283018867924,422.03,1062,0.787833827893175
Chicken Dishes,25266,Urban Chicken Dishes Kitchen,Cafe,West Auckland,1.04,39.33,1694,410,16125.3,770,321,193,30284.1,12624.93,7590.69,0.219555714428425,0.416442147921771,0.33,9,2.66,513.38,5869.64,1029.72,429.27,2249.65,0.32,0.6,0.25,0.15,66625.01999999999,9578.28,5.654238488783943,0.4545454545454546,0.18949232585596226,0.11393152302243212,0.007705513634367391,0.198,0.0825,0.399,1.3499999999999999,1761.76,0.24203069657615114,0.6440377804014169,0.14376400937665762,39.32999999999999,0.85,11.656217616580312,1458.99,1284,0.7579693034238488
Chicken Dishes,26560,Lucky Chicken Dishes Diner,Ghost Kitchen,South Auckland,1.05,36.31,847,24,871.44,494,206,123,17937.14,7479.86,4466.13,0.256718570971861,0.219190210534725,0.27,13,3.84,472.32,456.71,4557.67,1900.57,1868.34,0.03,0.6,0.25,0.15,30754.57,8783.289999999999,10.369881936245571,0.5832349468713105,0.24321133412042503,0.14521841794569068,0.015357717568478441,0.162,0.0675,0.576,1.95,889.35,0.028335301062573794,0.8264462809917356,0.28559300292606915,36.31,0.85,15.189756097560975,6458.24,823,0.9716646989374262
Chicken Dishes,26601,Top Chicken Dishes Tavern,Full-service,South Auckland,1.05,36.06,1239,307,11070.42,559,233,140,20157.54,8401.98,5048.4,0.391479629848618,0.542518933513202,0.32,8,2.36,330.4,730.66,-5119.99,-2134.09,2.8,0.33,0.6,0.25,0.15,44678.340000000004,-6520.62,-5.262808716707021,0.45117029862792574,0.18805488297013717,0.11299435028248586,0.007395082270290256,0.192,0.08,0.354,1.2,1300.95,0.24778046811945115,0.639225181598063,-0.14594588787318416,36.06,0.85,0.02,-7254.08,932,0.7522195318805488
Chicken Dishes,26225,King Chicken Dishes Eatery,Ghost Kitchen,South Auckland,1.05,36.32,574,47,1707.04,316,132,79,11477.12,4794.24,2869.28,0.259631792397704,0.24871460768627,0.32,7,2.07,163.53,839.27,1970.09,822.95,1247.16,0.09,0.6,0.25,0.15,20847.68,4879.469999999999,8.500818815331009,0.5505226480836237,0.22996515679442509,0.13763066202090593,0.007844038281477844,0.192,0.08,0.31049999999999994,1.05,602.7,0.08188153310104529,0.7804878048780488,0.23405338147937801,36.32,0.85,15.786835443037976,2793.04,527,0.9181184668989547
Chicken Dishes,26563,Top Chicken Dishes Diner,Full-service,CBD,0.99,34.46,776,188,6478.48,353,147,88,12164.38,5065.62,3032.48,0.390167050494347,0.484435608796775,0.32,9,2.66,234.08,812.38,-2367.22,-985.78,146.18,0.32,0.6,0.25,0.15,26740.96,-2394.44,-3.085618556701031,0.45489690721649484,0.18943298969072164,0.1134020618556701,0.00875361243575399,0.192,0.08,0.399,1.3499999999999999,768.24,0.2422680412371134,0.6443298969072165,-0.08954203588801599,34.46,0.85,1.6611363636363636,-3353.0,588,0.7577319587628866
Chicken Dishes,25755,Classic Chicken Dishes Diner,Cafe,North Shore,1.03,38.31,1698,411,15745.41,772,322,193,29575.32,12335.82,7393.83,0.264337462056428,0.376248777471483,0.32,18,5.31,1024.83,5659.12,1165.67,486.2,1632.61,0.32,0.6,0.25,0.15,65050.38,8943.6,5.26713780918728,0.4546525323910483,0.18963486454652534,0.11366313309776208,0.01575440450924345,0.192,0.08,0.7964999999999999,2.6999999999999997,1748.94,0.2420494699646643,0.6442873969375736,0.13748728293362777,38.309999999999995,0.85,8.459119170984456,1651.8700000000001,1287,0.7579505300353356
Chicken Dishes,26605,Urban Chicken Dishes Grill,Full-service,North Shore,1.03,34.49,968,245,8450.05,434,181,108,14968.66,6242.69,3724.92,0.350764283211902,0.542664917814545,0.31,4,1.18,127.44,900.53,-3045.06,-1269.95,269.53,0.34,0.6,0.25,0.15,33386.32,-3144.95,-3.2489152892561983,0.44834710743801653,0.18698347107438015,0.1115702479338843,0.003817132286517352,0.186,0.0775,0.177,0.6,997.0400000000001,0.25309917355371897,0.6353305785123966,-0.09419876164848356,34.49,0.85,2.495648148148148,-4315.01,723,0.746900826446281
Chicken Dishes,25100,Urban Chicken Dishes Cafe,Cafe,CBD,0.99,39.0,1716,481,18759.0,741,309,185,28899.0,12051.0,7215.0,0.226575082670897,0.356397570972331,0.33,16,4.72,873.2,7823.02,2515.0,1048.77,2135.65,0.39,0.6,0.25,0.15,66924.0,13522.44,7.880209790209791,0.4318181818181818,0.18006993006993008,0.10780885780885781,0.013047636124559203,0.198,0.0825,0.708,2.4,1698.84,0.2803030303030303,0.6118881118881119,0.20205666128743052,39.0,0.85,11.544054054054055,3563.77,1235,0.7196969696969697
Chicken Dishes,25988,Urban Chicken Dishes Grill,QSR,West Auckland,1.04,32.14,1986,434,13948.76,931,388,233,29922.34,12470.32,7488.62,0.274404364507645,0.42480582697317,0.31,12,3.54,824.82,4195.64,-275.59,-114.85,1427.68,0.28,0.6,0.25,0.15,63830.04,5232.88,2.634884189325277,0.4687814702920443,0.19536757301107754,0.11732124874118831,0.01292212882836984,0.186,0.0775,0.531,1.7999999999999998,2065.44,0.21852970795568982,0.6641490433031219,0.08198146202007707,32.14,0.85,6.1273819742489275,-390.43999999999994,1552,0.7814702920443102
Chicken Dishes,25194,Top Chicken Dishes Grill,Full-service,CBD,0.99,42.13,906,219,9226.47,412,172,103,17357.56,7246.36,4339.39,0.380105295253452,0.477796747698449,0.32,17,5.02,517.06,1311.06,-3087.95,-1289.14,99.56,0.32,0.6,0.25,0.15,38169.78,-2966.47,-3.27424944812362,0.4547461368653422,0.18984547461368653,0.11368653421633555,0.013546318579776985,0.192,0.08,0.7529999999999999,2.55,896.9399999999999,0.24172185430463575,0.6445916114790288,-0.07771776520587753,42.129999999999995,0.85,0.9666019417475729,-4377.09,687,0.7582781456953642
Chicken Dishes,26488,Urban Chicken Dishes Kitchen,Cafe,North Shore,1.03,40.1,1532,397,15919.7,681,284,170,27308.1,11388.4,6817.0,0.227174992673099,0.391697818483226,0.3,4,1.18,200.6,6067.43,2215.43,923.91,2397.54,0.35,0.6,0.25,0.15,61433.200000000004,11604.310000000001,7.574614882506529,0.4445169712793733,0.18537859007832896,0.11096605744125325,0.0032653353561266545,0.18,0.075,0.177,0.6,1577.96,0.2591383812010444,0.6298955613577023,0.18889313921462664,40.1,0.85,14.103176470588235,3139.3399999999997,1135,0.7408616187989556
Chicken Dishes,26409,King Chicken Dishes Grill,QSR,CBD,0.99,35.86,699,157,5630.02,325,136,81,11654.5,4876.96,2904.66,0.212010084744543,0.381449992023408,0.3,15,4.43,358.83,2288.83,1241.67,519.59,822.03,0.29,0.6,0.25,0.15,25066.14,4872.12,6.970128755364807,0.46494992846924177,0.19456366237482117,0.11587982832618025,0.014315327369910166,0.18,0.075,0.6645,2.25,692.01,0.22460658082975682,0.6595135908440629,0.19437057321151163,35.86,0.85,10.148518518518518,1761.2600000000002,542,0.7753934191702432
Chicken Dishes,25278,King Chicken Dishes Bistro,Cafe,North Shore,1.03,35.66,975,283,10091.78,415,173,104,14798.9,6169.18,3708.64,0.243387985173613,0.42571567571722,0.31,17,5.02,522.08,3339.33,309.24,128.91,705.1,0.41,0.6,0.25,0.15,34768.5,4482.58,4.5975179487179485,0.4256410256410256,0.17743589743589744,0.10666666666666666,0.015015890820714153,0.186,0.0775,0.7529999999999999,2.55,1004.25,0.2902564102564103,0.6030769230769232,0.12892647079971814,35.66,0.85,6.779807692307693,438.15,692,0.7097435897435898
Chicken Dishes,25035,King Chicken Dishes House,QSR,West Auckland,1.04,43.39,733,137,5944.43,358,149,89,15533.62,6465.11,3861.71,0.279572833776474,0.427455027331598,0.28,4,1.18,105.02,1741.55,201.5,83.87,1026.35,0.23,0.6,0.25,0.15,31804.870000000003,3053.27,4.165443383356071,0.4884038199181446,0.20327421555252384,0.121418826739427,0.003302010038085362,0.168,0.07,0.177,0.6,762.32,0.1869031377899045,0.6916780354706684,0.09600007797547985,43.39,0.85,11.53202247191011,285.37,596,0.8130968622100955
Chicken Dishes,26452,King Chicken Dishes Tavern,Full-service,South Auckland,1.05,46.38,1671,494,22911.72,706,294,177,32744.28,13635.72,8209.26,0.396182681852952,0.468002405646257,0.31,13,3.84,679.68,3111.75,-5703.57,-2375.14,435.26,0.42,0.6,0.25,0.15,77500.98,-4531.699999999999,-2.7119688809096343,0.42250149611011373,0.17594254937163376,0.10592459605026931,0.008769953618651016,0.186,0.0775,0.576,1.95,1754.5500000000002,0.2956313584679833,0.5984440454817475,-0.058472808988996,46.379999999999995,0.85,2.45909604519774,-8078.709999999999,1177,0.7043686415320167
Chicken Dishes,25281,Top Chicken Dishes Tavern,Full-service,North Shore,1.03,45.08,1054,322,14515.76,439,183,110,19790.12,8249.64,4958.8,0.357244657352567,0.452993982331827,0.28,10,2.95,324.5,2754.53,-1785.83,-744.44,616.49,0.44,0.6,0.25,0.15,47514.32,840.7500000000002,0.7976755218216321,0.41650853889943074,0.17362428842504743,0.10436432637571158,0.006829520026804551,0.168,0.07,0.4425,1.5,1085.6200000000001,0.3055028462998102,0.5901328273244781,0.017694665523993614,45.08,0.85,5.604454545454545,-2530.27,732,0.6944971537001897
Chicken Dishes,25632,Classic Chicken Dishes House,Full-service,North Shore,1.03,40.05,1279,384,15379.2,537,224,134,21506.85,8971.2,5366.7,0.353959595959168,0.499846138083376,0.31,11,3.25,435.5,2248.35,-3522.95,-1469.53,349.08,0.43,0.6,0.25,0.15,51223.95,-2395.05,-1.8725957779515248,0.41985926505082094,0.17513682564503522,0.10476935105551212,0.008501882420235066,0.186,0.0775,0.4875,1.65,1317.3700000000001,0.30023455824863177,0.5949960906958561,-0.04675644888767853,40.05,0.85,2.6050746268656715,-4992.48,895,0.6997654417513682
Chicken Dishes,26616,Classic Chicken Dishes Kitchen,Cafe,West Auckland,1.04,36.03,822,230,8286.9,355,148,89,12790.65,5332.44,3206.67,0.26196017023176,0.404206880182028,0.29,12,3.54,315.06,2766.44,560.65,233.74,755.43,0.39,0.6,0.25,0.15,29616.659999999996,4316.26,5.250924574209246,0.4318734793187348,0.18004866180048662,0.10827250608272508,0.010637931488560832,0.174,0.0725,0.531,1.7999999999999998,854.88,0.2798053527980536,0.6119221411192215,0.14573756797694273,36.029999999999994,0.85,8.487977528089887,794.39,592,0.7201946472019465
Chicken Dishes,25485,Classic Chicken Dishes Diner,Ghost Kitchen,South Auckland,1.05,36.15,1549,101,3651.15,869,362,217,31414.35,13086.3,7844.55,0.298081421875395,0.201828700664919,0.33,16,4.72,1024.24,1825.9,5343.26,2225.85,2898.74,0.07,0.6,0.25,0.15,55996.350000000006,12293.75,7.936571981923822,0.5610071013557133,0.2336991607488702,0.14009038089089734,0.018291192193776912,0.198,0.0825,0.708,2.4,1626.45,0.06520335700451904,0.7947062621045834,0.2195455596659425,36.150000000000006,0.85,13.358248847926266,7569.110000000001,1448,0.9347966429954809
Chicken Dishes,25526,Lucky Chicken Dishes Grill,Full-service,North Shore,1.03,39.19,864,251,9836.69,368,153,92,14421.92,5996.07,3605.48,0.381625039479695,0.452628683648072,0.29,8,2.36,217.12,1630.39,-1791.98,-745.03,380.47,0.41,0.6,0.25,0.15,33860.16,-526.1499999999999,-0.6089699074074072,0.4259259259259259,0.17708333333333331,0.10648148148148147,0.006412255582962396,0.174,0.0725,0.354,1.2,889.9200000000001,0.29050925925925924,0.6030092592592592,-0.015538910625348486,39.190000000000005,0.85,4.13554347826087,-2537.01,613,0.7094907407407407
Chicken Dishes,25690,Urban Chicken Dishes Eatery,QSR,West Auckland,1.04,34.72,1548,329,11422.88,731,305,183,25380.32,10589.6,6353.76,0.211169311255217,0.353692920994945,0.32,9,2.66,486.78,4970.53,2922.23,1219.26,2277.98,0.27,0.6,0.25,0.15,53746.56,11390.0,7.357881136950905,0.4722222222222222,0.19702842377260985,0.11821705426356591,0.009056951737934483,0.192,0.08,0.399,1.3499999999999999,1609.92,0.21253229974160207,0.6692506459948321,0.2119205396587242,34.72,0.85,12.447978142076503,4141.49,1219,0.787467700258398
Chicken Dishes,25164,King Chicken Dishes Eatery,Cafe,CBD,0.99,33.91,1708,404,13699.64,782,326,196,26517.62,11054.66,6646.36,0.275084480158985,0.434299941756763,0.31,13,3.84,752.64,3981.33,-514.03,-214.29,1178.9,0.31,0.6,0.25,0.15,57918.28,4431.91,2.594795081967213,0.45784543325526933,0.19086651053864168,0.11475409836065574,0.012994861035237925,0.186,0.0775,0.576,1.95,1690.92,0.23653395784543324,0.648711943793911,0.07652005549888567,33.91,0.85,6.014795918367348,-728.3199999999999,1304,0.7634660421545667
Chicken Dishes,26581,Top Chicken Dishes Bistro,Full-service,South Auckland,1.05,35.77,708,175,6259.75,320,133,80,11446.4,4757.41,2861.6,0.359229356178548,0.543293463112786,0.3,13,3.84,307.2,610.18,-2318.16,-963.48,-28.26,0.33,0.6,0.25,0.15,25325.16,-2699.7200000000003,-3.81316384180791,0.4519774011299435,0.18785310734463276,0.11299435028248588,0.012130229384533009,0.18,0.075,0.576,1.95,743.4,0.24717514124293785,0.6398305084745762,-0.10660228800133939,35.77,0.85,-0.35325,-3281.64,533,0.7528248587570622
Chicken Dishes,25410,Classic Chicken Dishes Tavern,Full-service,North Shore,1.03,38.6,1792,493,19029.8,779,325,195,30069.4,12545.0,7527.0,0.385923194221687,0.500383127992973,0.28,10,2.95,575.25,2163.57,-5000.73,-2086.31,280.52,0.38,0.6,0.25,0.15,69171.2,-4642.949999999999,-2.5909319196428564,0.43470982142857145,0.18136160714285715,0.10881696428571429,0.00831632240007402,0.168,0.07,0.4425,1.5,1845.76,0.27511160714285715,0.6160714285714286,-0.06712258859178385,38.6,0.85,1.4385641025641025,-7087.039999999999,1299,0.7248883928571429
Chicken Dishes,25370,Urban Chicken Dishes Tavern,Cafe,West Auckland,1.04,34.22,1902,503,17212.66,839,350,210,28710.58,11977.0,7186.2,0.200822497606277,0.443855504575185,0.28,13,3.84,806.4,6116.04,2162.54,902.13,1747.01,0.36,0.6,0.25,0.15,65086.44,10927.72,5.7453838065194525,0.4411146161934806,0.18401682439537329,0.11041009463722397,0.012389677481208066,0.168,0.07,0.576,1.95,1978.0800000000002,0.26445846477392215,0.6251314405888538,0.16789549405375373,34.22,0.85,8.319095238095239,3064.67,1399,0.7355415352260778
Chicken Dishes,25532,Urban Chicken Dishes Diner,Full-service,CBD,0.99,32.81,1776,559,18340.79,730,304,183,23951.3,9974.24,6004.23,0.366434603743255,0.460967471939512,0.3,18,5.31,971.73,3165.58,-3051.45,-1270.74,64.59,0.46,0.6,0.25,0.15,58270.56,-1092.02,-0.6148761261261261,0.41103603603603606,0.17117117117117117,0.10304054054054054,0.01667617404054466,0.18,0.075,0.7964999999999999,2.6999999999999997,1758.24,0.3147522522522523,0.5822072072072072,-0.018740509787446697,32.809999999999995,0.85,0.35295081967213116,-4322.19,1217,0.6852477477477478
Chicken Dishes,26464,Urban Chicken Dishes Grill,QSR,North Shore,1.03,35.82,917,200,7164.0,430,179,108,15402.6,6411.78,3868.56,0.254136428367347,0.36182637065649,0.28,12,3.54,382.32,2751.24,1602.44,667.06,1103.35,0.28,0.6,0.25,0.15,32846.939999999995,6124.09,6.678396946564885,0.4689203925845148,0.19520174482006544,0.1177753544165758,0.011639440386227759,0.168,0.07,0.531,1.7999999999999998,944.51,0.21810250817884408,0.6641221374045803,0.18644324250599906,35.81999999999999,0.85,10.216203703703703,2269.5,717,0.781897491821156
Chicken Dishes,25778,Lucky Chicken Dishes Grill,Cafe,South Auckland,1.05,43.68,1907,451,19699.68,874,364,218,38176.32,15899.52,9522.24,0.247065822742879,0.448757321154699,0.3,10,2.95,643.1,5992.19,159.46,66.41,2253.35,0.31,0.6,0.25,0.15,83297.76000000001,8471.41,4.442270582066072,0.45831148400629257,0.19087572102779232,0.11431567907708441,0.0077204957252151795,0.18,0.075,0.4425,1.5,2002.3500000000001,0.2364971158888306,0.6491872050340849,0.10170033383850897,43.68000000000001,0.85,10.336467889908256,225.87,1456,0.7635028841111694
Chicken Dishes,25899,Lucky Chicken Dishes Kitchen,QSR,South Auckland,1.05,42.28,577,122,5158.16,273,114,68,11542.44,4819.92,2875.04,0.215359400771558,0.375734021747485,0.29,6,1.77,120.36,2109.21,1372.47,573.12,1055.26,0.27,0.6,0.25,0.15,24395.559999999998,5110.06,8.85625649913345,0.47313691507798966,0.19757365684575393,0.11785095320623917,0.0049336846540927945,0.174,0.0725,0.2655,0.8999999999999999,605.85,0.21143847487001735,0.6707105719237436,0.2094668046152661,42.279999999999994,0.85,15.518529411764705,1945.5900000000001,455,0.7885615251299827
Chicken Dishes,25051,Top Chicken Dishes Kitchen,QSR,South Auckland,1.05,36.53,1539,317,11580.01,733,306,183,26776.49,11178.18,6684.99,0.265349924974144,0.408302287640981,0.32,11,3.25,594.75,3779.11,169.97,70.96,1586.88,0.26,0.6,0.25,0.15,56219.67,5606.92,3.643222871994802,0.4762833008447044,0.19883040935672516,0.1189083820662768,0.0105790375503805,0.192,0.08,0.4875,1.65,1615.95,0.2059779077322937,0.6751137102014295,0.0997323534627649,36.53,0.85,8.671475409836066,240.93,1222,0.7940220922677063
Chicken Dishes,26508,Lucky Chicken Dishes Corner,Cafe,North Shore,1.03,31.08,1351,335,10411.8,610,254,152,18958.8,7894.32,4724.16,0.226666594538838,0.354756896616891,0.32,6,1.77,269.04,4358.13,1868.89,778.19,1708.38,0.33,0.6,0.25,0.15,41989.08,8713.59,6.449733530717987,0.45151739452257583,0.18800888230940044,0.11250925240562545,0.006407380204567473,0.192,0.08,0.2655,0.8999999999999999,1391.53,0.2479644707623982,0.6395262768319763,0.2075203838712351,31.080000000000002,0.85,11.239342105263159,2647.08,1016,0.7520355292376018
Chicken Dishes,26146,Lucky Chicken Dishes Grill,Cafe,West Auckland,1.04,32.19,1034,306,9850.14,437,182,109,14067.03,5858.58,3508.71,0.232472664527595,0.365741711459123,0.27,16,4.72,514.48,3957.64,1853.83,772.08,895.27,0.42,0.6,0.25,0.15,33284.46,7478.82,7.232901353965183,0.4226305609284333,0.17601547388781433,0.10541586073500968,0.015457063145984643,0.162,0.0675,0.708,2.4,1075.3600000000001,0.29593810444874274,0.5986460348162476,0.2246940464108476,32.19,0.85,8.21348623853211,2625.91,728,0.7040618955512572
Chicken Dishes,26267,Top Chicken Dishes Kitchen,Full-service,South Auckland,1.05,34.82,1242,361,12570.02,529,220,132,18419.78,7660.4,4596.24,0.38730479341466,0.520932093821466,0.31,12,3.54,467.28,1153.46,-4019.88,-1671.78,-45.51,0.41,0.6,0.25,0.15,43246.439999999995,-4583.71,-3.6905877616747182,0.42592592592592593,0.17713365539452497,0.10628019323671499,0.010805051236587336,0.186,0.0775,0.531,1.7999999999999998,1304.1000000000001,0.2906602254428342,0.603059581320451,-0.10599045840536239,34.81999999999999,0.85,-0.34477272727272723,-5691.66,881,0.7093397745571659
Chicken Dishes,25176,King Chicken Dishes Corner,Full-service,North Shore,1.03,36.42,884,270,9833.4,368,154,92,13402.56,5608.68,3350.64,0.390852915146388,0.547322647483088,0.32,8,2.36,217.12,607.94,-3460.21,-1448.02,-9.97,0.44,0.6,0.25,0.15,32195.28,-4310.26,-4.8758597285067875,0.416289592760181,0.1742081447963801,0.10407239819004525,0.00674384568172726,0.192,0.08,0.354,1.2,910.52,0.3054298642533937,0.5904977375565611,-0.13387863065641922,36.42,0.85,-0.10836956521739131,-4908.23,614,0.6945701357466063
Chicken Dishes,26512,Lucky Chicken Dishes Bistro,Ghost Kitchen,North Shore,1.03,31.45,528,20,629.0,305,127,76,9592.25,3994.15,2390.2,0.2813045074814,0.336554414918646,0.31,10,2.95,224.2,240.37,692.0,288.14,689.19,0.04,0.6,0.25,0.15,16605.6,1909.7,3.616856060606061,0.5776515151515152,0.24053030303030307,0.14393939393939395,0.013501469383822325,0.186,0.0775,0.4425,1.5,543.84,0.03787878787878788,0.8181818181818182,0.11500337235631354,31.449999999999996,0.85,9.068289473684212,980.14,508,0.9621212121212122
Chicken Dishes,26513,Lucky Chicken Dishes Bistro,Full-service,CBD,0.99,40.96,1045,324,13271.04,433,180,108,17735.68,7372.8,4423.68,0.352179892244749,0.497592388815247,0.32,6,1.77,191.16,1993.68,-3011.03,-1251.7,473.4,0.45,0.6,0.25,0.15,42803.200000000004,-1795.65,-1.7183253588516747,0.4143540669856459,0.17224880382775118,0.10334928229665072,0.0044660212320574155,0.192,0.08,0.2655,0.8999999999999999,1034.55,0.31004784688995213,0.586602870813397,-0.04195130270633971,40.96,0.85,4.383333333333333,-4262.7300000000005,721,0.6899521531100479
Chicken Dishes,25543,Classic Chicken Dishes Eatery,Full-service,South Auckland,1.05,44.93,1141,314,14108.02,496,207,124,22285.28,9300.51,5571.32,0.351122852961998,0.460182573297061,0.33,5,1.48,183.52,2662.11,-3149.03,-1314.21,867.76,0.38,0.6,0.25,0.15,51265.130000000005,-933.3700000000001,-0.818028045574058,0.4347063978965819,0.18141980718667833,0.10867659947414547,0.0035798212157074406,0.198,0.0825,0.222,0.75,1198.05,0.2751971954425942,0.6161262050832602,-0.01820672258121651,44.93000000000001,0.85,6.998064516129032,-4463.24,827,0.7248028045574058
Chicken Dishes,25545,Lucky Chicken Dishes Eatery,Full-service,West Auckland,1.04,42.07,851,211,8876.77,384,160,96,16154.88,6731.2,4038.72,0.363002442847937,0.472114739613608,0.3,17,5.02,481.92,1463.63,-2182.8,-909.5,184.0,0.33,0.6,0.25,0.15,35801.57,-1444.67,-1.697614571092832,0.4512338425381903,0.18801410105757932,0.11280846063454758,0.0134608621912391,0.18,0.075,0.7529999999999999,2.55,885.0400000000001,0.24794359576968275,0.6392479435957696,-0.04035214098152679,42.07,0.85,1.9166666666666667,-3092.3,640,0.7520564042303173
Chicken Dishes,25909,Top Chicken Dishes Tavern,Full-service,South Auckland,1.05,38.01,828,223,8476.23,363,151,91,13797.63,5739.51,3458.91,0.356276580388658,0.51907343599014,0.3,15,4.43,403.13,1056.56,-2419.41,-1006.42,28.02,0.37,0.6,0.25,0.15,31472.280000000002,-2341.25,-2.827596618357488,0.4384057971014492,0.1823671497584541,0.10990338164251207,0.012809049741550341,0.18,0.075,0.6645,2.25,869.4000000000001,0.2693236714975845,0.6207729468599034,-0.07439086078288576,38.010000000000005,0.85,0.3079120879120879,-3425.83,605,0.7306763285024155
Chicken Dishes,25992,Classic Chicken Dishes Corner,QSR,CBD,0.99,37.15,903,197,7318.55,424,176,106,15751.6,6538.4,3937.9,0.275219822190702,0.385960437194444,0.28,10,2.95,312.7,2479.67,926.51,384.59,1021.54,0.28,0.6,0.25,0.15,33546.450000000004,4812.31,5.329246954595792,0.46954595791805087,0.19490586932447393,0.11738648947951272,0.009321403606044752,0.168,0.07,0.4425,1.5,893.97,0.21816168327796231,0.6644518272425248,0.14345213875089613,37.150000000000006,0.85,9.637169811320755,1311.1,706,0.7818383167220376
Chicken Dishes,26397,Urban Chicken Dishes Diner,Full-service,South Auckland,1.05,44.41,1117,295,13100.95,493,206,123,21894.13,9148.46,5462.43,0.373765610810369,0.488650142215192,0.32,11,3.25,399.75,1802.48,-3993.83,-1668.82,351.79,0.36,0.6,0.25,0.15,49605.97,-3508.38,-3.140895255147717,0.44136078782453,0.18442256042972244,0.11011638316920323,0.008058505861290486,0.192,0.08,0.4875,1.65,1172.8500000000001,0.26410026857654434,0.6257833482542524,-0.07072495508101143,44.410000000000004,0.85,2.8600813008130084,-5662.65,822,0.7358997314234557
Chicken Dishes,25994,Classic Chicken Dishes House,Cafe,North Shore,1.03,38.81,1208,306,11875.86,541,226,135,20996.21,8771.06,5239.35,0.279093513116241,0.403864918788895,0.33,7,2.07,279.45,3765.14,-272.08,-113.66,1381.64,0.34,0.6,0.25,0.15,46882.479999999996,4761.04,3.9412582781456953,0.44784768211920534,0.1870860927152318,0.11175496688741723,0.005960648839395869,0.198,0.0825,0.31049999999999994,1.05,1244.24,0.2533112582781457,0.634933774834437,0.10155264823874506,38.809999999999995,0.85,10.234370370370371,-385.74,902,0.7466887417218543
Chicken Dishes,26035,Top Chicken Dishes Corner,Full-service,West Auckland,1.04,46.7,1772,497,23209.9,765,319,191,35725.5,14897.3,8919.7,0.371603379561566,0.546367139532231,0.3,10,2.95,563.45,1903.9,-7787.11,-3247.17,168.23,0.39,0.6,0.25,0.15,82752.4,-8962.15,-5.057646726862302,0.4317155756207675,0.18002257336343117,0.1077878103837472,0.006808865966425144,0.18,0.075,0.4425,1.5,1842.88,0.2804740406320542,0.6117381489841988,-0.10830078644244759,46.699999999999996,0.85,0.880785340314136,-11034.279999999999,1275,0.7195259593679458
Chicken Dishes,26157,Lucky Chicken Dishes Cafe,QSR,West Auckland,1.04,40.3,1585,327,13178.1,755,314,189,30426.5,12654.2,7616.7,0.23987269192934,0.437369135953486,0.3,3,0.89,168.21,4253.34,692.45,287.99,2290.14,0.26,0.6,0.25,0.15,63875.5,7523.92,4.746952681388013,0.47634069400630913,0.19810725552050473,0.11924290220820188,0.0026334040438039624,0.18,0.075,0.1335,0.44999999999999996,1648.4,0.20630914826498423,0.6744479495268139,0.11779038911632786,40.3,0.85,12.117142857142856,980.44,1258,0.7936908517350157
Chicken Dishes,25511,Classic Chicken Dishes Cafe,Cafe,West Auckland,1.04,41.47,778,179,7423.13,359,150,90,14887.73,6220.5,3732.3,0.206451105829328,0.418182221613824,0.28,10,2.95,265.5,2786.4,1419.79,593.23,1135.48,0.3,0.6,0.25,0.15,32263.66,5934.9,7.628406169665809,0.461439588688946,0.1928020565552699,0.11568123393316196,0.008229072585069394,0.168,0.07,0.4425,1.5,809.12,0.2300771208226221,0.6542416452442159,0.1839499920343817,41.47,0.85,12.616444444444445,2013.02,599,0.7699228791773779
Chicken Dishes,25552,Classic Chicken Dishes Kitchen,QSR,West Auckland,1.04,37.01,858,160,5921.6,419,174,105,15507.19,6439.74,3886.05,0.262482558079064,0.391402517212555,0.32,11,3.25,341.25,2049.55,404.97,168.17,1003.77,0.23,0.6,0.25,0.15,31754.579999999998,3626.4600000000005,4.226643356643357,0.4883449883449884,0.2027972027972028,0.1223776223776224,0.010746481294981701,0.192,0.08,0.4875,1.65,892.32,0.1864801864801865,0.6911421911421912,0.11420273862856951,37.01,0.85,9.559714285714286,573.14,698,0.8135198135198135
Chicken Dishes,26403,Classic Chicken Dishes Eatery,QSR,South Auckland,1.05,39.74,1090,231,9179.94,515,215,129,20466.1,8544.1,5126.46,0.236420505195856,0.442328492319211,0.3,10,2.95,380.55,2949.06,434.93,181.57,1266.33,0.27,0.6,0.25,0.15,43316.6,4831.889999999999,4.432926605504587,0.4724770642201835,0.19724770642201836,0.11834862385321102,0.008785315560316368,0.18,0.075,0.4425,1.5,1144.5,0.21192660550458717,0.6697247706422018,0.11154822862366852,39.74,0.85,9.816511627906976,616.5,859,0.7880733944954128
Chicken Dishes,25636,King Chicken Dishes Grill,QSR,South Auckland,1.05,41.3,860,193,7970.9,400,167,100,16520.0,6897.1,4130.0,0.216888165101409,0.41051693004556,0.3,7,2.07,207.0,2969.92,1199.27,500.69,1331.82,0.29,0.6,0.25,0.15,35518.0,6001.7,6.978720930232558,0.46511627906976744,0.1941860465116279,0.11627906976744186,0.005828030857593333,0.18,0.075,0.31049999999999994,1.05,903.0,0.22441860465116278,0.6593023255813953,0.16897629371023143,41.3,0.85,13.3182,1699.96,667,0.7755813953488372
Chicken Dishes,26526,King Chicken Dishes Eatery,QSR,South Auckland,1.05,47.14,1669,365,17206.1,782,326,196,36863.48,15367.64,9239.44,0.205915519483387,0.41907460920047,0.32,9,2.66,521.36,6452.46,2027.86,845.37,2943.52,0.28,0.6,0.25,0.15,78676.66,12269.210000000001,7.351234272019174,0.4685440383463152,0.19532654284002396,0.11743559017375674,0.00662661582227817,0.192,0.08,0.399,1.3499999999999999,1752.45,0.2186938286399041,0.6638705811863391,0.15594472363214198,47.14,0.85,15.017959183673469,2873.23,1304,0.7813061713600958
Chicken Dishes,26002,Top Chicken Dishes Bistro,Cafe,North Shore,1.03,37.74,574,161,6076.14,248,103,62,9359.52,3887.22,2339.88,0.265319737531245,0.413660392141901,0.31,17,5.02,311.24,1950.56,103.14,42.84,439.91,0.39,0.6,0.25,0.15,21662.760000000002,2536.45,4.41890243902439,0.43205574912891986,0.17944250871080136,0.10801393728222997,0.014367513650153534,0.186,0.0775,0.7529999999999999,2.55,591.22,0.28048780487804875,0.6114982578397212,0.11708803495030179,37.74,0.85,7.095322580645162,145.98000000000002,413,0.7195121951219512
Chicken Dishes,26407,Urban Chicken Dishes Eatery,Cafe,West Auckland,1.04,42.96,729,201,8634.96,317,132,79,13618.32,5670.72,3393.84,0.217929768580943,0.430856885272078,0.29,17,5.02,396.58,3032.71,833.62,347.12,795.38,0.38,0.6,0.25,0.15,31317.84,5008.83,6.87082304526749,0.4348422496570645,0.18106995884773663,0.10836762688614542,0.0126630699946101,0.174,0.0725,0.7529999999999999,2.55,758.1600000000001,0.27572016460905346,0.6159122085048011,0.15993535952671065,42.96,0.85,10.068101265822785,1180.74,528,0.7242798353909465
Chicken Dishes,26650,Urban Chicken Dishes Grill,QSR,CBD,0.99,44.38,972,200,8876.0,463,193,116,20547.94,8565.34,5148.08,0.261481612157077,0.361943576228805,0.3,6,1.77,205.32,3342.48,1573.45,655.89,1733.32,0.26,0.6,0.25,0.15,43137.36,7305.14,7.515576131687243,0.47633744855967075,0.19855967078189302,0.11934156378600823,0.004759679312781311,0.18,0.075,0.2655,0.8999999999999999,962.28,0.205761316872428,0.6748971193415637,0.16934601468425514,44.38,0.85,14.942413793103448,2229.34,772,0.7942386831275721
Chicken Dishes,25195,Classic Chicken Dishes Tavern,Ghost Kitchen,West Auckland,1.04,45.12,1002,38,1714.56,578,241,145,26079.36,10873.92,6542.4,0.277063583978452,0.22255689316662,0.31,15,4.43,642.35,857.93,4964.98,2070.17,2631.33,0.04,0.6,0.25,0.15,45210.240000000005,10524.41,10.503403193612774,0.5768463073852295,0.24051896207584827,0.14471057884231533,0.014208064367718463,0.186,0.0775,0.6645,2.25,1042.08,0.03792415169660678,0.8173652694610777,0.23278819134780082,45.120000000000005,0.85,18.14710344827586,7035.15,964,0.9620758483033932
Chicken Dishes,25075,Lucky Chicken Dishes Corner,Cafe,West Auckland,1.04,43.83,1005,260,11395.8,447,186,112,19592.01,8152.38,4908.96,0.254103430975229,0.431581871630624,0.27,8,2.36,264.32,3581.87,868.21,361.27,1278.64,0.35,0.6,0.25,0.15,44049.149999999994,6089.990000000001,6.059691542288558,0.4447761194029851,0.18507462686567167,0.11144278606965176,0.0060005698180328115,0.162,0.0675,0.354,1.2,1045.2,0.2587064676616916,0.6298507462686568,0.13825442715693723,43.82999999999999,0.85,11.416428571428572,1229.48,745,0.7412935323383084
Chicken Dishes,25197,Lucky Chicken Dishes Diner,Cafe,West Auckland,1.04,46.02,984,291,13391.82,416,173,104,19144.32,7961.46,4786.08,0.220303283929825,0.406533859437332,0.29,10,2.95,306.8,4997.33,1592.1,662.1,1479.19,0.42,0.6,0.25,0.15,45283.68,8730.720000000001,8.872682926829269,0.4227642276422764,0.1758130081300813,0.1056910569105691,0.006775067750677507,0.174,0.0725,0.4425,1.5,1023.36,0.29573170731707316,0.5985772357723577,0.1928005851114574,46.02,0.85,14.22298076923077,2254.2,693,0.7042682926829268
Chicken Dishes,25158,Urban Chicken Dishes Diner,QSR,CBD,0.99,42.41,538,111,4707.51,256,107,64,10856.96,4537.87,2714.24,0.205707859862596,0.422846574056894,0.29,17,5.02,321.28,1748.58,884.25,369.59,686.91,0.26,0.6,0.25,0.15,22816.58,3689.33,6.857490706319703,0.4758364312267657,0.19888475836431224,0.11895910780669143,0.014080988474170974,0.174,0.0725,0.7529999999999999,2.55,532.62,0.20631970260223048,0.674721189591078,0.16169513573024527,42.410000000000004,0.85,10.73296875,1253.84,427,0.7936802973977695
Chicken Dishes,25607,Top Chicken Dishes Bistro,QSR,South Auckland,1.05,35.09,1951,390,13685.1,937,390,234,32879.33,13685.1,8211.06,0.213525548540056,0.382258386537433,0.31,9,2.66,622.44,5531.74,3097.76,1289.36,2696.6,0.25,0.6,0.25,0.15,68460.59,12615.460000000001,6.466150691952845,0.4802665299846233,0.19989748846745262,0.11993849308047155,0.009091946183928595,0.186,0.0775,0.399,1.3499999999999999,2048.55,0.19989748846745262,0.6801640184520759,0.18427331695505403,35.089999999999996,0.85,11.523931623931624,4387.12,1561,0.8001025115325474
Chicken Dishes,25928,Lucky Chicken Dishes Diner,Cafe,North Shore,1.03,32.62,1331,352,11482.24,587,245,147,19147.94,7991.9,4795.14,0.255863533467054,0.374861979205161,0.28,13,3.84,564.48,4240.1,1709.42,713.47,1206.24,0.36,0.6,0.25,0.15,43417.22,7869.2300000000005,5.912268970698723,0.4410217881292261,0.18407212622088653,0.11044327573253193,0.01300129303534404,0.168,0.07,0.576,1.95,1370.93,0.2644628099173554,0.6250939143501126,0.1812467495615795,32.62,0.85,8.205714285714286,2422.8900000000003,979,0.7355371900826446
Chicken Dishes,25081,Lucky Chicken Dishes Bistro,QSR,South Auckland,1.05,44.48,1028,218,9696.64,486,202,122,21617.28,8984.96,5426.56,0.217780247461051,0.429491965961643,0.32,16,4.72,575.84,3420.27,707.49,294.06,1338.26,0.27,0.6,0.25,0.15,45725.439999999995,5760.080000000001,5.6031906614786005,0.47276264591439693,0.19649805447470817,0.11867704280155644,0.012593427203762284,0.192,0.08,0.708,2.4,1079.4,0.21206225680933855,0.6692607003891051,0.12597101307281028,44.48,0.85,10.969344262295081,1001.55,810,0.7879377431906615
Chicken Dishes,25445,Top Chicken Dishes Eatery,Full-service,North Shore,1.03,44.76,1663,403,18038.28,756,315,189,33838.56,14099.4,8459.64,0.385186138481367,0.481903146370314,0.33,16,4.72,892.08,2397.48,-6669.22,-2778.84,232.3,0.32,0.6,0.25,0.15,74435.87999999999,-6818.28,-4.099987973541792,0.45460012026458213,0.18941671677690922,0.11365003006614553,0.011984542938163693,0.198,0.0825,0.708,2.4,1712.89,0.24233313289236322,0.6440168370414914,-0.09159937385035283,44.75999999999999,0.85,1.2291005291005292,-9448.060000000001,1260,0.7576668671076368
Chicken Dishes,25367,Urban Chicken Dishes Tavern,QSR,West Auckland,1.04,35.22,1993,448,15778.56,927,386,232,32648.94,13594.92,8171.04,0.249436927586794,0.424369999393821,0.32,11,3.25,754.0,5146.86,202.2,84.19,1911.34,0.29,0.6,0.25,0.15,70193.45999999999,7344.589999999999,3.685193176116407,0.4651279478173608,0.1936778725539388,0.1164074259909684,0.010741741467082547,0.192,0.08,0.4875,1.65,2072.7200000000003,0.22478675363773207,0.6588058203712996,0.10463353708450901,35.22,0.85,8.23853448275862,286.39,1545,0.775213246362268
Chicken Dishes,26539,Urban Chicken Dishes Diner,Ghost Kitchen,North Shore,1.03,34.09,700,20,681.8,408,170,102,13908.72,5795.3,3477.18,0.290788418869488,0.280518082971685,0.32,15,4.43,451.86,292.28,1511.79,629.91,1038.78,0.03,0.6,0.25,0.15,23863.0,3472.76,4.961085714285715,0.5828571428571429,0.24285714285714285,0.1457142857142857,0.018935590663370073,0.192,0.08,0.6645,2.25,721.0,0.02857142857142857,0.8257142857142857,0.14552906172736035,34.09,0.85,10.184117647058823,2141.7,680,0.9714285714285714
Chicken Dishes,25165,King Chicken Dishes Bistro,Cafe,West Auckland,1.04,35.01,1272,315,11028.15,574,239,144,20095.74,8367.39,5041.44,0.245988546796143,0.3992873826297,0.32,13,3.84,552.96,3911.95,697.81,290.55,1235.36,0.33,0.6,0.25,0.15,44532.72,6135.67,4.823639937106918,0.45125786163522014,0.18789308176100628,0.11320754716981131,0.012416937478779649,0.192,0.08,0.576,1.95,1322.88,0.24764150943396224,0.6391509433962265,0.13777891851205137,35.01,0.85,8.578888888888889,988.3599999999999,957,0.7523584905660378
Chicken Dishes,25085,Urban Chicken Dishes Bistro,QSR,West Auckland,1.04,42.01,1073,186,7813.86,532,222,133,22349.32,9326.22,5587.33,0.212877042852342,0.391266911453567,0.29,18,5.31,706.23,3093.16,2365.81,987.24,1505.55,0.21,0.6,0.25,0.15,45076.73,7951.759999999999,7.410773532152842,0.49580615097856473,0.2068965517241379,0.12395153774464118,0.015667285537349314,0.174,0.0725,0.7964999999999999,2.6999999999999997,1115.92,0.17334575955265608,0.7027027027027026,0.1764049876732407,42.010000000000005,0.85,11.319924812030076,3353.05,887,0.8266542404473439
Chicken Dishes,25167,Classic Chicken Dishes Kitchen,Full-service,North Shore,1.03,43.09,759,184,7928.56,345,144,86,14866.05,6204.96,3705.74,0.35448792935349,0.494046525796875,0.32,12,3.54,304.44,1200.9,-2505.44,-1045.75,256.85,0.32,0.6,0.25,0.15,32705.309999999998,-2093.44,-2.758155467720685,0.45454545454545453,0.18972332015810278,0.11330698287220027,0.009308580166339961,0.192,0.08,0.531,1.7999999999999998,781.77,0.24242424242424246,0.6442687747035573,-0.06400917771456685,43.089999999999996,0.85,2.9866279069767443,-3551.19,575,0.7575757575757576
Chicken Dishes,26179,King Chicken Dishes Bistro,QSR,CBD,0.99,31.41,795,183,5748.03,367,153,92,11527.47,4805.73,2889.72,0.259624825064093,0.393279615207575,0.32,7,2.07,190.44,1995.12,312.34,130.21,812.57,0.3,0.6,0.25,0.15,24970.95,3250.2400000000002,4.088352201257862,0.4616352201257861,0.19245283018867923,0.11572327044025156,0.007626461948784487,0.192,0.08,0.31049999999999994,1.05,787.05,0.230188679245283,0.6540880503144654,0.13016084690410257,31.41,0.85,8.832282608695653,442.54999999999995,612,0.769811320754717
Chicken Dishes,25776,King Chicken Dishes Eatery,QSR,North Shore,1.03,37.2,1258,226,8407.2,619,258,155,23026.8,9597.6,5766.0,0.213880963716656,0.395282943965867,0.27,11,3.25,503.75,3285.84,2782.47,1159.74,1749.81,0.22,0.6,0.25,0.15,46797.6,8977.859999999999,7.136613672496025,0.49205087440381556,0.20508744038155804,0.12321144674085852,0.010764440911499735,0.162,0.0675,0.4875,1.65,1295.74,0.1796502384737679,0.6971383147853737,0.19184445356172108,37.199999999999996,0.85,11.289096774193547,3942.21,1032,0.8203497615262321
Chicken Dishes,25171,King Chicken Dishes House,Full-service,CBD,0.99,33.41,1672,469,15669.29,722,301,180,24122.02,10056.41,6013.8,0.370620962081011,0.480717744282447,0.32,13,3.84,691.2,2329.42,-4133.04,-1723.05,202.82,0.39,0.6,0.25,0.15,55861.520000000004,-3323.85,-1.9879485645933013,0.43181818181818177,0.18002392344497606,0.10765550239234449,0.012373454929260785,0.192,0.08,0.576,1.95,1655.28,0.2805023923444976,0.6118421052631579,-0.0595016032503233,33.410000000000004,0.85,1.1267777777777777,-5856.09,1203,0.7194976076555024
Chicken Dishes,25333,Urban Chicken Dishes Kitchen,Full-service,South Auckland,1.05,44.8,858,236,10572.8,373,156,93,16710.4,6988.8,4166.4,0.3708173648105,0.458023537439294,0.32,18,5.31,493.83,1809.63,-2487.19,-1040.22,219.29,0.38,0.6,0.25,0.15,38438.4,-1498.49,-1.7464918414918416,0.4347319347319348,0.18181818181818182,0.10839160839160837,0.01284730894105894,0.192,0.08,0.7964999999999999,2.6999999999999997,900.9000000000001,0.275058275058275,0.6165501165501166,-0.03898419289044289,44.800000000000004,0.85,2.357956989247312,-3527.41,622,0.7249417249417249
Chicken Dishes,25212,King Chicken Dishes Bistro,QSR,North Shore,1.03,42.99,1568,293,12596.07,765,319,191,32887.35,13713.81,8211.09,0.258225029017776,0.397926656459458,0.31,9,2.66,508.06,4331.14,1113.18,464.19,2315.31,0.23,0.6,0.25,0.15,67408.31999999999,8223.82,5.244783163265306,0.4878826530612245,0.20344387755102042,0.12181122448979594,0.007537051806067857,0.186,0.0775,0.399,1.3499999999999999,1615.04,0.1868622448979592,0.6913265306122449,0.12200007358142141,42.989999999999995,0.85,12.122041884816754,1577.3700000000001,1275,0.8131377551020408
Chicken Dishes,25456,Lucky Chicken Dishes Diner,Ghost Kitchen,CBD,0.99,39.07,731,66,2578.62,399,166,100,15588.93,6485.62,3907.0,0.298259165755007,0.260742055915762,0.31,13,3.84,384.0,1137.17,2042.13,849.61,1338.98,0.1,0.6,0.25,0.15,28560.17,5367.89,7.343214774281806,0.545827633378933,0.2270861833105335,0.13679890560875513,0.013445298119724077,0.186,0.0775,0.576,1.95,723.6899999999999,0.09028727770177838,0.7729138166894665,0.1879502117809523,39.07,0.85,13.389800000000001,2891.7400000000002,665,0.9097127222982216
Chicken Dishes,25256,Top Chicken Dishes House,Full-service,West Auckland,1.04,35.63,1171,334,11900.42,502,209,126,17886.26,7446.67,4489.38,0.388174420711584,0.47237464452628,0.3,10,2.95,371.7,1659.52,-2871.62,-1195.56,254.35,0.4,0.6,0.25,0.15,41722.729999999996,-2153.31,-1.838864218616567,0.4286934244235696,0.17847993168232282,0.10760034158838601,0.00890881301391352,0.18,0.075,0.4425,1.5,1217.8400000000001,0.28522630230572166,0.6071733561058925,-0.051609997715873344,35.629999999999995,0.85,2.0186507936507936,-4067.18,837,0.7147736976942783
Chicken Dishes,25215,Top Chicken Dishes Eatery,QSR,West Auckland,1.04,46.68,1998,461,21519.48,922,384,231,43038.96,17925.12,10783.08,0.204193348046392,0.439557751268148,0.3,8,2.36,545.16,7666.29,2420.89,1008.27,3296.3,0.3,0.6,0.25,0.15,93266.64,14391.75,7.203078078078078,0.46146146146146144,0.1921921921921922,0.11561561561561562,0.005845176796333608,0.18,0.075,0.354,1.2,2077.92,0.23073073073073072,0.6536536536536537,0.15430758522018162,46.68,0.85,14.269696969696971,3429.16,1537,0.7692692692692693
Chicken Dishes,26066,Classic Chicken Dishes Cafe,Full-service,North Shore,1.03,36.88,2016,488,17997.44,917,382,229,33818.96,14088.16,8445.52,0.364424720557872,0.490821451018564,0.32,6,1.77,405.33,2605.2,-5926.64,-2468.9,817.19,0.32,0.6,0.25,0.15,74350.08,-4973.15,-2.4668402777777776,0.4548611111111111,0.18948412698412698,0.11359126984126984,0.00545164174672038,0.192,0.08,0.2655,0.8999999999999999,2076.48,0.24206349206349204,0.644345238095238,-0.0668882938659918,36.88,0.85,3.568515283842795,-8395.54,1528,0.7579365079365079
Chicken Dishes,25340,Lucky Chicken Dishes Eatery,Ghost Kitchen,North Shore,1.03,37.17,1603,90,3345.3,908,378,227,33750.36,14050.26,8437.59,0.286825301346835,0.303219975659158,0.28,12,3.54,803.58,1371.42,4386.02,1825.9,2655.45,0.06,0.6,0.25,0.15,59583.51000000001,10238.79,6.387267623206489,0.5664379288833437,0.2358078602620087,0.1416094822208359,0.013486617354365325,0.168,0.07,0.531,1.7999999999999998,1651.0900000000001,0.0561447286338116,0.8022457891453524,0.1718393226582321,37.17000000000001,0.85,11.698017621145373,6211.92,1513,0.9438552713661884
Chicken Dishes,26068,Classic Chicken Dishes Diner,QSR,South Auckland,1.05,34.06,680,113,3848.78,340,142,85,11580.4,4836.52,2895.1,0.230005491450429,0.352446301886812,0.33,14,4.13,351.05,1607.05,1013.84,423.43,857.79,0.2,0.6,0.25,0.15,23160.8,3902.1099999999997,5.738397058823529,0.5,0.20882352941176474,0.125,0.015157075748678804,0.198,0.0825,0.6194999999999999,2.1,714.0,0.16617647058823531,0.7088235294117646,0.16847906808054988,34.06,0.85,10.09164705882353,1437.27,567,0.8338235294117647
Chicken Dishes,25828,Top Chicken Dishes House,QSR,West Auckland,1.04,39.41,1595,308,12138.28,772,322,193,30424.52,12690.02,7606.13,0.214307933114469,0.385674491571262,0.27,17,5.02,968.86,4855.53,3955.72,1649.93,2073.73,0.24,0.6,0.25,0.15,62858.950000000004,12534.91,7.858877742946708,0.48401253918495296,0.2018808777429467,0.12100313479623824,0.01541323868756955,0.162,0.0675,0.7529999999999999,2.55,1658.8,0.19310344827586207,0.6858934169278996,0.19941328959519686,39.410000000000004,0.85,10.744715025906736,5605.65,1287,0.8068965517241379
Chicken Dishes,26192,King Chicken Dishes Kitchen,Cafe,South Auckland,1.05,41.18,607,150,6177.0,274,114,69,11283.32,4694.52,2841.42,0.203506287503988,0.445038418960758,0.31,4,1.18,81.42,2170.94,467.75,194.61,917.21,0.33,0.6,0.25,0.15,24996.260000000002,3750.51,6.1787644151565075,0.45140032948929154,0.18780889621087316,0.11367380560131796,0.0032572872901786105,0.186,0.0775,0.177,0.6,637.35,0.24711696869851726,0.6392092257001647,0.1500428464098229,41.18000000000001,0.85,13.292898550724638,662.36,457,0.7528830313014827
Chicken Dishes,26556,Lucky Chicken Dishes Bistro,QSR,North Shore,1.03,42.62,947,201,8566.62,448,186,112,19093.76,7927.32,4773.44,0.200384865794331,0.403270493354648,0.32,9,2.66,297.92,3395.33,1457.71,605.21,1594.01,0.27,0.6,0.25,0.15,40361.14,7052.26,7.446948257655755,0.4730728616684266,0.19640971488912354,0.11826821541710665,0.007381357414582443,0.192,0.08,0.399,1.3499999999999999,975.4100000000001,0.21224920802534322,0.6694825765575502,0.17472895958835652,42.62,0.85,14.232232142857143,2062.92,746,0.7877507919746568
Chicken Dishes,25546,Top Chicken Dishes Bistro,Ghost Kitchen,CBD,0.99,39.82,1553,101,4021.82,871,363,218,34683.22,14454.66,8680.76,0.282705360825639,0.204562456498388,0.31,16,4.72,1028.96,2062.12,7031.4,2930.42,3421.95,0.07,0.6,0.25,0.15,61840.46,15445.89,9.945840309079202,0.5608499678042499,0.23374114616870573,0.14037347070186737,0.016638944794395125,0.186,0.0775,0.708,2.4,1537.47,0.06503541532517708,0.7945911139729557,0.24976997260369665,39.82,0.85,15.697018348623853,9961.82,1452,0.9349645846748229
Chicken Dishes,25102,Lucky Chicken Dishes House,Cafe,West Auckland,1.04,46.17,988,301,13897.17,412,172,103,19022.04,7941.24,4755.51,0.276689210943878,0.434818431828171,0.28,4,1.18,121.54,4009.23,161.54,67.44,1250.39,0.44,0.6,0.25,0.15,45615.96,5488.6,5.555263157894737,0.417004048582996,0.17408906882591094,0.104251012145749,0.0026644183307772107,0.168,0.07,0.177,0.6,1027.52,0.30465587044534415,0.5910931174089069,0.1203219224148741,46.17,0.85,12.139708737864078,228.98,687,0.6953441295546559
Chicken Dishes,25831,Classic Chicken Dishes Cafe,QSR,West Auckland,1.04,33.86,1119,216,7313.76,542,226,135,18352.12,7652.36,4571.1,0.230185089539737,0.372177442302927,0.33,9,2.66,359.1,2908.23,1241.29,517.59,1458.54,0.24,0.6,0.25,0.15,37889.34,6125.650000000001,5.474218051831993,0.484361036639857,0.20196604110813227,0.12064343163538876,0.009477599768166985,0.198,0.0825,0.399,1.3499999999999999,1163.76,0.193029490616622,0.6863270777479893,0.16167212202693426,33.86,0.85,10.804,1758.88,903,0.806970509383378
Chicken Dishes,26317,King Chicken Dishes Bistro,Full-service,North Shore,1.03,42.14,1368,376,15844.64,595,248,149,25073.3,10450.72,6278.86,0.382143007102422,0.537774474616163,0.31,7,2.07,308.43,1268.88,-5764.79,-2402.8,194.4,0.38,0.6,0.25,0.15,57647.520000000004,-6704.31,-4.900811403508772,0.43494152046783624,0.1812865497076023,0.10891812865497075,0.005350273524342418,0.186,0.0775,0.31049999999999994,1.05,1409.04,0.27485380116959063,0.6162280701754385,-0.11629832471544309,42.14,0.85,1.3046979865771813,-8167.59,992,0.7251461988304093
Chicken Dishes,26561,Urban Chicken Dishes Cafe,Full-service,North Shore,1.03,37.96,2020,556,21105.76,878,366,220,33328.88,13893.36,8351.2,0.368885997275356,0.511095896852203,0.27,11,3.25,715.0,2533.07,-4998.73,-2083.75,287.3,0.38,0.6,0.25,0.15,76679.2,-4262.11,-2.1099554455445544,0.43465346534653465,0.1811881188118812,0.10891089108910892,0.009324562593245626,0.162,0.0675,0.4875,1.65,2080.6,0.2752475247524752,0.6158415841584158,-0.055583652411605754,37.96,0.85,1.305909090909091,-7082.48,1464,0.7247524752475247
Chicken Dishes,25227,Top Chicken Dishes House,Cafe,West Auckland,1.04,43.03,1650,409,17599.27,745,310,186,32057.35,13339.3,8003.58,0.27914120843634,0.358007818041369,0.29,11,3.25,604.5,6385.91,2335.41,971.78,2299.61,0.33,0.6,0.25,0.15,70999.5,11992.710000000001,7.268309090909091,0.4515151515151515,0.18787878787878787,0.11272727272727273,0.008514144465806098,0.174,0.0725,0.4875,1.65,1716.0,0.2478787878787879,0.6393939393939393,0.1689125979760421,43.03,0.85,12.363494623655914,3307.1899999999996,1241,0.7521212121212121
Chicken Dishes,26684,Urban Chicken Dishes Cafe,Cafe,West Auckland,1.04,38.07,1869,453,17245.71,850,354,212,32359.5,13476.78,8070.84,0.24827335441485,0.353594812029041,0.28,18,5.31,1125.72,6866.07,3822.69,1592.04,2087.54,0.32,0.6,0.25,0.15,71152.83,14368.34,7.687715355805244,0.45478865703584803,0.18940609951845908,0.11342964151952915,0.015821155672936692,0.168,0.07,0.7964999999999999,2.6999999999999997,1943.76,0.2423756019261637,0.6441947565543071,0.20193631089585615,38.07,0.85,9.84688679245283,5414.73,1416,0.7576243980738363
Chicken Dishes,25229,Urban Chicken Dishes Bistro,Full-service,South Auckland,1.05,35.28,1240,321,11324.88,551,230,138,19439.28,8114.4,4868.64,0.378113026753999,0.511406652932055,0.28,18,5.31,732.78,1251.18,-3295.34,-1375.55,-194.89,0.35,0.6,0.25,0.15,43747.2,-3614.6,-2.915,0.4443548387096774,0.18548387096774194,0.11129032258064518,0.016750329163923633,0.168,0.07,0.7964999999999999,2.6999999999999997,1302.0,0.25887096774193546,0.6298387096774194,-0.08262471655328799,35.28,0.85,-1.412246376811594,-4670.89,919,0.7411290322580645
Chicken Dishes,26282,Lucky Chicken Dishes Eatery,Full-service,North Shore,1.03,43.95,595,160,7032.0,261,109,65,11470.95,4790.55,2856.75,0.357106717023998,0.460605021612719,0.3,9,2.66,172.9,1281.85,-1350.27,-563.9,347.85,0.37,0.6,0.25,0.15,26150.25,-284.47,-0.4781008403361345,0.438655462184874,0.18319327731092439,0.1092436974789916,0.006611791474268889,0.18,0.075,0.399,1.3499999999999999,612.85,0.2689075630252101,0.6218487394957983,-0.010878289882505904,43.95,0.85,5.351538461538462,-1914.17,435,0.7310924369747899
Chicken Dishes,26687,Classic Chicken Dishes Grill,Cafe,CBD,0.99,42.69,857,249,10629.81,365,152,91,15581.85,6488.88,3884.79,0.203195755705237,0.435937949130312,0.27,14,4.13,375.83,3835.94,1415.86,589.62,1026.06,0.41,0.6,0.25,0.15,36585.33,6867.48,8.013395565927654,0.425904317386231,0.17736289381563594,0.10618436406067677,0.010272696733909466,0.162,0.0675,0.6194999999999999,2.1,848.43,0.29054842473745623,0.6032672112018669,0.18771130395707786,42.690000000000005,0.85,11.275384615384615,2005.48,608,0.7094515752625438
Chicken Dishes,26163,Urban Chicken Dishes Eatery,Cafe,South Auckland,1.05,32.18,1634,458,14738.44,706,294,176,22719.08,9460.92,5663.68,0.23119045805186,0.391849460615776,0.29,9,2.66,468.16,5555.8,1975.65,822.72,1666.82,0.39,0.6,0.25,0.15,52582.12,10020.99,6.132796817625459,0.4320685434516524,0.1799265605875153,0.10771113831089352,0.008903406709352912,0.174,0.0725,0.399,1.3499999999999999,1715.7,0.2802937576499388,0.6119951040391677,0.19057789986406024,32.18,0.85,9.470568181818182,2798.37,1176,0.7197062423500612
Chicken Dishes,25233,Top Chicken Dishes Eatery,Cafe,South Auckland,1.05,32.49,1018,285,9259.65,440,183,110,14295.6,5945.67,3573.9,0.243077787533402,0.413106628856622,0.27,11,3.25,357.5,3183.61,1055.24,438.88,871.26,0.39,0.6,0.25,0.15,33074.82,5548.990000000001,5.450874263261297,0.43222003929273084,0.17976424361493124,0.10805500982318271,0.01080882677517217,0.162,0.0675,0.4875,1.65,1068.9,0.2799607072691552,0.611984282907662,0.1677708298941612,32.49,0.85,7.920545454545454,1494.12,733,0.7200392927308448
Chicken Dishes,25599,King Chicken Dishes Kitchen,Ghost Kitchen,South Auckland,1.05,42.03,768,36,1513.08,439,183,110,18451.17,7691.49,4623.3,0.294218092900701,0.279581973724999,0.32,15,4.43,487.3,644.87,1959.51,816.84,1483.15,0.05,0.6,0.25,0.15,32279.039999999997,4904.370000000001,6.385898437500001,0.5716145833333334,0.23828125,0.14322916666666669,0.015096483662463321,0.192,0.08,0.6645,2.25,806.4000000000001,0.046875,0.8098958333333333,0.1519366746966453,42.029999999999994,0.85,13.48318181818182,2776.35,732,0.953125
Chicken Dishes,25963,Urban Chicken Dishes Cafe,Full-service,South Auckland,1.05,40.27,1319,327,13168.29,595,248,149,23960.65,9986.96,6000.23,0.352103648032062,0.511164162075147,0.3,16,4.72,703.28,1800.53,-3912.0,-1630.55,117.14,0.33,0.6,0.25,0.15,53116.130000000005,-3624.8800000000006,-2.748203184230478,0.45109931766489764,0.1880212282031842,0.11296436694465502,0.01324042244794566,0.18,0.075,0.708,2.4,1384.95,0.24791508718726307,0.6391205458680819,-0.06824442970525149,40.27,0.85,0.7861744966442953,-5542.55,992,0.7520849128127369
Chicken Dishes,26571,Lucky Chicken Dishes Eatery,QSR,CBD,0.99,31.03,1240,223,6919.69,610,254,153,18928.3,7881.62,4747.59,0.269377892632037,0.38240882458631,0.32,17,5.02,768.06,2409.53,534.03,222.37,885.11,0.22,0.6,0.25,0.15,38477.2,4051.0400000000004,3.2669677419354843,0.49193548387096775,0.20483870967741938,0.12338709677419356,0.01996143170500972,0.192,0.08,0.7529999999999999,2.55,1227.6,0.17983870967741936,0.6967741935483871,0.10528416828667368,31.029999999999998,0.85,5.7850326797385625,756.4,1017,0.8201612903225807
Chicken Dishes,25481,Top Chicken Dishes Cafe,QSR,North Shore,1.03,33.85,711,137,4637.45,344,144,86,11644.4,4874.4,2911.1,0.226030572131276,0.377481628861278,0.3,8,2.36,202.96,1838.69,1123.54,470.32,951.26,0.24,0.6,0.25,0.15,24067.35,4383.81,6.165696202531646,0.4838255977496484,0.20253164556962025,0.1209563994374121,0.008433001556050002,0.18,0.075,0.354,1.2,732.33,0.19268635724331928,0.6863572433192686,0.1821475983022643,33.85,0.85,11.061162790697674,1593.86,574,0.8073136427566807
Chicken Dishes,26209,King Chicken Dishes Kitchen,Full-service,CBD,0.99,39.44,883,282,11122.08,361,150,90,14237.84,5916.0,3549.6,0.390112645179033,0.508231322001666,0.29,13,3.84,345.6,1130.63,-2681.61,-1114.24,15.24,0.47,0.6,0.25,0.15,34825.52,-2649.9800000000005,-3.0011098527746323,0.40883352208380525,0.16987542468856173,0.10192525481313704,0.009923757060913953,0.174,0.0725,0.576,1.95,874.17,0.3193657984144961,0.578708946772367,-0.076093049005442,39.44,0.85,0.16933333333333334,-3795.8500000000004,601,0.6806342015855039
Chicken Dishes,26130,Top Chicken Dishes Bistro,Cafe,South Auckland,1.05,37.21,1126,349,12986.29,466,194,117,17339.86,7218.74,4353.57,0.229364178944379,0.437281638849527,0.31,17,5.02,587.34,4329.03,404.96,168.59,863.94,0.45,0.6,0.25,0.15,41898.46,5766.52,5.121243339253997,0.413854351687389,0.17229129662522202,0.1039076376554174,0.01401817632438042,0.186,0.0775,0.7529999999999999,2.55,1182.3,0.3099467140319716,0.586145648312611,0.1376308341643106,37.21,0.85,7.384102564102564,573.55,777,0.6900532859680284
Chicken Dishes,25726,Lucky Chicken Dishes Cafe,Full-service,North Shore,1.03,36.99,1237,320,11836.8,550,229,138,20344.5,8470.71,5104.62,0.391483740136027,0.501660358789377,0.31,6,1.77,244.26,1264.83,-4132.87,-1720.77,301.2,0.35,0.6,0.25,0.15,45756.63,-4287.61,-3.4661358124494743,0.444624090541633,0.185125303152789,0.11156022635408246,0.005338242785799566,0.186,0.0775,0.2655,0.8999999999999999,1274.1100000000001,0.2586903799514956,0.629749393694422,-0.09370467186940996,36.989999999999995,0.85,2.1826086956521737,-5853.639999999999,917,0.7413096200485044
Chinese,25891,Lotus Cafe,Cafe,West Auckland,1.04,36.32,1084,141,5121.12,471,236,236,17106.72,8571.52,8571.52,0.274584447238594,0.354812013567425,0.27,8,2.36,556.96,1897.91,1721.0,862.33,2619.68,0.15,0.5,0.25,0.25,39370.880000000005,7100.92,6.550664206642066,0.4345018450184502,0.2177121771217712,0.2177121771217712,0.014146496090511565,0.135,0.0675,0.59,2.0,1127.3600000000001,0.13007380073800737,0.6522140221402214,0.18035969731944013,36.32000000000001,0.75,11.100338983050847,2583.33,943,0.8699261992619927
Chinese,25301,Red Cafe,Full-service,North Shore,1.03,34.49,1068,240,8277.6,414,207,207,14278.86,7139.43,7139.43,0.365031025419012,0.484951268648729,0.28,9,2.66,550.62,1241.79,-1856.0,-928.0,520.42,0.29,0.5,0.25,0.25,36835.32,-1021.7900000000001,-0.9567322097378278,0.38764044943820225,0.19382022471910113,0.19382022471910113,0.014948153022696694,0.14,0.07,0.665,2.25,1100.04,0.22471910112359553,0.5814606741573034,-0.02773940880654763,34.49,0.75,2.5141062801932366,-2784.0,828,0.7752808988764045
Chinese,26352,Golden Tavern,QSR,West Auckland,1.04,31.28,1474,214,6693.92,630,315,315,19706.4,9853.2,9853.2,0.250756796356291,0.419234266947024,0.28,8,2.36,743.4,2209.05,985.5,492.75,2508.24,0.17,0.5,0.25,0.25,46106.72,6195.54,4.2032157394843965,0.42740841248303935,0.21370420624151967,0.21370420624151967,0.01612346313075404,0.14,0.07,0.59,2.0,1532.96,0.1451831750339213,0.641112618724559,0.1343739047149743,31.28,0.75,7.962666666666666,1478.25,1260,0.8548168249660787
Chinese,26528,Red House,Cafe,West Auckland,1.04,41.4,1455,211,8735.4,622,311,311,25750.8,12875.4,12875.4,0.246883442923427,0.396020104503259,0.32,11,3.25,1010.75,3119.38,955.26,477.63,3587.01,0.17,0.5,0.25,0.25,60237.0,8139.280000000001,5.594006872852234,0.4274914089347079,0.21374570446735394,0.21374570446735394,0.016779554094659428,0.16,0.08,0.8125,2.75,1513.2,0.14501718213058418,0.6412371134020618,0.13512093895778343,41.4,0.75,11.53379421221865,1432.8899999999999,1244,0.8549828178694158
Chinese,26348,Golden Corner,Full-service,CBD,0.99,31.1,936,257,7992.7,339,170,170,10542.9,5287.0,5287.0,0.35566976229893,0.523437610222027,0.32,6,1.77,300.9,966.26,-2099.17,-1052.68,338.26,0.38,0.5,0.25,0.25,29109.6,-1847.3300000000002,-1.9736431623931625,0.36217948717948717,0.18162393162393164,0.18162393162393164,0.01033679610850029,0.16,0.08,0.4425,1.5,926.64,0.2745726495726496,0.5438034188034189,-0.06346119493225603,31.099999999999998,0.75,1.9897647058823529,-3151.8500000000004,679,0.7254273504273504
Chinese,25417,Sakura Diner,Ghost Kitchen,South Auckland,1.05,36.67,850,62,2273.54,394,197,197,14447.98,7223.99,7223.99,0.260499544837512,0.25565929756267,0.31,10,2.95,581.15,1100.03,2511.65,1255.83,2914.11,0.08,0.5,0.25,0.25,31169.5,7781.620000000001,9.154847058823531,0.46352941176470586,0.23176470588235293,0.23176470588235293,0.01864482907970933,0.155,0.0775,0.7375,2.5,892.5,0.07294117647058823,0.6952941176470588,0.2496549511541732,36.67,0.75,14.792436548223352,3767.48,788,0.9270588235294117
Chinese,25149,Dragon Bistro,QSR,North Shore,1.03,44.95,1199,183,8225.85,508,254,254,22834.6,11417.3,11417.3,0.238834160473198,0.372866330621764,0.31,16,4.72,1198.88,3194.09,1787.94,893.97,3234.45,0.18,0.5,0.25,0.25,53895.05,9110.45,7.598373644703921,0.42368640533778146,0.21184320266889073,0.21184320266889073,0.0222447144960437,0.155,0.0775,1.18,4.0,1234.97,0.15262718932443703,0.6355296080066721,0.16904057051621624,44.95,0.75,12.734055118110236,2681.91,1016,0.8473728106755629
Chinese,25770,Red Cafe,Full-service,West Auckland,1.04,34.29,1784,500,17145.0,642,321,321,22014.18,11007.09,11007.09,0.366976936731953,0.461949086771347,0.29,13,3.84,1232.64,2933.06,-2618.06,-1309.03,650.39,0.39,0.5,0.25,0.25,61173.36,-343.64,-0.19262331838565022,0.3598654708520179,0.17993273542600896,0.17993273542600896,0.020149947624259975,0.145,0.0725,0.96,3.25,1855.3600000000001,0.2802690582959641,0.539798206278027,-0.005617477934839609,34.29,0.75,2.0261370716510902,-3927.09,1284,0.7197309417040358
Chinese,25488,Dragon House,Full-service,CBD,0.99,38.44,586,158,6073.52,214,107,107,8226.16,4113.08,4113.08,0.373289461212698,0.532252552453429,0.31,3,0.89,95.23,573.69,-1773.08,-886.54,293.28,0.37,0.5,0.25,0.25,22525.840000000004,-1792.6499999999999,-3.0591296928327645,0.36518771331058014,0.18259385665529007,0.18259385665529007,0.004227589293007496,0.155,0.0775,0.2225,0.75,580.14,0.26962457337883955,0.5477815699658702,-0.07958193789887523,38.440000000000005,0.75,2.740934579439252,-2659.62,428,0.7303754266211604
Chinese,25907,Lotus Eatery,Full-service,North Shore,1.03,45.17,1209,369,16667.73,420,210,210,18971.4,9485.7,9485.7,0.368693778640591,0.496579301008023,0.31,16,4.72,991.2,2245.59,-3325.18,-1662.59,286.78,0.44,0.5,0.25,0.25,54610.53,-2455.3999999999996,-2.030934656741108,0.3473945409429281,0.17369727047146405,0.17369727047146405,0.018150345730026794,0.155,0.0775,1.18,4.0,1245.27,0.3052109181141439,0.5210918114143921,-0.0449620247230708,45.17,0.75,1.3656190476190475,-4987.7699999999995,840,0.6947890818858561
Chinese,26150,Red Cafe,QSR,South Auckland,1.05,45.05,1474,214,9640.7,630,315,315,28381.5,14190.75,14190.75,0.256000085063279,0.385093395994045,0.31,7,2.07,652.05,3460.11,1388.04,694.02,4441.1,0.17,0.5,0.25,0.25,66403.7,9983.27,6.772910447761194,0.42740841248303935,0.21370420624151967,0.21370420624151967,0.00981948295049824,0.155,0.0775,0.5175,1.75,1547.7,0.1451831750339213,0.641112618724559,0.15034207431212418,45.05,0.75,14.09873015873016,2082.06,1260,0.8548168249660787
Chinese,25097,Sakura Corner,Full-service,South Auckland,1.05,33.03,1807,543,17935.29,632,316,316,20874.96,10437.48,10437.48,0.379762011836283,0.530885064089671,0.3,4,1.18,372.88,1602.57,-4397.25,-2198.62,559.74,0.43,0.5,0.25,0.25,59685.20999999999,-4433.56,-2.4535473159933594,0.34975096845600445,0.17487548422800223,0.17487548422800223,0.006247443880988272,0.15,0.075,0.295,1.0,1897.3500000000001,0.3004980630879912,0.5246264526840066,-0.07428238922171843,33.029999999999994,0.75,1.7713291139240506,-6595.87,1264,0.6995019369120089
Chinese,25637,Sakura Kitchen,Ghost Kitchen,South Auckland,1.05,38.02,1259,71,2699.42,594,297,297,22583.88,11291.94,11291.94,0.281819669611286,0.258577361528296,0.28,12,3.54,1051.38,1240.66,4056.13,2028.07,4138.43,0.06,0.5,0.25,0.25,47867.18000000001,11463.29,9.105075456711676,0.471803018268467,0.2359015091342335,0.2359015091342335,0.021964527678463613,0.14,0.07,0.885,3.0,1321.95,0.05639396346306592,0.7077045274027004,0.23948120612077,38.02,0.75,13.934107744107745,6084.2,1188,0.9436060365369341
Chinese,25662,Golden Corner,Full-service,South Auckland,1.05,41.59,1675,396,16469.64,639,320,320,26576.01,13308.8,13308.8,0.361879253701773,0.480557127622887,0.31,11,3.25,1040.0,2595.02,-4051.15,-2028.75,1056.98,0.31,0.5,0.25,0.25,69663.25,-2427.9,-1.4494925373134329,0.3814925373134328,0.191044776119403,0.191044776119403,0.014928961827075251,0.155,0.0775,0.8125,2.75,1758.75,0.2364179104477612,0.5725373134328358,-0.034851948480726924,41.59,0.75,3.3030625000000002,-6079.9,1279,0.7635820895522388
Chinese,25010,Lotus Bistro,Cafe,CBD,0.99,30.23,1591,307,9280.61,642,321,321,19407.66,9703.83,9703.83,0.257294937353581,0.371753470180556,0.31,17,5.02,1611.42,3442.66,1182.93,591.46,1988.23,0.24,0.5,0.25,0.25,48095.93,7205.280000000001,4.5287743557511,0.4035197988686361,0.20175989943431805,0.20175989943431805,0.0335042902798636,0.155,0.0775,1.255,4.25,1575.09,0.19296040226272784,0.605279698302954,0.14981059727922924,30.23,0.75,6.19386292834891,1774.39,1284,0.8070395977372722
Chinese,25698,Golden Corner,QSR,West Auckland,1.04,43.01,1251,199,8558.99,526,263,263,22623.26,11311.63,11311.63,0.237678518630564,0.418252494675107,0.31,12,3.54,931.02,2944.88,770.75,385.38,2960.96,0.19,0.5,0.25,0.25,53805.509999999995,7061.97,5.64505995203837,0.42046362909672264,0.21023181454836132,0.21023181454836132,0.017303432306468244,0.155,0.0775,0.885,3.0,1301.04,0.15907274180655476,0.630695443645084,0.13124994075885538,43.01,0.75,11.258403041825096,1156.13,1052,0.8409272581934453
Chinese,25496,Dragon Cafe,Ghost Kitchen,South Auckland,1.05,40.74,1493,57,2322.18,718,359,359,29251.32,14625.66,14625.66,0.258602636668365,0.259722995967604,0.28,7,2.07,743.13,1118.53,5899.24,2949.62,6301.68,0.04,0.5,0.25,0.25,60824.82000000001,16269.07,10.89689886135298,0.4809109176155391,0.24045545880776956,0.24045545880776956,0.01221754540334028,0.14,0.07,0.5175,1.75,1567.65,0.03817816476892163,0.7213663764233086,0.26747419885500684,40.74,0.75,17.55342618384401,8848.86,1436,0.9618218352310783
Chinese,26547,Sakura Kitchen,QSR,South Auckland,1.05,32.83,588,93,3053.19,247,124,124,8109.01,4070.92,4070.92,0.27995999859646,0.387278385646641,0.3,4,1.18,146.32,1015.98,265.66,133.37,1208.33,0.19,0.5,0.25,0.25,19304.04,2623.34,4.461462585034014,0.4200680272108843,0.21088435374149658,0.21088435374149658,0.007579760506090953,0.15,0.075,0.295,1.0,617.4,0.15816326530612246,0.6309523809523809,0.13589590572750573,32.83,0.75,9.744596774193548,399.03000000000003,495,0.8418367346938775
Chinese,25741,Golden Kitchen,Ghost Kitchen,West Auckland,1.04,39.1,1263,71,2776.1,596,298,298,23303.6,11651.8,11651.8,0.256131520692725,0.265237062855158,0.27,13,3.84,1144.32,1328.73,4861.86,2430.93,4432.6,0.06,0.5,0.25,0.25,49383.3,13054.12,10.335803642121933,0.4718923198733174,0.2359461599366587,0.2359461599366587,0.023172205988664183,0.135,0.0675,0.96,3.25,1313.52,0.056215360253365,0.707838479809976,0.264342804146341,39.1,0.75,14.874496644295304,7292.789999999999,1192,0.943784639746635
Chinese,25284,Lotus Corner,QSR,South Auckland,1.05,44.83,1205,157,7038.31,524,262,262,23490.92,11745.46,11745.46,0.215055879279971,0.411211355123669,0.3,15,4.43,1160.66,2630.45,1732.05,866.03,3229.0,0.15,0.5,0.25,0.25,54020.15,8457.529999999999,7.018697095435684,0.4348547717842323,0.21742738589211616,0.21742738589211616,0.02148568635962692,0.15,0.075,1.1075,3.75,1265.25,0.13029045643153528,0.6522821576763485,0.15656250491714663,44.83,0.75,12.32442748091603,2598.08,1048,0.8697095435684647
Chinese,26589,Lotus Cafe,Cafe,West Auckland,1.04,45.91,1730,238,10926.58,746,373,373,34248.86,17124.43,17124.43,0.27576122097671,0.44832505309023,0.33,10,2.95,1100.35,3014.79,-1852.39,-926.2,3624.52,0.16,0.5,0.25,0.25,79424.3,3860.72,2.2316300578034682,0.43121387283236995,0.21560693641618497,0.21560693641618497,0.013854072368280235,0.165,0.0825,0.7375,2.5,1799.2,0.1375722543352601,0.6468208092485549,0.04860880108480654,45.910000000000004,0.75,9.717211796246648,-2778.59,1492,0.8624277456647399
Chinese,26590,Golden House,Cafe,North Shore,1.03,46.24,594,82,3791.68,256,128,128,11837.44,5918.72,5918.72,0.233806893564761,0.354515470890328,0.28,16,4.72,604.16,1560.95,1558.73,779.36,1832.44,0.16,0.5,0.25,0.25,27466.56,5731.4800000000005,9.64895622895623,0.43097643097643096,0.21548821548821548,0.21548821548821548,0.021996201926997774,0.14,0.07,1.18,4.0,611.82,0.13804713804713803,0.6464646464646464,0.20867119872310186,46.24,0.75,14.3159375,2338.09,512,0.8619528619528619
Chinese,25971,Sakura Corner,Full-service,North Shore,1.03,42.46,1573,449,19064.54,562,281,281,23862.52,11931.26,11931.26,0.370759552379604,0.479933631652966,0.31,18,5.31,1492.11,2846.47,-3834.54,-1917.27,289.31,0.4,0.5,0.25,0.25,66789.58,-2616.03,-1.6630832803560078,0.35727908455181184,0.17863954227590592,0.17863954227590592,0.02234046089225295,0.155,0.0775,1.3275,4.5,1620.19,0.28544183089637637,0.5359186268277177,-0.039168235524164104,42.46,0.75,1.029572953736655,-5751.8099999999995,1124,0.7145581691036237
Chinese,26688,Dragon Diner,Cafe,South Auckland,1.05,31.55,1315,295,9307.25,510,255,255,16090.5,8045.25,8045.25,0.211062989011407,0.356571935652755,0.31,5,1.48,377.4,4024.13,1968.92,984.46,3101.09,0.29,0.5,0.25,0.25,41488.25,10078.6,7.664334600760457,0.38783269961977185,0.19391634980988592,0.19391634980988592,0.009096551433237121,0.155,0.0775,0.37,1.25,1380.75,0.22433460076045628,0.5817490494296578,0.24292661175152003,31.55,0.75,12.161137254901961,2953.38,1020,0.7756653992395437
Chinese,26256,Lotus Eatery,Full-service,South Auckland,1.05,32.39,1989,422,13668.58,783,392,392,25361.37,12696.88,12696.88,0.381001684686635,0.529079919587821,0.33,13,3.84,1505.28,1229.06,-6088.8,-3048.29,-363.6,0.27,0.5,0.25,0.25,64423.70999999999,-8271.63,-4.15868778280543,0.39366515837104077,0.19708396178984416,0.19708396178984416,0.023365310690737932,0.165,0.0825,0.96,3.25,2088.4500000000003,0.212166918049271,0.590749120160885,-0.12839418903382,32.38999999999999,0.75,-0.9275510204081633,-9137.09,1567,0.787833081950729
Chinese,25623,Red Diner,Full-service,South Auckland,1.05,33.61,2022,546,18351.06,738,369,369,24804.18,12402.09,12402.09,0.360080362763256,0.475989112141542,0.28,3,0.89,328.41,3008.3,-2879.01,-1439.5,1704.67,0.37,0.5,0.25,0.25,67959.42,394.46000000000004,0.19508407517309595,0.3649851632047478,0.1824925816023739,0.1824925816023739,0.004832442654748967,0.14,0.07,0.2225,0.75,2123.1,0.2700296735905045,0.5474777448071217,0.005804346181883248,33.61,0.75,4.61970189701897,-4318.51,1476,0.7299703264094956
Chinese,25869,Red Corner,Cafe,CBD,0.99,40.52,629,100,4052.0,265,132,132,10737.8,5348.64,5348.64,0.237807046491653,0.386706903576851,0.29,6,1.77,233.64,1521.47,917.93,457.23,1774.7,0.19,0.5,0.25,0.25,25487.079999999998,4671.33,7.426597774244833,0.42130365659777425,0.2098569157392687,0.2098569157392687,0.009166997553270127,0.145,0.0725,0.4425,1.5,622.71,0.1589825119236884,0.6311605723370429,0.18328227478392975,40.519999999999996,0.75,13.44469696969697,1375.1599999999999,529,0.8410174880763116
Chinese,25290,Dragon House,Full-service,North Shore,1.03,32.16,1806,458,14729.28,674,337,337,21675.84,10837.92,10837.92,0.356901510525495,0.542302481713705,0.31,10,2.95,994.15,1484.65,-4534.67,-2267.34,98.27,0.34,0.5,0.25,0.25,58080.96,-5219.09,-2.8898615725359913,0.37320044296788485,0.18660022148394242,0.18660022148394242,0.017116624794080538,0.155,0.0775,0.7375,2.5,1860.18,0.25359911406423036,0.5598006644518273,-0.08985887974303455,32.16,0.75,0.29160237388724036,-6802.01,1348,0.7464008859357697
Chinese,25050,Golden Kitchen,Full-service,South Auckland,1.05,39.81,1551,358,14251.98,597,298,298,23766.57,11863.38,11863.38,0.350292355078272,0.522167931729928,0.27,9,2.66,792.68,1817.69,-3385.79,-1690.06,720.37,0.3,0.5,0.25,0.25,61745.31,-2537.79,-1.636228239845261,0.3849129593810445,0.19213410702772404,0.19213410702772404,0.012837898133477669,0.135,0.0675,0.665,2.25,1628.5500000000002,0.2308188265635074,0.5770470664087685,-0.04110093543946901,39.809999999999995,0.75,2.4173489932885905,-5075.85,1193,0.7691811734364926
Chinese,25859,Red Grill,QSR,South Auckland,1.05,33.58,556,72,2417.76,242,121,121,8126.36,4063.18,4063.18,0.266177356019616,0.439760041795671,0.29,14,4.13,499.73,710.97,33.01,16.51,695.1,0.15,0.5,0.25,0.25,18670.48,1455.5900000000001,2.617967625899281,0.4352517985611511,0.21762589928057555,0.21762589928057555,0.02676578213307853,0.145,0.0725,1.0325,3.5,583.8000000000001,0.12949640287769787,0.6528776978417266,0.0779621091691269,33.58,0.75,5.744628099173554,49.519999999999996,484,0.8705035971223022
Chinese,26506,Lotus House,Cafe,CBD,0.99,34.0,474,65,2210.0,205,102,102,6970.0,3468.0,3468.0,0.243390622306615,0.360807614657097,0.31,17,5.02,512.04,874.72,598.04,297.56,860.6,0.16,0.5,0.25,0.25,16116.0,2630.92,5.550464135021097,0.43248945147679324,0.21518987341772153,0.21518987341772153,0.031772151898734176,0.155,0.0775,1.255,4.25,469.26,0.1371308016877637,0.6476793248945147,0.16324894514767932,34.0,0.75,8.437254901960785,895.5999999999999,409,0.8628691983122363
Chinese,25898,Sakura Cafe,Cafe,CBD,0.99,32.68,1701,340,11111.2,681,340,340,22255.08,11111.2,11111.2,0.208316560052335,0.400746957305819,0.29,6,1.77,601.8,4343.77,2246.35,1121.53,3741.97,0.25,0.5,0.25,0.25,55588.67999999999,11453.62,6.733462669018225,0.4003527336860671,0.19988242210464435,0.19988242210464435,0.01082594513847064,0.145,0.0725,0.4425,1.5,1683.99,0.19988242210464435,0.6002351557907114,0.20604230933348305,32.67999999999999,0.75,11.005794117647058,3367.88,1361,0.8001175778953556
Chinese,26226,Lotus Tavern,QSR,South Auckland,1.05,35.12,840,128,4495.36,356,178,178,12502.72,6251.36,6251.36,0.247846257165074,0.387540715374052,0.29,16,4.72,840.16,1639.07,932.87,466.43,1439.17,0.18,0.5,0.25,0.25,29500.8,4477.54,5.330404761904762,0.4238095238095238,0.2119047619047619,0.2119047619047619,0.028479227681961167,0.145,0.0725,1.18,4.0,882.0,0.15238095238095237,0.6357142857142857,0.15177690096539756,35.12,0.75,8.085224719101124,1399.3,712,0.8476190476190476
Chinese,25875,Golden Bistro,Full-service,South Auckland,1.05,44.3,1265,341,15106.3,462,231,231,20466.6,10233.3,10233.3,0.373555360687897,0.543085670750588,0.29,7,2.07,478.17,1259.25,-4229.24,-2114.62,374.87,0.37,0.5,0.25,0.25,56039.5,-4709.74,-3.7231146245059286,0.3652173913043478,0.1826086956521739,0.1826086956521739,0.00853273137697517,0.145,0.0725,0.5175,1.75,1328.25,0.26956521739130435,0.5478260869565217,-0.08404321951480652,44.3,0.75,1.622813852813853,-6343.86,924,0.7304347826086957
Chinese,25997,Red Kitchen,Full-service,North Shore,1.03,43.91,1864,396,17388.36,734,367,367,32229.94,16114.97,16114.97,0.356088494323194,0.508300179825164,0.27,17,5.02,1842.34,2358.06,-4331.34,-2165.67,343.03,0.27,0.5,0.25,0.25,81848.24,-3795.920000000001,-2.036437768240344,0.3937768240343347,0.19688841201716736,0.19688841201716736,0.022509219501848785,0.135,0.0675,1.255,4.25,1919.92,0.21244635193133046,0.590665236051502,-0.04637753970030389,43.910000000000004,0.75,0.9346866485013623,-6497.01,1468,0.7875536480686696
Chinese,25055,Golden Diner,Cafe,North Shore,1.03,44.9,934,162,7273.8,386,193,193,17331.4,8665.7,8665.7,0.277956389933825,0.36283928162884,0.31,6,1.77,341.61,2612.78,852.78,426.39,2771.15,0.21,0.5,0.25,0.25,41936.600000000006,6663.1,7.133940042826553,0.41327623126338325,0.20663811563169163,0.20663811563169163,0.008145867809979826,0.155,0.0775,0.4425,1.5,962.02,0.17344753747323338,0.619914346895075,0.15888507890482298,44.900000000000006,0.75,14.358290155440415,1279.17,772,0.8265524625267666
Chinese,26511,Dragon Cafe,Cafe,CBD,0.99,40.22,803,175,7038.5,314,157,157,12629.08,6314.54,6314.54,0.222104107923806,0.445675386348739,0.3,15,4.43,695.51,2338.33,406.92,203.46,1402.31,0.28,0.5,0.25,0.25,32296.660000000003,4351.02,5.4184557907845585,0.3910336239103362,0.1955168119551681,0.1955168119551681,0.021535044181039152,0.15,0.075,1.1075,3.75,794.97,0.2179327521793275,0.5865504358655043,0.13472043239146092,40.220000000000006,0.75,8.931910828025478,610.38,628,0.7820672478206725
Chinese,26594,Golden House,Cafe,North Shore,1.03,44.33,1329,257,11392.81,536,268,268,23760.88,11880.44,11880.44,0.220839058440179,0.399295595102012,0.28,17,5.02,1345.36,4327.73,2372.89,1186.44,3167.61,0.24,0.5,0.25,0.25,58914.57000000001,11054.67,8.31803611738149,0.4033107599699022,0.2016553799849511,0.2016553799849511,0.022835777295837002,0.14,0.07,1.255,4.25,1368.8700000000001,0.19337848006019562,0.6049661399548532,0.1876389830223661,44.330000000000005,0.75,11.819440298507462,3559.33,1072,0.8066215199398044
Chinese,25920,Lotus Bistro,QSR,South Auckland,1.05,37.12,1014,162,6013.44,426,213,213,15813.12,7906.56,7906.56,0.259220902975649,0.425805063312873,0.3,10,2.95,628.35,1894.08,236.79,118.39,1862.01,0.19,0.5,0.25,0.25,37639.68,4111.2699999999995,4.054506903353056,0.4201183431952663,0.21005917159763315,0.21005917159763315,0.016693818863497245,0.15,0.075,0.7375,2.5,1064.7,0.15976331360946744,0.6301775147928994,0.10922701787050261,37.12,0.75,8.741830985915493,355.18,852,0.8402366863905325
Chinese,26405,Lotus Tavern,QSR,West Auckland,1.04,37.35,1649,149,5565.15,750,375,375,28012.5,14006.25,14006.25,0.239304473921657,0.441628631856292,0.3,17,5.02,1882.5,1775.66,534.11,267.06,2586.43,0.1,0.5,0.25,0.25,61590.15,5163.26,3.131146149181322,0.45482110369921164,0.22741055184960582,0.22741055184960582,0.03056495235033524,0.15,0.075,1.255,4.25,1714.96,0.09035779260157671,0.6822316555488175,0.08383256088838881,37.35,0.75,6.897146666666666,801.1700000000001,1500,0.9096422073984233
Chinese,25625,Dragon Eatery,QSR,West Auckland,1.04,32.95,1208,184,6062.8,512,256,256,16870.4,8435.2,8435.2,0.25560559829697,0.44796227386687,0.3,13,3.84,983.04,1797.21,-60.19,-30.1,1517.42,0.18,0.5,0.25,0.25,39803.600000000006,3224.34,2.669155629139073,0.423841059602649,0.2119205298013245,0.2119205298013245,0.024697263564099726,0.15,0.075,0.96,3.25,1256.32,0.15231788079470196,0.6357615894039734,0.08100624064155,32.95,0.75,5.927421875,-90.28999999999999,1024,0.847682119205298
Chinese,25372,Red Cafe,Cafe,North Shore,1.03,32.17,849,129,4149.93,360,180,180,11581.2,5790.6,5790.6,0.221574617959559,0.445364090171643,0.32,10,2.95,531.0,1382.18,151.27,75.63,1397.62,0.18,0.5,0.25,0.25,27312.33,3006.7,3.5414605418138985,0.42402826855123676,0.21201413427561838,0.21201413427561838,0.019441768607804607,0.16,0.08,0.7375,2.5,874.47,0.1519434628975265,0.6360424028268552,0.11008581106042581,32.17,0.75,7.764555555555555,226.9,720,0.8480565371024735
Chinese,26221,Sakura Tavern,Cafe,South Auckland,1.05,42.24,534,110,4646.4,212,106,106,8954.88,4477.44,4477.44,0.262173140645027,0.448612350015901,0.3,11,3.25,344.5,1343.81,-96.58,-48.29,950.44,0.26,0.5,0.25,0.25,22556.159999999996,2149.38,4.025056179775281,0.3970037453183521,0.19850187265917604,0.19850187265917604,0.015272989728748158,0.15,0.075,0.8125,2.75,560.7,0.2059925093632959,0.5955056179775282,0.09529015577119512,42.239999999999995,0.75,8.966415094339624,-144.87,424,0.7940074906367042
Chinese,25277,Dragon House,Ghost Kitchen,North Shore,1.03,37.34,1239,59,2203.06,590,295,295,22030.6,11015.3,11015.3,0.2733644403168,0.272526845289394,0.29,4,1.18,348.1,1000.43,3615.41,1807.71,4654.04,0.05,0.5,0.25,0.25,46264.259999999995,11077.59,8.940750605326876,0.4761904761904762,0.2380952380952381,0.2380952380952381,0.007524166602902544,0.145,0.0725,0.295,1.0,1276.17,0.04761904761904762,0.7142857142857142,0.2394416337795093,37.339999999999996,0.75,15.776406779661016,5423.12,1180,0.9523809523809523
Chinese,26237,Red Tavern,QSR,CBD,0.99,43.44,1068,155,6733.2,457,228,228,19852.08,9904.32,9904.32,0.237549209091812,0.363282232708298,0.27,4,1.18,269.04,2687.68,2564.26,1279.33,3684.45,0.17,0.5,0.25,0.25,46393.920000000006,10215.720000000001,9.565280898876406,0.42790262172284643,0.2134831460674157,0.2134831460674157,0.005799035735717094,0.135,0.0675,0.295,1.0,1057.32,0.14513108614232206,0.6413857677902621,0.2201952324787386,43.440000000000005,0.75,16.159868421052632,3843.59,913,0.8548689138576779
Chinese,25391,Lotus Kitchen,Ghost Kitchen,South Auckland,1.05,36.38,1190,77,2801.26,557,278,278,20263.66,10113.64,10113.64,0.269855546893086,0.335844626626931,0.27,3,0.89,247.42,1104.54,2518.77,1257.12,3740.39,0.07,0.5,0.25,0.25,43292.2,8620.82,7.244386554621848,0.4680672268907563,0.23361344537815126,0.23361344537815126,0.005715117272857466,0.135,0.0675,0.2225,0.75,1249.5,0.06470588235294118,0.7016806722689076,0.19913102129251922,36.379999999999995,0.75,13.454640287769784,3775.89,1113,0.9352941176470588
Chinese,25645,Dragon Tavern,QSR,South Auckland,1.05,44.24,1546,246,10883.04,650,325,325,28756.0,14378.0,14378.0,0.251995091866702,0.374067268520594,0.33,10,2.95,958.75,4069.58,1263.47,631.74,4417.73,0.19,0.5,0.25,0.25,68395.04000000001,10382.52,6.715730918499354,0.42043984476067264,0.21021992238033632,0.21021992238033632,0.014017829363064923,0.165,0.0825,0.7375,2.5,1623.3000000000002,0.15912031047865458,0.630659767141009,0.15180223595161285,44.24,0.75,13.593015384615383,1895.21,1300,0.8408796895213454
Chinese,25162,Red Diner,Cafe,CBD,0.99,43.3,705,112,4849.6,297,148,148,12860.1,6408.4,6408.4,0.226821953151375,0.431672479095869,0.28,8,2.36,349.28,1656.17,790.97,394.15,1839.22,0.19,0.5,0.25,0.25,30526.5,4680.51,6.639021276595745,0.42127659574468085,0.2099290780141844,0.2099290780141844,0.01144186198876386,0.14,0.07,0.59,2.0,697.95,0.15886524822695036,0.6312056737588653,0.15332612648027125,43.3,0.75,12.427162162162162,1185.12,593,0.8411347517730496
Chinese,25890,Sakura Cafe,QSR,North Shore,1.03,34.06,754,98,3337.88,328,164,164,11171.68,5585.84,5585.84,0.245192879214883,0.423429430532269,0.3,13,3.84,629.76,1106.1,350.54,175.27,1221.26,0.15,0.5,0.25,0.25,25681.24,2853.17,3.7840450928381966,0.4350132625994695,0.21750663129973474,0.21750663129973474,0.024522180393158583,0.15,0.075,0.96,3.25,776.62,0.129973474801061,0.6525198938992042,0.11109938616671157,34.06,0.75,7.44670731707317,525.8100000000001,656,0.870026525198939
Chinese,26011,Lotus Grill,Cafe,CBD,0.99,41.83,1605,310,12967.3,647,324,324,27064.01,13552.92,13552.92,0.264956160262227,0.382143744057976,0.32,17,5.02,1626.48,4576.16,890.41,445.89,3156.35,0.24,0.5,0.25,0.25,67137.15,9068.81,5.65034890965732,0.4031152647975078,0.20186915887850468,0.20186915887850468,0.024226229442268554,0.16,0.08,1.255,4.25,1588.95,0.19314641744548286,0.6049844236760126,0.13507886468222138,41.83,0.75,9.741820987654322,1336.3,1295,0.8068535825545171
Chinese,26364,Red Bistro,Cafe,South Auckland,1.05,34.81,1022,223,7762.63,399,200,200,13889.19,6962.0,6962.0,0.2789976436086,0.404858949477784,0.27,13,3.84,768.0,2454.1,640.89,321.25,1432.99,0.28,0.5,0.25,0.25,35575.82,4849.23,4.744843444227006,0.3904109589041096,0.19569471624266144,0.19569471624266144,0.02158769636230451,0.135,0.0675,0.96,3.25,1073.1000000000001,0.21819960861056753,0.5861056751467711,0.13630690733200246,34.81,0.75,7.16495,962.14,799,0.7818003913894325
Chinese,26580,Dragon Grill,Cafe,North Shore,1.03,46.09,849,141,6498.69,354,177,177,16315.86,8157.93,8157.93,0.265335303582251,0.384225417394191,0.28,17,5.02,888.54,2277.4,1149.28,574.64,1970.32,0.2,0.5,0.25,0.25,39130.41,5971.64,7.033733804475855,0.41696113074204944,0.20848056537102472,0.20848056537102472,0.022707147714526883,0.14,0.07,1.255,4.25,874.47,0.16607773851590105,0.6254416961130742,0.15260867442993825,46.09,0.75,11.131751412429379,1723.92,708,0.833922261484099
Chinese,26541,Sakura House,QSR,North Shore,1.03,37.75,1018,162,6115.5,428,214,214,16157.0,8078.5,8078.5,0.267915664128959,0.425599699211307,0.33,12,3.54,757.56,1874.31,-379.94,-189.97,1718.38,0.19,0.5,0.25,0.25,38429.5,3022.7799999999997,2.9693320235756384,0.4204322200392927,0.21021611001964635,0.21021611001964635,0.01971298091310061,0.165,0.0825,0.885,3.0,1048.54,0.15913555992141454,0.630648330058939,0.07865780194902353,37.75,0.75,8.029813084112151,-569.91,856,0.8408644400785854
Chinese,25034,Golden Bistro,Full-service,West Auckland,1.04,37.94,2048,625,23712.5,711,356,356,26975.34,13506.64,13506.64,0.359857416327577,0.467711940500885,0.32,14,4.13,1470.28,4088.76,-3980.73,-1993.17,858.68,0.44,0.5,0.25,0.25,77701.12,-1026.46,-0.501201171875,0.34716796875,0.173828125,0.173828125,0.018922249769372696,0.16,0.08,1.0325,3.5,2129.92,0.30517578125,0.52099609375,-0.013210362990906697,37.94,0.75,2.412022471910112,-5973.9,1423,0.69482421875
Chinese,26461,Lotus Bistro,Ghost Kitchen,CBD,0.99,34.34,1024,48,1648.32,488,244,244,16757.92,8378.96,8378.96,0.27413561620051,0.279559344158042,0.3,9,2.66,649.04,735.65,2451.77,1225.88,3090.53,0.05,0.5,0.25,0.25,35164.159999999996,7503.83,7.327958984375,0.4765625,0.23828125,0.23828125,0.018457429382644146,0.15,0.075,0.665,2.25,1013.76,0.046875,0.71484375,0.2133942627948457,34.339999999999996,0.75,12.66610655737705,3677.65,976,0.953125
Chinese,25126,Lotus Diner,Ghost Kitchen,South Auckland,1.05,32.55,994,65,2115.75,465,232,232,15135.75,7551.6,7551.6,0.270323122420814,0.246959132619668,0.31,17,5.02,1164.64,1021.31,2614.21,1304.3,2480.65,0.07,0.5,0.25,0.25,32354.699999999997,7420.469999999999,7.465261569416499,0.46780684104627773,0.23340040241448695,0.23340040241448695,0.03599600676254146,0.155,0.0775,1.255,4.25,1043.7,0.0653923541247485,0.7012072434607646,0.22934751365334866,32.55,0.75,10.692456896551725,3918.51,929,0.9346076458752515
Chinese,25815,Dragon Eatery,Full-service,North Shore,1.03,40.57,825,185,7505.45,320,160,160,12982.4,6491.2,6491.2,0.357905452419072,0.494412695989013,0.3,4,1.18,188.8,1108.42,-1977.46,-988.73,769.83,0.29,0.5,0.25,0.25,33470.25,-1087.94,-1.3187151515151516,0.3878787878787879,0.19393939393939394,0.19393939393939394,0.005640830289585528,0.15,0.075,0.295,1.0,849.75,0.22424242424242424,0.5818181818181818,-0.03250468699815508,40.57,0.75,4.8114375,-2966.19,640,0.7757575757575758
Chinese,25130,Dragon Eatery,Full-service,CBD,0.99,43.74,1154,318,13909.32,418,209,209,18283.32,9141.66,9141.66,0.394079883396626,0.507411161647178,0.3,6,1.77,369.93,1370.19,-3683.93,-1841.96,530.61,0.38,0.5,0.25,0.25,50475.96000000001,-3625.0899999999997,-3.14132582322357,0.3622183708838821,0.18110918544194105,0.18110918544194105,0.007328835350531223,0.15,0.075,0.4425,1.5,1142.46,0.27556325823223565,0.5433275563258232,-0.07181814867909396,43.74000000000001,0.75,2.538803827751196,-5525.889999999999,836,0.7244367417677643
Chinese,25736,Golden Bistro,QSR,CBD,0.99,37.48,1541,201,7533.48,670,335,335,25111.6,12555.8,12555.8,0.231255908571184,0.429290983942337,0.33,6,1.77,592.95,2557.26,237.38,118.69,3669.16,0.15,0.5,0.25,0.25,57756.67999999999,6582.49,4.271570408825438,0.4347826086956522,0.2173913043478261,0.2173913043478261,0.010266344949190294,0.165,0.0825,0.4425,1.5,1525.59,0.13043478260869565,0.6521739130434783,0.11396932787687936,37.48,0.75,10.952716417910448,356.07,1340,0.8695652173913043
Chinese,25253,Lotus House,Cafe,South Auckland,1.05,38.21,570,110,4203.1,230,115,115,8788.3,4394.15,4394.15,0.267035818304867,0.406331148534082,0.29,7,2.07,238.05,1372.87,321.94,160.97,1197.22,0.24,0.5,0.25,0.25,21779.699999999997,3053.0,5.356140350877193,0.4035087719298246,0.2017543859649123,0.2017543859649123,0.01092990261573851,0.145,0.0725,0.5175,1.75,598.5,0.19298245614035092,0.6052631578947368,0.14017640279710006,38.209999999999994,0.75,10.410608695652174,482.90999999999997,460,0.8070175438596491
Chinese,26062,Lotus Corner,QSR,North Shore,1.03,39.35,892,136,5351.6,378,189,189,14874.3,7437.15,7437.15,0.273729488663375,0.420402242988348,0.3,5,1.48,279.72,1636.88,87.29,43.64,1995.07,0.18,0.5,0.25,0.25,35100.200000000004,3762.88,4.21847533632287,0.4237668161434977,0.21188340807174885,0.21188340807174885,0.007969185360767175,0.15,0.075,0.37,1.25,918.76,0.15246636771300448,0.6356502242152465,0.10720394755585437,39.35,0.75,10.555925925925926,130.93,756,0.8475336322869955
Chinese,25902,Dragon Corner,Cafe,West Auckland,1.04,41.6,1401,233,9692.8,584,292,292,24294.4,12147.2,12147.2,0.262180847041309,0.369001289620064,0.31,10,2.95,861.4,3574.88,1428.94,714.47,3618.7,0.2,0.5,0.25,0.25,58281.59999999999,9336.99,6.664518201284796,0.41684511063526064,0.20842255531763032,0.20842255531763032,0.014779964860264647,0.155,0.0775,0.7375,2.5,1457.04,0.16630977872947897,0.625267665952891,0.16020476445396148,41.599999999999994,0.75,12.392808219178082,2143.41,1168,0.8336902212705211
Chinese,25579,Red Bistro,Cafe,West Auckland,1.04,41.65,1774,295,12286.75,739,370,370,30779.35,15410.5,15410.5,0.272242928724736,0.37713876364287,0.33,4,1.18,436.6,4307.96,634.62,317.74,4966.6,0.2,0.5,0.25,0.25,73887.1,10226.92,5.76489289740699,0.41657271702367527,0.2085682074408117,0.2085682074408117,0.005909015240820116,0.165,0.0825,0.295,1.0,1844.96,0.16629086809470123,0.625140924464487,0.13841279465563,41.650000000000006,0.75,13.423243243243244,952.36,1479,0.8337091319052987
Chinese,25405,Sakura Eatery,Cafe,CBD,0.99,32.65,685,89,2905.85,298,149,149,9729.7,4864.85,4864.85,0.250387344434857,0.388945489260368,0.33,3,0.89,132.61,1048.04,298.38,149.19,1621.98,0.15,0.5,0.25,0.25,22365.25,3117.59,4.551226277372263,0.435036496350365,0.2175182481751825,0.2175182481751825,0.0059292876225394316,0.165,0.0825,0.2225,0.75,678.15,0.12992700729927006,0.6525547445255475,0.1393943729669912,32.65,0.75,10.885771812080536,447.57,596,0.8700729927007299
Chinese,25014,Dragon Bistro,Cafe,North Shore,1.03,45.49,1805,325,14784.25,740,370,370,33662.6,16831.3,16831.3,0.249232679028064,0.372381716105156,0.33,6,1.77,654.9,5594.15,1628.79,814.39,5713.82,0.22,0.5,0.25,0.25,82109.45,13751.15,7.618365650969529,0.40997229916897504,0.20498614958448752,0.20498614958448752,0.007975939432062935,0.165,0.0825,0.4425,1.5,1859.15,0.18005540166204986,0.6149584487534625,0.16747341505758473,45.489999999999995,0.75,15.442756756756756,2443.18,1480,0.8199445983379502
Chinese,25663,Golden Diner,QSR,North Shore,1.03,42.8,1416,128,5478.4,644,322,322,27563.2,13781.6,13781.6,0.217471688818187,0.397225528932176,0.29,10,2.95,949.9,2110.84,2626.85,1313.42,4360.19,0.1,0.5,0.25,0.25,60604.799999999996,10411.3,7.352612994350282,0.4548022598870057,0.22740112994350284,0.22740112994350284,0.01567367601246106,0.145,0.0725,0.7375,2.5,1458.48,0.0903954802259887,0.6822033898305085,0.17179002323248324,42.8,0.75,13.540962732919253,3940.27,1288,0.9096045197740112
Chinese,25460,Dragon House,QSR,South Auckland,1.05,40.17,1702,154,6186.18,774,387,387,31091.58,15545.79,15545.79,0.224177420735359,0.371806528232992,0.31,4,1.18,456.66,2499.32,2923.11,1461.55,5824.09,0.1,0.5,0.25,0.25,68369.34,12708.07,7.466551116333725,0.45475910693302,0.22737955346651,0.22737955346651,0.006679309760778736,0.155,0.0775,0.295,1.0,1787.1000000000001,0.09048178613396006,0.6821386603995301,0.1858738141980016,40.169999999999995,0.75,15.049328165374677,4384.66,1548,0.9095182138660399
Chinese,25220,Sakura Cafe,Ghost Kitchen,South Auckland,1.05,46.48,684,56,2602.88,314,157,157,14594.72,7297.36,7297.36,0.254113502101973,0.293027579516638,0.33,10,2.95,463.15,1178.74,1793.09,896.55,2841.52,0.09,0.5,0.25,0.25,31792.32,6709.9,9.809795321637427,0.4590643274853801,0.22953216374269006,0.22953216374269006,0.014567983714305845,0.165,0.0825,0.7375,2.5,718.2,0.08187134502923978,0.6885964912280701,0.21105411621423034,46.48,0.75,18.098853503184714,2689.64,628,0.9181286549707602
Chinese,26433,Dragon Corner,Full-service,North Shore,1.03,32.61,2080,604,19696.44,738,369,369,24066.18,12033.09,12033.09,0.36501345516881,0.501099391840398,0.3,15,4.43,1634.67,2637.1,-3997.7,-1998.85,-23.59,0.41,0.5,0.25,0.25,67828.79999999999,-3383.04,-1.6264615384615384,0.3548076923076924,0.1774038461538462,0.1774038461538462,0.02409993984855991,0.15,0.075,1.1075,3.75,2142.4,0.2903846153846154,0.5322115384615386,-0.04987615879980186,32.60999999999999,0.75,-0.06392953929539295,-5996.549999999999,1476,0.7096153846153846
Chinese,25061,Dragon Eatery,Full-service,CBD,0.99,35.28,690,182,6420.96,254,127,127,8961.12,4480.56,4480.56,0.394684779981617,0.457801265991293,0.31,17,5.02,637.54,947.18,-1456.06,-728.03,23.41,0.36,0.5,0.25,0.25,24343.200000000004,-1213.4999999999998,-1.7586956521739128,0.36811594202898545,0.18405797101449273,0.18405797101449273,0.026189654605803667,0.155,0.0775,1.255,4.25,683.1,0.2637681159420289,0.5521739130434782,-0.04984965000492949,35.28000000000001,0.75,0.18433070866141732,-2184.09,508,0.736231884057971
Chinese,25666,Lotus Eatery,QSR,South Auckland,1.05,31.59,1136,148,4675.32,494,247,247,15605.46,7802.73,7802.73,0.257099008373916,0.365626385132782,0.32,5,1.48,365.56,1763.88,893.8,446.9,2578.21,0.15,0.5,0.25,0.25,35886.24,5682.790000000001,5.002455985915494,0.43485915492957744,0.21742957746478872,0.21742957746478872,0.010186634208543443,0.16,0.08,0.37,1.25,1192.8,0.13028169014084506,0.6522887323943662,0.15835568173205108,31.59,0.75,10.438097165991904,1340.6999999999998,988,0.8697183098591549
Chinese,25346,Dragon Corner,Cafe,South Auckland,1.05,41.51,864,112,4649.12,376,188,188,15607.76,7803.88,7803.88,0.213982010986656,0.368292850884609,0.29,3,0.89,167.32,1942.05,1993.5,996.75,3092.56,0.15,0.5,0.25,0.25,35864.64,8024.860000000001,9.288032407407409,0.4351851851851852,0.2175925925925926,0.2175925925925926,0.00466531937864147,0.145,0.0725,0.2225,0.75,907.2,0.12962962962962962,0.6527777777777778,0.2237540931680898,41.51,0.75,16.449787234042553,2990.25,752,0.8703703703703703
Chinese,26115,Red Kitchen,QSR,West Auckland,1.04,43.52,942,143,6223.36,399,200,200,17364.48,8704.0,8704.0,0.272186443097889,0.352368629071862,0.3,5,1.48,296.0,2336.53,1310.06,656.67,2971.87,0.18,0.5,0.25,0.25,40995.84,7275.13,7.723067940552017,0.42356687898089174,0.21231422505307856,0.21231422505307856,0.007220244785812415,0.15,0.075,0.37,1.25,979.6800000000001,0.15180467091295116,0.6358811040339704,0.17746020083989011,43.519999999999996,0.75,14.85935,1966.73,799,0.8481953290870489
Chinese,25953,Red Tavern,Ghost Kitchen,South Auckland,1.05,36.36,727,27,981.72,350,175,175,12726.0,6363.0,6363.0,0.279109132918529,0.237539153231774,0.28,16,4.72,826.0,474.52,2587.85,1293.93,2249.57,0.04,0.5,0.25,0.25,26433.72,6605.870000000001,9.086478679504815,0.4814305364511692,0.2407152682255846,0.2407152682255846,0.031247966612342113,0.14,0.07,1.18,4.0,763.35,0.037138927097661624,0.7221458046767537,0.2499031540017826,36.36,0.75,12.854685714285715,3881.7799999999997,700,0.9628610729023384
Chinese,25790,Lotus Corner,Ghost Kitchen,West Auckland,1.04,31.36,1240,112,3512.32,564,282,282,17687.04,8843.52,8843.52,0.257417674874887,0.311002339527477,0.29,11,3.25,916.5,1515.85,2504.13,1252.07,2900.19,0.1,0.5,0.25,0.25,38886.4,8172.24,6.590516129032258,0.45483870967741935,0.22741935483870968,0.22741935483870968,0.02356865125082291,0.145,0.0725,0.8125,2.75,1289.6000000000001,0.09032258064516129,0.682258064516129,0.21015676431863067,31.36,0.75,10.28436170212766,3756.2,1128,0.9096774193548387
Chinese,26482,Lotus Corner,QSR,South Auckland,1.05,43.28,1090,142,6145.76,474,237,237,20514.72,10257.36,10257.36,0.20701973548159,0.351363193755969,0.28,10,2.95,699.15,2714.07,3315.53,1657.76,3830.68,0.15,0.5,0.25,0.25,47175.200000000004,11518.04,10.567009174311927,0.4348623853211009,0.21743119266055044,0.21743119266055044,0.014820286930421067,0.14,0.07,0.7375,2.5,1144.5,0.13027522935779814,0.6522935779816513,0.24415455578354728,43.28,0.75,16.16320675105485,4973.29,948,0.8697247706422019
Chinese,26430,Lotus Cafe,Cafe,North Shore,1.03,41.86,934,198,8288.28,368,184,184,15404.48,7702.24,7702.24,0.271048975866288,0.39323107956443,0.31,14,4.13,759.92,2782.54,396.2,198.1,1825.88,0.27,0.5,0.25,0.25,39097.24,5202.719999999999,5.57036402569593,0.3940042826552463,0.19700214132762314,0.19700214132762314,0.019436666117608303,0.155,0.0775,1.0325,3.5,962.02,0.2119914346895075,0.5910064239828694,0.13307128585035669,41.86,0.75,9.923260869565217,594.3,736,0.7880085653104925
Chinese,25674,Sakura Corner,QSR,South Auckland,1.05,38.35,816,136,5215.6,340,170,170,13039.0,6519.5,6519.5,0.245714876074344,0.419549148436636,0.33,8,2.36,401.2,1745.85,61.75,30.88,1781.11,0.2,0.5,0.25,0.25,31293.6,3619.59,4.435772058823529,0.4166666666666667,0.20833333333333334,0.20833333333333334,0.01282051282051282,0.165,0.0825,0.59,2.0,856.8000000000001,0.16666666666666669,0.625,0.11566550348953142,38.35,0.75,10.477117647058822,92.63,680,0.8333333333333334
Chinese,25474,Sakura Bistro,Full-service,North Shore,1.03,33.71,2012,476,16045.96,768,384,384,25889.28,12944.64,12944.64,0.371837479888927,0.510073895007372,0.3,17,5.02,1927.68,1894.85,-4709.55,-2354.78,-399.07,0.31,0.5,0.25,0.25,67824.51999999999,-5568.55,-2.7676689860834993,0.38170974155069587,0.19085487077534793,0.19085487077534793,0.028421579688289726,0.15,0.075,1.255,4.25,2072.36,0.23658051689860837,0.5725646123260438,-0.08210231344062591,33.709999999999994,0.75,-1.0392447916666667,-7064.33,1536,0.7634194831013916
Chinese,26322,Dragon Eatery,Cafe,South Auckland,1.05,46.69,512,88,4108.72,212,106,106,9898.28,4949.14,4949.14,0.233956580478698,0.384420123812743,0.28,12,3.54,375.24,1567.98,1005.9,502.95,1513.47,0.21,0.5,0.25,0.25,23905.28,4590.3,8.9654296875,0.41406250000000006,0.20703125000000003,0.20703125000000003,0.015696950631826946,0.14,0.07,0.885,3.0,537.6,0.17187500000000003,0.6210937500000001,0.19202034027629045,46.69,0.75,14.278018867924528,1508.85,424,0.828125
Chinese,25193,Lotus Corner,Ghost Kitchen,West Auckland,1.04,44.51,552,40,1780.4,256,128,128,11394.56,5697.28,5697.28,0.266178112232592,0.341195593902376,0.32,15,4.43,567.04,699.03,827.54,413.77,1669.86,0.08,0.5,0.25,0.25,24569.519999999997,3610.2,6.540217391304347,0.46376811594202905,0.23188405797101452,0.23188405797101452,0.023079001950384054,0.16,0.08,1.1075,3.75,574.08,0.07246376811594205,0.6956521739130436,0.14693815752200287,44.50999999999999,0.75,13.04578125,1241.31,512,0.927536231884058
Chinese,26247,Dragon Bistro,Cafe,North Shore,1.03,42.82,1517,197,8435.54,660,330,330,28261.2,14130.6,14130.6,0.207485083583742,0.366652830177918,0.29,13,3.84,1267.2,3592.38,3839.63,1919.81,4750.49,0.15,0.5,0.25,0.25,64957.94,14102.31,9.296183256427158,0.43506921555702044,0.21753460777851022,0.21753460777851022,0.019508007797045288,0.145,0.0725,0.96,3.25,1562.51,0.12986156888595915,0.6526038233355307,0.2170990951991396,42.82,0.75,14.395424242424241,5759.4400000000005,1320,0.8701384311140409
Chinese,25439,Sakura Grill,QSR,South Auckland,1.05,42.65,1361,145,6184.25,608,304,304,25931.2,12965.6,12965.6,0.254115779791027,0.438919094158337,0.3,10,2.95,896.8,1898.35,180.61,90.31,3083.19,0.12,0.5,0.25,0.25,58046.65,5252.46,3.859265246142542,0.446730345334313,0.2233651726671565,0.2233651726671565,0.015449642658103438,0.15,0.075,0.7375,2.5,1429.05,0.10653930933137398,0.6700955180014695,0.0904868756422636,42.65,0.75,10.142072368421053,270.92,1216,0.893460690668626
Chinese,25316,Red Eatery,Full-service,South Auckland,1.05,44.39,852,256,11363.84,298,149,149,13228.22,6614.11,6614.11,0.363367310306057,0.482808523345739,0.32,13,3.84,572.16,1748.03,-2198.21,-1099.11,445.25,0.43,0.5,0.25,0.25,37820.28,-1104.04,-1.2958215962441315,0.34976525821596244,0.17488262910798122,0.17488262910798122,0.015128391434436762,0.16,0.08,0.96,3.25,894.6,0.3004694835680751,0.5246478873239436,-0.029191745804102984,44.39,0.75,2.988255033557047,-3297.3199999999997,596,0.6995305164319249
Chinese,25804,Golden Tavern,QSR,West Auckland,1.04,45.53,709,70,3187.1,319,160,160,14524.07,7284.8,7284.8,0.211341295223683,0.3560370254796,0.28,12,3.54,566.4,1378.81,2216.69,1111.82,2585.16,0.11,0.5,0.25,0.25,32280.769999999997,7292.48,10.285585331452749,0.44992947813822287,0.22566995768688297,0.22566995768688297,0.017546049861883718,0.14,0.07,0.885,3.0,737.36,0.0987306064880113,0.6755994358251058,0.22590787022738307,45.529999999999994,0.75,16.157249999999998,3328.51,639,0.9012693935119888
Chinese,25402,Dragon Tavern,QSR,North Shore,1.03,42.47,1837,293,12443.71,772,386,386,32786.84,16393.42,16393.42,0.233264213018119,0.440884645469487,0.28,6,1.77,683.22,4054.8,1503.31,751.66,4658.59,0.19,0.5,0.25,0.25,78017.38999999998,10968.36,5.9708002177463255,0.4202504082743604,0.2101252041371802,0.2101252041371802,0.008757278345250977,0.14,0.07,0.4425,1.5,1892.1100000000001,0.15949918345127928,0.6303756124115406,0.1405886559394002,42.46999999999999,0.75,12.068886010362695,2254.97,1544,0.8405008165487208
Chinese,26089,Sakura Bistro,Full-service,North Shore,1.03,36.23,1352,320,11593.6,516,258,258,18694.68,9347.34,9347.34,0.392739950795658,0.470296924328432,0.31,18,5.31,1369.98,1587.9,-3234.87,-1617.43,-89.74,0.31,0.5,0.25,0.25,48982.95999999999,-3354.1399999999994,-2.4808727810650884,0.3816568047337279,0.19082840236686394,0.19082840236686394,0.027968501699366478,0.155,0.0775,1.3275,4.5,1392.56,0.23668639053254442,0.5724852071005918,-0.06847564949117,36.23,0.75,-0.34782945736434107,-4852.3,1032,0.7633136094674556
Chinese,25322,Dragon Tavern,QSR,South Auckland,1.05,41.05,488,56,2298.8,216,108,108,8866.8,4433.4,4433.4,0.219390986971557,0.417754578310996,0.28,12,3.54,382.32,834.13,734.65,367.33,1226.36,0.13,0.5,0.25,0.25,20032.399999999998,3162.47,6.48047131147541,0.4426229508196721,0.22131147540983606,0.22131147540983606,0.01908508216688964,0.14,0.07,0.885,3.0,512.4,0.11475409836065575,0.6639344262295083,0.15786775423813423,41.05,0.75,11.355185185185185,1101.98,432,0.8852459016393442
Chinese,26416,Sakura House,Full-service,North Shore,1.03,40.76,914,246,10026.96,334,167,167,13613.84,6806.92,6806.92,0.35818507267395,0.451834093313664,0.3,6,1.77,295.59,1904.93,-1497.78,-748.89,997.59,0.37,0.5,0.25,0.25,37254.64,655.8500000000001,0.7175601750547047,0.3654266958424508,0.1827133479212254,0.1827133479212254,0.007934313685489915,0.15,0.075,0.4425,1.5,941.4200000000001,0.26914660831509846,0.5481400437636762,0.017604518524403943,40.76,0.75,5.9735928143712576,-2246.67,668,0.7308533916849015
Chinese,25444,Lotus Bistro,QSR,West Auckland,1.04,32.99,813,129,4255.71,342,171,171,11282.58,5641.29,5641.29,0.241232790723443,0.447842447133735,0.3,17,5.02,858.42,1323.21,123.26,61.63,895.6,0.19,0.5,0.25,0.25,26820.870000000003,2403.7000000000003,2.9565805658056585,0.4206642066420664,0.2103321033210332,0.2103321033210332,0.03200567319404627,0.15,0.075,1.255,4.25,845.52,0.15867158671586715,0.6309963099630995,0.08962050820871956,32.99,0.75,5.237426900584795,184.89000000000001,684,0.8413284132841329
Chinese,26456,Dragon Kitchen,Full-service,West Auckland,1.04,33.23,1590,454,15086.42,568,284,284,18874.64,9437.32,9437.32,0.391896367259324,0.51360884218011,0.3,16,4.72,1340.48,1425.59,-3878.84,-1939.42,-448.7,0.4,0.5,0.25,0.25,52835.7,-4841.37,-3.04488679245283,0.35723270440251575,0.17861635220125788,0.17861635220125788,0.02537072471832492,0.15,0.075,1.18,4.0,1653.6000000000001,0.28553459119496855,0.5358490566037736,-0.09163065881591424,33.23,0.75,-1.5799295774647888,-5818.26,1136,0.7144654088050314
Chinese,26375,Sakura House,Full-service,West Auckland,1.04,44.45,1204,368,16357.6,418,209,209,18580.1,9290.05,9290.05,0.391934129910078,0.540160201489925,0.3,6,1.77,369.93,1110.77,-4312.34,-2156.17,260.92,0.44,0.5,0.25,0.25,53517.8,-5096.82,-4.233239202657807,0.3471760797342192,0.1735880398671096,0.1735880398671096,0.006912279652751047,0.15,0.075,0.4425,1.5,1252.16,0.30564784053156147,0.5207641196013288,-0.09523597756260532,44.45,0.75,1.248421052631579,-6468.51,836,0.6943521594684385
Chinese,25286,Sakura Kitchen,Cafe,West Auckland,1.04,33.47,1076,148,4953.56,464,232,232,15530.08,7765.04,7765.04,0.236732678022236,0.412625902309082,0.31,7,2.07,480.24,1736.92,631.16,315.58,2242.5,0.16,0.5,0.25,0.25,36013.72,4926.16,4.578215613382899,0.4312267657992565,0.21561338289962825,0.21561338289962825,0.013334917914616985,0.155,0.0775,0.5175,1.75,1119.04,0.137546468401487,0.6468401486988847,0.13678564724777112,33.47,0.75,9.66594827586207,946.74,928,0.862453531598513
Chinese,26055,Golden Bistro,Cafe,West Auckland,1.04,44.28,665,149,6597.72,258,129,129,11424.24,5712.12,5712.12,0.258825121168047,0.351078014448285,0.28,9,2.66,343.14,2573.75,1257.77,628.89,1885.14,0.29,0.5,0.25,0.25,29446.199999999997,6345.55,9.54218045112782,0.38796992481203013,0.19398496240601507,0.19398496240601507,0.011653116531165313,0.14,0.07,0.665,2.25,691.6,0.22406015037593988,0.5819548872180452,0.2154963968186048,44.279999999999994,0.75,14.613488372093023,1886.6599999999999,516,0.7759398496240602
Chinese,25408,Dragon Bistro,QSR,South Auckland,1.05,43.67,929,106,4629.02,411,206,206,17948.37,8996.02,8996.02,0.277101503256708,0.38409072898794,0.31,15,4.43,912.58,1568.35,517.05,259.16,2135.34,0.13,0.5,0.25,0.25,40569.43,4479.9,4.822282023681377,0.4424111948331539,0.2217438105489774,0.2217438105489774,0.022494277094847033,0.155,0.0775,1.1075,3.75,975.45,0.11410118406889129,0.6641550053821313,0.11042551004537159,43.67,0.75,10.365728155339806,776.21,823,0.8858988159311088
Chinese,25409,Red Cafe,Cafe,West Auckland,1.04,37.34,1251,258,9633.72,497,248,248,18557.98,9260.32,9260.32,0.254479878954589,0.443789343861863,0.29,5,1.48,367.04,2906.79,217.7,108.63,2427.08,0.26,0.5,0.25,0.25,46712.34,5660.2,4.524540367705836,0.39728217426059154,0.1982414068745004,0.1982414068745004,0.007857452655979128,0.145,0.0725,0.37,1.25,1301.04,0.20623501199040767,0.595523581135092,0.12117140781215414,37.339999999999996,0.75,9.786612903225807,326.33,993,0.7937649880095923
Chinese,25166,Sakura Grill,Cafe,West Auckland,1.04,38.08,953,145,5521.6,404,202,202,15384.32,7692.16,7692.16,0.255336913112551,0.351766921835951,0.33,6,1.77,357.54,2169.42,967.61,483.81,2664.68,0.18,0.5,0.25,0.25,36290.24,6285.52,6.595508919202519,0.42392444910807975,0.21196222455403987,0.21196222455403987,0.009852235752643136,0.165,0.0825,0.4425,1.5,991.12,0.15215110178384053,0.6358866736621196,0.17320138968494012,38.08,0.75,13.19148514851485,1451.42,808,0.8478488982161595
Chinese,25534,Sakura Cafe,Full-service,North Shore,1.03,33.33,1416,292,9732.36,562,281,281,18731.46,9365.73,9365.73,0.359218015661463,0.499981935787946,0.31,10,2.95,828.95,1370.32,-3169.36,-1584.68,489.75,0.26,0.5,0.25,0.25,47195.28,-2893.9700000000003,-2.0437641242937854,0.3968926553672316,0.1984463276836158,0.1984463276836158,0.017564256425642567,0.155,0.0775,0.7375,2.5,1458.48,0.20621468926553674,0.5953389830508474,-0.06131905563437701,33.33,0.75,1.74288256227758,-4754.04,1124,0.7937853107344632
Chinese,26303,Golden Cafe,Cafe,North Shore,1.03,31.21,1288,273,8520.33,507,254,254,15823.47,7927.34,7927.34,0.234816674832255,0.390215468662791,0.32,5,1.48,375.92,3194.85,869.78,435.75,2596.58,0.27,0.5,0.25,0.25,40198.479999999996,7096.96,5.5100621118012425,0.39363354037267084,0.1972049689440994,0.1972049689440994,0.009351597373831051,0.16,0.08,0.37,1.25,1326.64,0.21195652173913046,0.5908385093167702,0.1765479689779315,31.209999999999997,0.75,10.22275590551181,1305.53,1015,0.7880434782608695
Chinese,26182,Red Cafe,QSR,CBD,0.99,38.49,588,53,2039.97,267,134,134,10276.83,5157.66,5157.66,0.22133356070146,0.377704364201054,0.32,11,3.25,435.5,817.95,832.03,417.57,1632.53,0.1,0.5,0.25,0.25,22632.12,3700.08,6.29265306122449,0.45408163265306123,0.22789115646258504,0.22789115646258504,0.019242563224302452,0.16,0.08,0.8125,2.75,582.12,0.09013605442176871,0.6819727891156463,0.16348799847296674,38.489999999999995,0.75,12.183059701492537,1249.6,535,0.9098639455782312
Chinese,25616,Dragon Kitchen,Full-service,CBD,0.99,42.74,721,178,7607.72,271,136,136,11582.54,5812.64,5812.64,0.350249558931682,0.450828500417992,0.3,10,2.95,401.2,1513.34,-1170.74,-587.53,755.06,0.33,0.5,0.25,0.25,30815.54,510.1299999999999,0.7075312066574201,0.37586685159500693,0.18862690707350901,0.18862690707350901,0.01301940514428759,0.15,0.075,0.7375,2.5,713.79,0.24687933425797504,0.5644937586685159,0.016554309935831072,42.74,0.75,5.551911764705882,-1758.27,543,0.753120665742025
Chinese,26667,Lotus Bistro,Ghost Kitchen,South Auckland,1.05,43.75,569,21,918.75,274,137,137,11987.5,5993.75,5993.75,0.289830507559236,0.227591273200233,0.3,6,1.77,242.49,443.37,2188.66,1094.33,2649.96,0.04,0.5,0.25,0.25,24893.75,6376.32,11.206186291739893,0.48154657293497366,0.24077328646748683,0.24077328646748683,0.009740999246798896,0.15,0.075,0.4425,1.5,597.45,0.03690685413005272,0.7223198594024605,0.25614140095405474,43.75,0.75,19.342773722627737,3282.99,548,0.9630931458699473
Chinese,25983,Golden Kitchen,Ghost Kitchen,North Shore,1.03,44.94,1154,75,3370.5,539,270,270,24222.66,12133.8,12133.8,0.266524447023403,0.326476223429199,0.31,15,4.43,1196.1,1371.79,2349.58,1176.97,3742.35,0.07,0.5,0.25,0.25,51860.759999999995,8640.69,7.48759965337955,0.4670710571923744,0.2339688041594454,0.2339688041594454,0.023063680516830068,0.155,0.0775,1.1075,3.75,1188.6200000000001,0.06499133448873484,0.7010398613518198,0.1666132544143202,44.94,0.75,13.860555555555555,3526.55,1079,0.9350086655112652
Chinese,26509,Sakura Kitchen,Cafe,CBD,0.99,36.12,519,71,2564.52,224,112,112,8090.88,4045.44,4045.44,0.225993219055235,0.415776332048699,0.33,7,2.07,231.84,918.69,228.41,114.2,1217.36,0.16,0.5,0.25,0.25,18746.28,2478.66,4.775838150289017,0.4315992292870906,0.2157996146435453,0.2157996146435453,0.012367253663126765,0.165,0.0825,0.5175,1.75,513.81,0.13680154142581888,0.6473988439306358,0.1322214327322541,36.12,0.75,10.869285714285713,342.61,448,0.8631984585741811
Chinese,25661,Red Bistro,Full-service,West Auckland,1.04,44.57,1513,330,14708.1,591,296,296,26340.87,13192.72,13192.72,0.351882391527761,0.489626219822094,0.29,6,1.77,523.92,2331.11,-3464.05,-1734.96,1567.01,0.28,0.5,0.25,0.25,67434.41,-1300.89,-0.8598083278255123,0.3906146728354263,0.19563780568407135,0.19563780568407135,0.007769327261853406,0.145,0.0725,0.4425,1.5,1573.52,0.21810971579643093,0.5862524785194976,-0.019291189764987934,44.57,0.75,5.293952702702702,-5199.01,1183,0.7818902842035691
Chinese,25259,Sakura Eatery,Cafe,CBD,0.99,32.43,710,118,3826.74,296,148,148,9599.28,4799.64,4799.64,0.242546495571733,0.430796837480739,0.3,11,3.25,481.0,1250.03,255.88,127.94,1086.83,0.2,0.5,0.25,0.25,23025.3,2720.68,3.8319436619718306,0.4169014084507043,0.20845070422535214,0.20845070422535214,0.020890064407412715,0.15,0.075,0.8125,2.75,702.9,0.16619718309859155,0.6253521126760564,0.11816045827850234,32.43,0.75,7.343445945945946,383.82,592,0.8338028169014085
Chinese,26472,Lotus House,QSR,South Auckland,1.05,35.67,487,59,2104.53,214,107,107,7633.38,3816.69,3816.69,0.240888773892075,0.351945476536639,0.3,14,4.13,441.91,856.89,818.04,409.02,1112.12,0.14,0.5,0.25,0.25,17371.29,3196.0699999999997,6.562772073921971,0.4394250513347022,0.2197125256673511,0.2197125256673511,0.025439100953354644,0.15,0.075,1.0325,3.5,511.35,0.12114989733059549,0.6591375770020533,0.18398576041272696,35.67,0.75,10.393644859813083,1227.06,428,0.8788501026694046
Chinese,25945,Golden Grill,QSR,West Auckland,1.04,43.46,1303,179,7779.34,562,281,281,24424.52,12212.26,12212.26,0.222378516234458,0.41459262559656,0.31,9,2.66,747.46,2824.12,1295.2,647.6,3685.94,0.16,0.5,0.25,0.25,56628.380000000005,8452.86,6.487229470452801,0.43131235610130464,0.21565617805065232,0.21565617805065232,0.013199388716399798,0.155,0.0775,0.665,2.25,1355.1200000000001,0.13737528779739064,0.646968534151957,0.14926897078814544,43.46,0.75,13.117224199288257,1942.8000000000002,1124,0.8626247122026094
Chinese,25640,Lotus Diner,Cafe,CBD,0.99,31.66,1281,264,8358.24,509,254,254,16114.94,8041.64,8041.64,0.205856685228646,0.39364028731361,0.32,10,2.95,749.3,3347.5,1297.3,647.38,2471.4,0.26,0.5,0.25,0.25,40556.46,7763.58,6.0605620608899295,0.39734582357533177,0.1982825917252147,0.1982825917252147,0.018475478382482098,0.16,0.08,0.7375,2.5,1268.19,0.20608899297423888,0.5956284153005466,0.1914264706535038,31.66,0.75,9.72992125984252,1944.6799999999998,1017,0.7939110070257611
Chinese,25467,Dragon Eatery,QSR,West Auckland,1.04,41.53,747,91,3779.23,328,164,164,13621.84,6810.92,6810.92,0.25042320612818,0.370411440101452,0.28,4,1.18,193.52,1432.95,1350.81,675.41,2388.94,0.14,0.5,0.25,0.25,31022.909999999996,5848.110000000001,7.828795180722892,0.43908969210174037,0.21954484605087018,0.21954484605087018,0.006237970583675098,0.14,0.07,0.295,1.0,776.88,0.12182061579651943,0.6586345381526106,0.18850939515345277,41.529999999999994,0.75,14.56670731707317,2026.2199999999998,656,0.8781793842034806
Chinese,25180,Lotus House,Cafe,CBD,0.99,38.27,865,173,6620.71,346,173,173,13241.42,6620.71,6620.71,0.274860554076731,0.414748610393144,0.33,12,3.54,612.42,2055.01,-259.65,-129.83,1442.59,0.25,0.5,0.25,0.25,33103.55,3108.12,3.593202312138728,0.39999999999999997,0.19999999999999998,0.19999999999999998,0.018500130650640184,0.165,0.0825,0.885,3.0,856.35,0.19999999999999998,0.6,0.09389083648128371,38.27,0.75,8.338670520231213,-389.48,692,0.8
Chinese,25023,Red Grill,Full-service,West Auckland,1.04,36.25,931,215,7793.75,358,179,179,12977.5,6488.75,6488.75,0.397388583177235,0.541547694453038,0.29,12,3.54,633.66,475.92,-2971.02,-1485.51,-237.43,0.3,0.5,0.25,0.25,33748.75,-4218.04,-4.530655209452202,0.3845327604726101,0.19226638023630505,0.19226638023630505,0.018775806511352272,0.145,0.0725,0.885,3.0,968.24,0.23093447905477982,0.5767991407089151,-0.12498359198488833,36.25,0.75,-1.3264245810055866,-4456.53,716,0.7690655209452202
Chinese,25872,Lotus Cafe,QSR,North Shore,1.03,41.75,1579,143,5970.25,718,359,359,29976.5,14988.25,14988.25,0.224730357956141,0.41980867923703,0.27,14,4.13,1482.67,2122.19,2561.82,1280.91,3845.07,0.1,0.5,0.25,0.25,65923.25,9809.99,6.212786573780874,0.45471817606079795,0.22735908803039898,0.22735908803039898,0.022490851103366415,0.135,0.0675,1.0325,3.5,1626.3700000000001,0.09056364787840405,0.682077264091197,0.1488092592522365,41.75,0.75,10.71050139275766,3842.7300000000005,1436,0.9094363521215959
Chinese,26234,Sakura Tavern,Cafe,CBD,0.99,40.7,1869,397,16157.9,736,368,368,29955.2,14977.6,14977.6,0.253393245972693,0.403203879250214,0.28,4,1.18,434.24,5548.67,1899.25,949.62,4709.11,0.27,0.5,0.25,0.25,76068.3,13106.650000000001,7.012653825575175,0.39379347244515783,0.19689673622257892,0.19689673622257892,0.005708554023160764,0.14,0.07,0.295,1.0,1850.31,0.2124130551096843,0.5906902086677368,0.17230107679545884,40.7,0.75,12.79649456521739,2848.87,1472,0.7875869448903157
Chinese,26210,Golden Bistro,Cafe,North Shore,1.03,35.46,1501,337,11950.02,582,291,291,20637.72,10318.86,10318.86,0.250337548665702,0.439704435644671,0.3,5,1.48,430.68,3704.0,205.51,102.76,2767.73,0.29,0.5,0.25,0.25,53225.46000000001,6780.0,4.516988674217188,0.3877415056628914,0.1938707528314457,0.1938707528314457,0.00809161630542977,0.15,0.075,0.37,1.25,1546.03,0.22451698867421718,0.5816122584943371,0.12738264732704985,35.46,0.75,9.511099656357388,308.27,1164,0.7754830113257828
Chinese,26076,Sakura House,Full-service,CBD,0.99,39.98,1441,297,11874.06,572,286,286,22868.56,11434.28,11434.28,0.368134736281354,0.51096707645338,0.33,5,1.48,423.28,1435.55,-4781.86,-2390.93,959.1,0.26,0.5,0.25,0.25,57611.18,-4778.139999999999,-3.3158501040943786,0.3969465648854962,0.1984732824427481,0.1984732824427481,0.007347185042903131,0.165,0.0825,0.37,1.25,1426.59,0.20610687022900762,0.5954198473282444,-0.082937721463091,39.98,0.75,3.3534965034965034,-7172.789999999999,1144,0.7938931297709924
Chinese,26198,Golden Corner,QSR,CBD,0.99,31.54,973,126,3974.04,423,212,212,13341.42,6686.48,6686.48,0.213647998534143,0.435719694918953,0.3,7,2.07,438.84,1393.43,675.51,338.55,1905.66,0.15,0.5,0.25,0.25,30688.42,4313.150000000001,4.4328365878725595,0.4347379239465571,0.21788283658787255,0.21788283658787255,0.014299856427929492,0.15,0.075,0.5175,1.75,963.27,0.12949640287769784,0.6526207605344296,0.14054649929843246,31.54,0.75,8.988962264150944,1014.06,847,0.8705035971223022
Chinese,25596,Dragon Eatery,Ghost Kitchen,West Auckland,1.04,35.34,489,40,1413.6,225,112,112,7951.5,3958.08,3958.08,0.295075432630256,0.2626055581728,0.33,10,2.95,330.4,625.26,893.1,444.57,1420.33,0.09,0.5,0.25,0.25,17281.260000000002,3383.26,6.918732106339469,0.460122699386503,0.22903885480572594,0.22903885480572594,0.01911897627835007,0.165,0.0825,0.7375,2.5,508.56,0.08179959100204498,0.6891615541922289,0.19577623390887006,35.34,0.75,12.681517857142856,1337.67,449,0.918200408997955
Chinese,26242,Sakura Cafe,Cafe,South Auckland,1.05,43.4,808,105,4557.0,351,176,176,15233.4,7638.4,7638.4,0.230641705133021,0.388845657976344,0.28,10,2.95,519.2,1734.0,1531.15,767.76,2387.31,0.15,0.5,0.25,0.25,35067.200000000004,6420.219999999999,7.945816831683167,0.43440594059405935,0.2178217821782178,0.2178217821782178,0.014805858466030934,0.14,0.07,0.7375,2.5,848.4000000000001,0.12995049504950493,0.6522277227722771,0.18308333713555683,43.400000000000006,0.75,13.564261363636364,2298.91,703,0.870049504950495
Chinese,25999,Red Tavern,Full-service,CBD,0.99,32.39,2079,635,20567.65,722,361,361,23385.58,11692.79,11692.79,0.38291717057582,0.539152335235849,0.27,15,4.43,1599.23,1602.85,-4491.66,-2245.83,-688.01,0.44,0.5,0.25,0.25,67338.81,-5822.65,-2.8006974506974505,0.3472823472823473,0.17364117364117365,0.17364117364117365,0.02374900892962023,0.135,0.0675,1.1075,3.75,2058.21,0.30543530543530545,0.520923520923521,-0.08646796698664559,32.39,0.75,-1.9058448753462605,-6737.49,1444,0.6945646945646946
Chinese,25030,Golden House,QSR,South Auckland,1.05,34.48,1242,198,6827.04,522,261,261,17998.56,8999.28,8999.28,0.262395003382117,0.407956757908687,0.28,15,4.43,1156.23,2250.52,893.6,446.8,1810.37,0.19,0.5,0.25,0.25,42824.16,5401.29,4.348864734299517,0.42028985507246375,0.21014492753623187,0.21014492753623187,0.02699947879888362,0.14,0.07,1.1075,3.75,1304.1000000000001,0.15942028985507245,0.6304347826086957,0.12612716746808342,34.480000000000004,0.75,6.936283524904214,1340.4,1044,0.8405797101449275
Chinese,25812,Golden Bistro,Full-service,CBD,0.99,38.38,1900,552,21185.76,674,337,337,25868.12,12934.06,12934.06,0.389288760407362,0.500189759535715,0.31,5,1.48,498.76,2341.48,-5160.13,-2580.07,930.73,0.41,0.5,0.25,0.25,72922.0,-4467.99,-2.351573684210526,0.35473684210526313,0.17736842105263156,0.17736842105263156,0.006839636872274485,0.155,0.0775,0.37,1.25,1881.0,0.2905263157894737,0.5321052631578947,-0.06127080990647541,38.38,0.75,2.7618100890207717,-7740.200000000001,1348,0.7094736842105264
Chinese,26004,Sakura Cafe,Full-service,North Shore,1.03,43.09,828,205,8833.45,311,156,156,13400.99,6722.04,6722.04,0.399280355428346,0.458031657733954,0.3,13,3.84,599.04,1260.43,-2108.14,-1057.46,360.11,0.33,0.5,0.25,0.25,35678.520000000004,-1545.06,-1.866014492753623,0.37560386473429946,0.18840579710144925,0.18840579710144925,0.016789934111616736,0.15,0.075,0.96,3.25,852.84,0.24758454106280192,0.5640096618357487,-0.043305047406674936,43.09,0.75,2.308397435897436,-3165.6,623,0.7524154589371981
Chinese,25478,Dragon Corner,QSR,West Auckland,1.04,42.19,720,71,2995.49,325,162,162,13711.75,6834.78,6834.78,0.234123886600137,0.438297565397806,0.31,14,4.13,669.06,981.26,241.03,120.15,1569.87,0.11,0.5,0.25,0.25,30376.799999999996,2912.31,4.044875,0.45138888888888895,0.22500000000000003,0.22500000000000003,0.022025361460061628,0.155,0.0775,1.0325,3.5,748.8000000000001,0.09861111111111112,0.6763888888888889,0.09587283716520503,42.18999999999999,0.75,9.690555555555555,361.18,649,0.9013888888888889
Chinese,25398,Lotus House,QSR,North Shore,1.03,38.54,1170,178,6860.12,496,248,248,19115.84,9557.92,9557.92,0.202150040548295,0.407632516603917,0.29,11,3.25,806.0,2676.94,1915.74,957.87,2923.67,0.18,0.5,0.25,0.25,45091.799999999996,8474.220000000001,7.242923076923078,0.423931623931624,0.211965811965812,0.211965811965812,0.0178746468315747,0.145,0.0725,0.8125,2.75,1205.1000000000001,0.15213675213675215,0.635897435897436,0.18793261746038087,38.54,0.75,11.788991935483871,2873.61,992,0.8478632478632478
Chinese,25602,Sakura Eatery,Full-service,South Auckland,1.05,44.9,1019,311,13963.9,354,177,177,15894.6,7947.3,7947.3,0.393819763476495,0.548709801840596,0.29,12,3.54,626.58,802.51,-3695.96,-1847.98,-169.85,0.44,0.5,0.25,0.25,45753.100000000006,-4911.280000000001,-4.819705593719333,0.3473994111874386,0.1736997055937193,0.1736997055937193,0.013694809750596134,0.145,0.0725,0.885,3.0,1069.95,0.3052011776251226,0.521099116781158,-0.10734310899152189,44.900000000000006,0.75,-0.9596045197740113,-5543.9400000000005,708,0.6947988223748773
Chinese,25280,Golden Tavern,Full-service,CBD,0.99,33.83,1944,504,17050.32,720,360,360,24357.6,12178.8,12178.8,0.3823935136199,0.491645862068981,0.32,3,0.89,320.4,2147.67,-4726.33,-2363.17,1213.65,0.35,0.5,0.25,0.25,65765.52,-3728.18,-1.9177880658436213,0.37037037037037035,0.18518518518518517,0.18518518518518517,0.0048718538224893524,0.16,0.08,0.2225,0.75,1924.56,0.25925925925925924,0.5555555555555555,-0.05668897622948925,33.830000000000005,0.75,3.3712500000000003,-7089.5,1440,0.7407407407407407
Chinese,25536,Lotus Tavern,Full-service,North Shore,1.03,39.19,1729,528,20692.32,601,300,300,23553.19,11757.0,11757.0,0.392942606913857,0.507206083461642,0.29,7,2.07,621.0,2066.16,-4478.61,-2235.58,552.95,0.44,0.5,0.25,0.25,67759.51,-4095.08,-2.3684673221515324,0.3475997686524002,0.1735106998264893,0.1735106998264893,0.009164765211554807,0.145,0.0725,0.5175,1.75,1780.8700000000001,0.3053788316946212,0.5211104684788896,-0.060435501968653556,39.19,0.75,1.8431666666666668,-6714.19,1201,0.6946211683053788
Chinese,26010,Dragon Kitchen,Cafe,South Auckland,1.05,41.49,1853,309,12820.41,772,386,386,32030.28,16015.14,16015.14,0.2735302041471,0.449517151387408,0.3,13,3.84,1482.24,3550.65,-738.21,-369.11,2953.2,0.2,0.5,0.25,0.25,76880.97,5396.53,2.9123205612520238,0.41662169454937936,0.20831084727468968,0.20831084727468968,0.019279673500477428,0.15,0.075,0.96,3.25,1945.65,0.16675661090124122,0.6249325418240691,0.07019331311766748,41.49,0.75,7.650777202072538,-1107.3200000000002,1544,0.8332433890987587
Chinese,26131,Lotus Diner,Cafe,West Auckland,1.04,32.54,641,88,2863.52,277,138,138,9013.58,4490.52,4490.52,0.26319454908371,0.369229766190983,0.29,4,1.18,162.84,1052.56,699.23,348.36,1487.77,0.16,0.5,0.25,0.25,20858.14,3587.92,5.597379095163807,0.43213728549141966,0.2152886115444618,0.2152886115444618,0.007807024020358479,0.145,0.0725,0.295,1.0,666.64,0.1372854914196568,0.6474258970358815,0.17201533789685947,32.54,0.75,10.780942028985507,1047.5900000000001,553,0.8627145085803433
Chinese,26617,Red Kitchen,Cafe,South Auckland,1.05,40.13,1041,173,6942.49,434,217,217,17416.42,8708.21,8708.21,0.216339749116451,0.428064831299707,0.31,8,2.36,512.12,2468.72,794.11,397.05,2584.48,0.2,0.5,0.25,0.25,41775.329999999994,6244.360000000001,5.998424591738713,0.4169068203650336,0.2084534101825168,0.2084534101825168,0.012258909744100169,0.155,0.0775,0.59,2.0,1093.05,0.16618635926993278,0.6253602305475504,0.14947482162319248,40.129999999999995,0.75,11.910046082949309,1191.16,868,0.8338136407300673
Chinese,26053,Lotus Corner,Ghost Kitchen,South Auckland,1.05,40.77,1663,94,3832.38,785,392,392,32004.45,15981.84,15981.84,0.258694604574703,0.261828095512465,0.32,4,1.18,462.56,1837.54,5103.98,2548.74,7200.37,0.06,0.5,0.25,0.25,67800.51,16690.629999999997,10.036458208057725,0.47203848466626586,0.23571858087793146,0.23571858087793146,0.00682236756036201,0.16,0.08,0.295,1.0,1746.15,0.05652435357787132,0.7077570655441973,0.24617263203477377,40.769999999999996,0.75,18.36829081632653,7652.719999999999,1569,0.9434756464221287
Chinese,26498,Golden House,QSR,South Auckland,1.05,38.13,807,134,5109.42,337,168,168,12849.81,6405.84,6405.84,0.272539748549461,0.445815528859384,0.31,16,4.72,792.96,1439.04,-364.36,-181.64,1011.21,0.2,0.5,0.25,0.25,30770.91,1904.25,2.359665427509294,0.41759603469640644,0.20817843866171004,0.20817843866171004,0.025769793613513545,0.155,0.0775,1.18,4.0,847.35,0.16604708798017348,0.6257744733581165,0.061884747639897555,38.13,0.75,6.019107142857143,-546.0,673,0.8339529120198265
Chinese,26013,Red Tavern,QSR,CBD,0.99,41.33,1720,249,10291.17,735,368,368,30377.55,15209.44,15209.44,0.265340579673648,0.387207843293436,0.3,9,2.66,978.88,3575.68,1441.46,721.71,4305.66,0.17,0.5,0.25,0.25,71087.6,10044.509999999998,5.8398313953488366,0.4273255813953488,0.21395348837209302,0.21395348837209302,0.013770052723681767,0.15,0.075,0.665,2.25,1702.8,0.1447674418604651,0.6412790697674418,0.14129763840669818,41.330000000000005,0.75,11.70016304347826,2163.17,1471,0.8552325581395349
Chinese,25622,Golden Corner,Full-service,West Auckland,1.04,46.19,776,225,10392.75,275,138,138,12702.25,6374.22,6374.22,0.38316788355587,0.475797643046826,0.3,16,4.72,651.36,1465.74,-2019.22,-1013.28,247.62,0.41,0.5,0.25,0.25,35843.44,-1319.1399999999999,-1.699922680412371,0.35438144329896903,0.17783505154639176,0.17783505154639176,0.018172362920523252,0.15,0.075,1.18,4.0,807.0400000000001,0.2899484536082474,0.5322164948453608,-0.03680282919273373,46.190000000000005,0.75,1.7943478260869565,-3032.5,551,0.7100515463917526
Chinese,25206,Sakura Kitchen,Ghost Kitchen,South Auckland,1.05,37.14,1256,48,1782.72,604,302,302,22432.56,11216.28,11216.28,0.26369786063442,0.34321853480069,0.3,11,3.25,981.5,700.76,2088.1,1044.05,3427.44,0.04,0.5,0.25,0.25,46647.840000000004,7260.35,5.780533439490446,0.48089171974522293,0.24044585987261147,0.24044585987261147,0.021040631248949573,0.15,0.075,0.8125,2.75,1318.8,0.03821656050955414,0.7213375796178344,0.15564171888773412,37.14,0.75,11.349139072847683,3132.1499999999996,1208,0.9617834394904459
Chinese,26176,Red Kitchen,Cafe,CBD,0.99,34.74,797,109,3786.66,344,172,172,11950.56,5975.28,5975.28,0.207925808895379,0.446247707633302,0.3,15,4.43,761.96,1309.53,547.65,273.83,1304.45,0.16,0.5,0.25,0.25,27687.78,3435.46,4.310489335006274,0.4316185696361355,0.21580928481806774,0.21580928481806774,0.027519721696719637,0.15,0.075,1.1075,3.75,789.03,0.13676286072772897,0.6474278544542033,0.12407856462309366,34.74,0.75,7.584011627906977,821.48,688,0.863237139272271
Chinese,25693,Red Grill,Cafe,CBD,0.99,36.88,1821,364,13424.32,729,364,364,26885.52,13424.32,13424.32,0.215512109491974,0.354911531717516,0.32,8,2.36,859.04,5766.77,2946.02,1470.99,4907.73,0.25,0.5,0.25,0.25,67158.48,15091.51,8.287484898407468,0.40032948929159806,0.199890170236134,0.199890170236134,0.012791236490164757,0.16,0.08,0.59,2.0,1802.79,0.199890170236134,0.600219659527732,0.22471488336245848,36.879999999999995,0.75,13.482774725274725,4417.01,1457,0.800109829763866
Chinese,26543,Dragon Eatery,Cafe,North Shore,1.03,34.17,1484,204,6970.68,640,320,320,21868.8,10934.4,10934.4,0.243031623307616,0.432662174850702,0.32,15,4.43,1417.6,2260.63,94.17,47.09,2128.49,0.16,0.5,0.25,0.25,50708.28,4530.38,3.0528167115902964,0.431266846361186,0.215633423180593,0.215633423180593,0.02795598667515443,0.16,0.08,1.1075,3.75,1528.52,0.13746630727762804,0.6469002695417789,0.08934201672784012,34.17,0.75,6.65153125,141.26,1280,0.862533692722372
Chinese,25694,Golden Tavern,QSR,North Shore,1.03,40.09,738,107,4289.63,315,158,158,12628.35,6334.22,6334.22,0.256855880245566,0.439328920771368,0.29,16,4.72,745.76,1303.25,174.46,87.51,1178.67,0.17,0.5,0.25,0.25,29586.420000000002,2743.8900000000003,3.718008130081301,0.4268292682926829,0.2140921409214092,0.2140921409214092,0.025206158771490433,0.145,0.0725,1.18,4.0,760.14,0.14498644986449863,0.6409214092140921,0.09274153479873537,40.09,0.75,7.45993670886076,261.97,631,0.8550135501355014
Chinese,25183,Golden Diner,Full-service,CBD,0.99,42.6,924,213,9073.8,355,178,178,15123.0,7582.8,7582.8,0.395718236151151,0.53493733999785,0.32,8,2.36,420.08,629.22,-3790.66,-1900.67,105.74,0.3,0.5,0.25,0.25,39362.4,-4956.37,-5.364036796536796,0.3841991341991342,0.19264069264069264,0.19264069264069264,0.010672113489014897,0.16,0.08,0.59,2.0,914.76,0.23051948051948049,0.5768398268398268,-0.12591635672621587,42.6,0.75,0.5940449438202247,-5691.33,711,0.7694805194805194
Chinese,26371,Lotus Corner,Cafe,North Shore,1.03,38.06,1246,162,6165.72,542,271,271,20628.52,10314.26,10314.26,0.230336780287325,0.355597883812152,0.27,8,2.36,639.56,2553.01,2971.85,1485.93,3631.22,0.15,0.5,0.25,0.25,47422.76,10642.01,8.54093900481541,0.434991974317817,0.2174959871589085,0.2174959871589085,0.013486351279427851,0.135,0.0675,0.59,2.0,1283.38,0.13001605136436598,0.6524879614767255,0.22440722556004752,38.06,0.75,13.399335793357933,4457.78,1084,0.869983948635634
Chinese,25659,Golden House,Cafe,West Auckland,1.04,37.76,1282,186,7023.36,548,274,274,20692.48,10346.24,10346.24,0.239677734877914,0.370510710123926,0.29,8,2.36,646.64,2737.79,2065.35,1032.67,3386.44,0.17,0.5,0.25,0.25,48408.32,9222.25,7.193642745709829,0.42745709828393136,0.21372854914196568,0.21372854914196568,0.013358034321372855,0.145,0.0725,0.59,2.0,1333.28,0.14508580343213728,0.641185647425897,0.1905096066130781,37.76,0.75,12.3592700729927,3098.02,1096,0.8549141965678627
Chinese,25700,Sakura Diner,Cafe,North Shore,1.03,35.03,1028,224,7846.72,402,201,201,14082.06,7041.03,7041.03,0.279623358305544,0.3802623182768,0.33,17,5.02,1009.02,2668.78,142.43,71.22,1385.74,0.28,0.5,0.25,0.25,36010.84,4268.17,4.151916342412451,0.39105058365758755,0.19552529182879377,0.19552529182879377,0.028019896231245928,0.165,0.0825,1.255,4.25,1058.84,0.21789883268482493,0.5865758754863813,0.11852458870717819,35.029999999999994,0.75,6.894228855721393,213.65,804,0.7821011673151751
Chinese,26265,Dragon Diner,Full-service,South Auckland,1.05,42.79,720,161,6889.19,279,140,140,11938.41,5990.6,5990.6,0.395338043500669,0.546238326467574,0.31,5,1.48,207.2,402.49,-3003.42,-1507.09,142.79,0.29,0.5,0.25,0.25,30808.799999999996,-3965.2300000000005,-5.50726388888889,0.38750000000000007,0.19444444444444448,0.19444444444444448,0.006725351198358911,0.155,0.0775,0.37,1.25,756.0,0.22361111111111112,0.5819444444444446,-0.12870446106307293,42.78999999999999,0.75,1.0199285714285713,-4510.51,559,0.7763888888888889
Chinese,25580,Sakura Corner,Cafe,CBD,0.99,35.24,810,129,4545.96,341,170,170,12016.84,5990.8,5990.8,0.27675179714337,0.438894295063801,0.3,16,4.72,802.4,1292.66,-188.02,-93.73,901.11,0.19,0.5,0.25,0.25,28544.399999999998,1912.02,2.3605185185185187,0.42098765432098767,0.20987654320987656,0.20987654320987656,0.02811059262061911,0.15,0.075,1.18,4.0,801.9,0.15925925925925927,0.6308641975308642,0.06698406692731325,35.239999999999995,0.75,5.30064705882353,-281.75,681,0.8407407407407408
Chinese,25296,Golden Diner,Full-service,West Auckland,1.04,40.39,2041,593,23951.27,724,362,362,29242.36,14621.18,14621.18,0.358275461453013,0.5466285669012,0.31,11,3.25,1176.5,2277.67,-6284.3,-3142.15,213.92,0.41,0.5,0.25,0.25,82435.98999999999,-6934.860000000001,-3.3977756001959825,0.35472807447329746,0.17736403723664873,0.17736403723664873,0.014271679153728851,0.155,0.0775,0.8125,2.75,2122.64,0.29054385105340524,0.5320921117099462,-0.08412417925714244,40.38999999999999,0.75,0.590939226519337,-9426.45,1448,0.7094561489465948
Chinese,25070,Red Grill,Cafe,South Auckland,1.05,37.27,1820,364,13566.28,728,364,364,27132.56,13566.28,13566.28,0.279364249650389,0.412589256395586,0.33,16,4.72,1718.08,4179.04,-595.65,-297.83,2460.96,0.25,0.5,0.25,0.25,67831.40000000001,5746.52,3.1574285714285715,0.39999999999999997,0.19999999999999998,0.19999999999999998,0.025328682586530718,0.165,0.0825,1.18,4.0,1911.0,0.19999999999999998,0.6,0.08471769711372609,37.27,0.75,6.760879120879121,-893.48,1456,0.8
Chinese,25071,Sakura Cafe,Full-service,North Shore,1.03,31.82,640,132,4200.24,254,127,127,8082.28,4041.14,4041.14,0.394447506195866,0.456484517152421,0.31,8,2.36,299.72,626.12,-1300.7,-650.35,302.68,0.26,0.5,0.25,0.25,20364.8,-1022.25,-1.597265625,0.396875,0.1984375,0.1984375,0.014717551854179762,0.155,0.0775,0.59,2.0,659.2,0.20625,0.5953125,-0.05019690839094909,31.82,0.75,2.3833070866141735,-1951.0500000000002,508,0.79375
Chinese,25221,Red Diner,QSR,North Shore,1.03,36.55,1230,178,6505.9,526,263,263,19225.3,9612.65,9612.65,0.20621140897274,0.414861785247922,0.32,11,3.25,854.75,2465.26,1132.89,566.44,2787.74,0.17,0.5,0.25,0.25,44956.5,6952.33,5.65230081300813,0.4276422764227642,0.2138211382113821,0.2138211382113821,0.019012823507168042,0.16,0.08,0.8125,2.75,1266.9,0.14471544715447154,0.6414634146341462,0.1546457130781978,36.55,0.75,10.59977186311787,1699.3300000000002,1052,0.8552845528455284
Chinese,25219,Red House,Full-service,CBD,0.99,31.77,966,266,8450.82,350,175,175,11119.5,5559.75,5559.75,0.381094532250427,0.512531927647069,0.3,18,5.31,929.25,898.94,-2153.03,-1076.51,-337.84,0.38,0.5,0.25,0.25,30689.82,-2668.4400000000005,-2.7623602484472056,0.36231884057971014,0.18115942028985507,0.18115942028985507,0.030278769963460198,0.15,0.075,1.3275,4.5,956.34,0.2753623188405797,0.5434782608695652,-0.08694870155641188,31.77,0.75,-1.9305142857142856,-3229.54,700,0.7246376811594203
Chinese,25508,Dragon Tavern,Cafe,West Auckland,1.04,43.74,1165,225,9841.5,470,235,235,20557.8,10278.9,10278.9,0.201465280093253,0.376539960876107,0.32,4,1.18,277.3,4153.06,2096.79,1048.39,4060.34,0.24,0.5,0.25,0.25,50957.1,11358.580000000002,9.74985407725322,0.4034334763948498,0.2017167381974249,0.2017167381974249,0.0054418324433690305,0.16,0.08,0.295,1.0,1211.6000000000001,0.19313304721030045,0.6051502145922747,0.22290475713884822,43.74,0.75,17.27804255319149,3145.1800000000003,940,0.8068669527896996
Chinese,26315,Golden Bistro,Full-service,North Shore,1.03,40.26,2090,618,24880.68,736,368,368,29631.36,14815.68,14815.68,0.399164941266645,0.463204497657716,0.29,12,3.54,1302.72,3424.34,-4514.91,-2257.46,736.37,0.42,0.5,0.25,0.25,84143.4,-2611.66,-1.2495980861244018,0.35215311004784694,0.17607655502392347,0.17607655502392347,0.01548214120180549,0.145,0.0725,0.885,3.0,2152.7000000000003,0.29569377990430623,0.5282296650717704,-0.031038203828226574,40.26,0.75,2.0010054347826087,-6772.37,1472,0.7043062200956938
Chinese,25318,Golden Tavern,QSR,North Shore,1.03,31.35,1178,162,5078.7,508,254,254,15925.8,7962.9,7962.9,0.248687975779176,0.399860312812962,0.3,3,0.89,226.06,1784.92,819.41,409.7,2572.51,0.16,0.5,0.25,0.25,36930.3,5586.54,4.742393887945671,0.431239388794567,0.2156196943972835,0.2156196943972835,0.006121260861677268,0.15,0.075,0.2225,0.75,1213.34,0.13752122241086587,0.6468590831918505,0.15127253231086668,31.35,0.75,10.127992125984253,1229.11,1016,0.8624787775891342
Chinese,26302,Sakura Tavern,Cafe,CBD,0.99,30.28,1382,190,5753.2,596,298,298,18046.88,9023.44,9023.44,0.205369649510831,0.387487425445579,0.33,9,2.66,792.68,2342.37,1392.19,696.09,2881.15,0.16,0.5,0.25,0.25,41846.96000000001,7311.799999999999,5.290738060781476,0.43125904486251804,0.21562952243125902,0.21562952243125902,0.0189423556693246,0.165,0.0825,0.665,2.25,1368.18,0.1374819102749638,0.6468885672937771,0.17472714863875413,30.280000000000005,0.75,9.668288590604027,2088.28,1192,0.8625180897250362
Chinese,26520,Golden Eatery,QSR,West Auckland,1.04,36.1,1380,136,4909.6,622,311,311,22454.2,11227.1,11227.1,0.231766770388931,0.424708562181331,0.28,10,2.95,917.45,1686.57,1426.4,713.2,2939.34,0.11,0.5,0.25,0.25,49818.0,6765.51,4.90254347826087,0.45072463768115945,0.22536231884057972,0.22536231884057972,0.018416034365088926,0.14,0.07,0.7375,2.5,1435.2,0.09855072463768116,0.6760869565217392,0.1358045284836806,36.1,0.75,9.451254019292605,2139.6000000000004,1244,0.9014492753623189
Chinese,25350,Sakura Corner,Full-service,West Auckland,1.04,37.81,1182,258,9754.98,462,231,231,17468.22,8734.11,8734.11,0.395334879145958,0.455881052440964,0.31,8,2.36,545.16,1451.39,-2816.16,-1408.08,754.34,0.28,0.5,0.25,0.25,44691.42,-2018.5099999999993,-1.707707275803722,0.3908629441624366,0.1954314720812183,0.1954314720812183,0.012198314575817909,0.155,0.0775,0.59,2.0,1229.28,0.2182741116751269,0.5862944162436549,-0.045165492615808565,37.809999999999995,0.75,3.2655411255411257,-4224.24,924,0.7817258883248731
Chinese,25877,Lotus Grill,QSR,North Shore,1.03,39.45,1843,307,12111.15,768,384,384,30297.6,15148.8,15148.8,0.231631634328514,0.350606797146611,0.3,4,1.18,453.12,5059.57,3567.89,1783.95,5875.47,0.2,0.5,0.25,0.25,72706.35,16286.880000000001,8.837156809549647,0.4167118827997829,0.20835594139989144,0.20835594139989144,0.006232192924001823,0.15,0.075,0.295,1.0,1898.29,0.16657623440043406,0.6250678241996743,0.22400904460201895,39.45,0.75,15.300703125,5351.84,1536,0.8334237655995659
Chinese,26321,Sakura Eatery,Full-service,North Shore,1.03,41.87,896,184,7704.08,356,178,178,14905.72,7452.86,7452.86,0.392359723895788,0.527107211994007,0.31,4,1.18,210.04,620.43,-3420.37,-1710.18,390.16,0.26,0.5,0.25,0.25,37515.52,-4119.96,-4.598169642857143,0.3973214285714286,0.1986607142857143,0.1986607142857143,0.005598749530860828,0.155,0.0775,0.295,1.0,922.88,0.20535714285714288,0.5959821428571429,-0.10982014910095876,41.87,0.75,2.1919101123595506,-5130.55,712,0.7946428571428571
Chinese,25960,Red Kitchen,Cafe,North Shore,1.03,31.06,1454,318,9877.08,568,284,284,17642.08,8821.04,8821.04,0.248581511806697,0.39416928270366,0.28,7,2.07,587.88,3528.58,1362.84,681.42,2563.43,0.28,0.5,0.25,0.25,45161.240000000005,8136.27,5.595784044016506,0.390646492434663,0.1953232462173315,0.1953232462173315,0.013017357362198202,0.14,0.07,0.5175,1.75,1497.6200000000001,0.21870701513067398,0.5859697386519945,0.18016046503594674,31.060000000000002,0.75,9.026161971830986,2044.2599999999998,1136,0.781292984869326
Chinese,26417,Golden Tavern,Cafe,West Auckland,1.04,34.53,1423,311,10738.83,556,278,278,19198.68,9599.34,9599.34,0.253148416317999,0.426089535560459,0.28,17,5.02,1395.56,3444.61,782.58,391.29,1683.54,0.28,0.5,0.25,0.25,49136.19,6302.02,4.428685874912158,0.39072382290934643,0.19536191145467321,0.19536191145467321,0.028401876498768013,0.14,0.07,1.255,4.25,1479.92,0.21855235418130708,0.5860857343640197,0.12825617940666545,34.53,0.75,6.05589928057554,1173.8700000000001,1112,0.7814476458186929
Chinese,25691,Golden Bistro,QSR,West Auckland,1.04,41.14,1404,172,7076.08,616,308,308,25342.24,12671.12,12671.12,0.244977448247373,0.424303243448958,0.27,10,2.95,908.6,2340.2,1538.76,769.38,3281.98,0.14,0.5,0.25,0.25,57760.560000000005,7930.32,5.648376068376068,0.43874643874643876,0.21937321937321938,0.21937321937321938,0.015730456906927495,0.135,0.0675,0.7375,2.5,1460.16,0.12250712250712249,0.6581196581196581,0.13729645280447417,41.14,0.75,10.655779220779221,2308.14,1232,0.8774928774928775
Chinese,25517,Dragon House,Cafe,CBD,0.99,36.2,1800,336,12163.2,732,366,366,26498.4,13249.2,13249.2,0.212974373381585,0.441601479123347,0.31,15,4.43,1621.38,4201.46,938.68,469.34,2955.21,0.23,0.5,0.25,0.25,65160.0,8564.69,4.758161111111112,0.4066666666666667,0.20333333333333334,0.20333333333333334,0.024883057090239413,0.155,0.0775,1.1075,3.75,1782.0,0.18666666666666668,0.6100000000000001,0.13144091467157767,36.2,0.75,8.074344262295082,1408.02,1464,0.8133333333333334
Chinese,25761,Red Diner,Cafe,CBD,0.99,42.32,704,112,4739.84,296,148,148,12526.72,6263.36,6263.36,0.2523854868114,0.430818550032564,0.32,6,1.77,261.96,1501.56,-40.14,-20.07,1722.25,0.19,0.5,0.25,0.25,29793.28,3163.6,4.4937499999999995,0.42045454545454547,0.21022727272727273,0.21022727272727273,0.008792586784670904,0.16,0.08,0.4425,1.5,696.96,0.1590909090909091,0.6306818181818181,0.10618501890359168,42.32,0.75,11.636824324324325,-60.21,592,0.8409090909090909
Chinese,25801,Golden Eatery,Cafe,North Shore,1.03,34.24,679,135,4622.4,272,136,136,9313.28,4656.64,4656.64,0.273595393132418,0.366750952135772,0.29,7,2.07,281.52,1662.46,648.7,324.35,1393.26,0.25,0.5,0.25,0.25,23248.96,4028.7699999999995,5.933387334315169,0.4005891016200295,0.20029455081001474,0.20029455081001474,0.012108928743479278,0.145,0.0725,0.5175,1.75,699.37,0.19882179675994108,0.6008836524300443,0.17328818149284955,34.24,0.75,10.244558823529411,973.0500000000001,544,0.801178203240059
Chinese,25036,Lotus Tavern,Cafe,South Auckland,1.05,36.56,1578,251,9176.56,663,332,332,24239.28,12137.92,12137.92,0.23573942931369,0.415051110228524,0.31,10,2.95,979.4,3204.54,950.41,475.92,3259.28,0.19,0.5,0.25,0.25,57691.67999999999,7890.15,5.00009505703422,0.4201520912547529,0.21039290240811157,0.21039290240811157,0.016976451370457578,0.155,0.0775,0.7375,2.5,1656.9,0.1590621039290241,0.6305449936628644,0.13676408799327738,36.559999999999995,0.75,9.81710843373494,1426.33,1327,0.8409378960709759
Chinese,25572,Sakura House,Ghost Kitchen,West Auckland,1.04,33.57,677,38,1275.66,319,160,160,10708.83,5371.2,5371.2,0.294790791755076,0.303496247588191,0.28,6,1.77,283.2,512.45,1303.4,653.74,1874.48,0.06,0.5,0.25,0.25,22726.89,4344.07,6.416646971935007,0.4711964549483013,0.2363367799113737,0.2363367799113737,0.012461009843405762,0.14,0.07,0.4425,1.5,704.08,0.05612998522895126,0.707533234859675,0.1911422988363124,33.57,0.75,11.7155,1957.14,639,0.9438700147710487
Chinese,25722,Red Kitchen,Full-service,North Shore,1.03,32.05,1243,315,10095.75,464,232,232,14871.2,7435.6,7435.6,0.371724752651062,0.509835770563222,0.32,9,2.66,617.12,1195.74,-2997.45,-1498.72,263.55,0.34,0.5,0.25,0.25,39838.15,-3036.8799999999997,-2.4431858407079643,0.37329042638777155,0.18664521319388577,0.18664521319388577,0.015490679160553389,0.16,0.08,0.665,2.25,1280.29,0.25341914722445696,0.5599356395816574,-0.0762304474479864,32.050000000000004,0.75,1.1359913793103449,-4496.17,928,0.7465808527755431
Chinese,25806,Golden Kitchen,Ghost Kitchen,West Auckland,1.04,46.32,907,43,1991.76,432,216,216,20010.24,10005.12,10005.12,0.283300330804195,0.331551749072969,0.28,3,0.89,192.24,767.12,2104.04,1052.02,3661.21,0.05,0.5,0.25,0.25,42012.240000000005,7584.389999999999,8.362061742006615,0.4762954796030871,0.23814773980154355,0.23814773980154355,0.004575809335565064,0.14,0.07,0.2225,0.75,943.2800000000001,0.047409040793825796,0.7144432194046306,0.18052810323848476,46.32000000000001,0.75,16.950046296296296,3156.06,864,0.9525909592061742
Chinese,26414,Golden Diner,QSR,North Shore,1.03,41.57,1591,231,9602.67,680,340,340,28267.6,14133.8,14133.8,0.21968027330935,0.377555910078809,0.32,13,3.84,1305.6,3867.61,2339.53,1169.77,4386.98,0.17,0.5,0.25,0.25,66137.87,11763.89,7.394022627278441,0.4274041483343809,0.21370207416719045,0.21370207416719045,0.019740581303873257,0.16,0.08,0.96,3.25,1638.73,0.14519170333123824,0.6411062225015713,0.17786919959774938,41.57,0.75,12.902882352941175,3509.3,1360,0.8548082966687618
Chinese,26293,Sakura Kitchen,QSR,South Auckland,1.05,35.69,849,141,5032.29,354,177,177,12634.26,6317.13,6317.13,0.21097047034651,0.357273713103496,0.28,5,1.48,261.96,2172.72,1917.32,958.66,2465.5,0.2,0.5,0.25,0.25,30300.81,7514.2,8.850647820965841,0.41696113074204944,0.20848056537102472,0.20848056537102472,0.008645313442115903,0.14,0.07,0.37,1.25,891.45,0.16607773851590105,0.6254416961130742,0.2479867699906372,35.690000000000005,0.75,13.929378531073446,2875.98,708,0.833922261484099
Chinese,26577,Golden Grill,QSR,North Shore,1.03,44.16,1066,105,4636.8,481,240,240,21240.96,10598.4,10598.4,0.273161277454346,0.373338230419904,0.32,9,2.66,638.4,1639.11,711.58,355.05,3108.14,0.11,0.5,0.25,0.25,47074.56,5813.88,5.453921200750469,0.45121951219512196,0.225140712945591,0.225140712945591,0.013561465046088588,0.16,0.08,0.665,2.25,1097.98,0.09849906191369606,0.676360225140713,0.12350365037931317,44.16,0.75,12.950583333333332,1066.63,961,0.9015009380863039
Chinese,26536,Sakura Corner,QSR,West Auckland,1.04,34.6,1570,250,8650.0,660,330,330,22836.0,11418.0,11418.0,0.227808673344553,0.356178039731458,0.27,9,2.66,877.8,3598.51,3334.36,1667.18,3872.24,0.19,0.5,0.25,0.25,54322.0,12472.29,7.944133757961784,0.42038216560509556,0.21019108280254778,0.21019108280254778,0.016159198851294135,0.135,0.0675,0.665,2.25,1632.8,0.1592356687898089,0.6305732484076433,0.22959924155958913,34.6,0.75,11.734060606060606,5001.54,1320,0.8407643312101911
Chinese,25512,Lotus Kitchen,QSR,CBD,0.99,31.27,1364,124,3877.48,620,310,310,19387.4,9693.7,9693.7,0.256585275344551,0.395035106549039,0.31,17,5.02,1556.2,1350.84,744.08,372.04,1820.89,0.1,0.5,0.25,0.25,42652.28,4287.85,3.14358504398827,0.4545454545454546,0.2272727272727273,0.2272727272727273,0.036485740035468214,0.155,0.0775,1.255,4.25,1350.36,0.09090909090909091,0.6818181818181819,0.10053038196316821,31.27,0.75,5.87383870967742,1116.1200000000001,1240,0.9090909090909091
Chinese,25109,Dragon Cafe,Cafe,South Auckland,1.05,40.69,1051,203,8260.07,424,212,212,17252.56,8626.28,8626.28,0.249420516099781,0.374149388237856,0.29,18,5.31,1125.72,3109.34,1491.14,745.57,2121.47,0.24,0.5,0.25,0.25,42765.19,7467.52,7.105156993339677,0.4034253092293054,0.2017126546146527,0.2017126546146527,0.026323278348582106,0.145,0.0725,1.3275,4.5,1103.55,0.19314938154138914,0.6051379638439582,0.17461678528728622,40.690000000000005,0.75,10.00693396226415,2236.71,848,0.8068506184586108
Chinese,25650,Lotus House,Full-service,West Auckland,1.04,40.05,1841,477,19103.85,682,341,341,27314.1,13657.05,13657.05,0.353668365778867,0.509786053118296,0.29,15,4.43,1510.63,2608.55,-4191.47,-2095.73,354.18,0.35,0.5,0.25,0.25,73732.05,-3324.4700000000003,-1.8057957631721893,0.3704508419337316,0.1852254209668658,0.1852254209668658,0.02048810524052973,0.145,0.0725,1.1075,3.75,1914.64,0.25909831613253664,0.5556762629005974,-0.04508853341253905,40.050000000000004,0.75,1.0386510263929618,-6287.200000000001,1364,0.7409016838674634
Chinese,25115,Lotus Eatery,Full-service,North Shore,1.03,38.81,712,180,6985.8,266,133,133,10323.46,5161.73,5161.73,0.36330637417268,0.463121236930601,0.28,14,4.13,549.29,1212.54,-1098.7,-549.35,346.64,0.34,0.5,0.25,0.25,27632.719999999998,-88.87000000000012,-0.12481741573033725,0.37359550561797755,0.18679775280898878,0.18679775280898878,0.019878245789773864,0.14,0.07,1.0325,3.5,733.36,0.25280898876404495,0.5603932584269663,-0.003216114808820852,38.809999999999995,0.75,2.606315789473684,-1648.0500000000002,532,0.7471910112359551
Chinese,25843,Lotus Corner,Full-service,West Auckland,1.04,39.71,1938,502,19934.42,718,359,359,28511.78,14255.89,14255.89,0.393492343707476,0.512955710524693,0.31,17,5.02,1802.18,1864.9,-6171.32,-3085.66,-468.51,0.35,0.5,0.25,0.25,76957.98,-7860.59,-4.056031991744066,0.37048503611971106,0.18524251805985553,0.18524251805985553,0.023417714446247163,0.155,0.0775,1.255,4.25,2015.52,0.2590299277605779,0.5557275541795665,-0.1021413243954688,39.71,0.75,-1.305041782729805,-9256.98,1436,0.7409700722394221
Chinese,26178,Golden Kitchen,Cafe,West Auckland,1.04,42.26,1530,306,12931.56,612,306,306,25863.12,12931.56,12931.56,0.211885205637664,0.435429754783399,0.31,15,4.43,1355.58,4560.77,1103.97,551.98,3205.19,0.25,0.5,0.25,0.25,64657.799999999996,9421.910000000002,6.158111111111112,0.4,0.2,0.2,0.020965451964032183,0.155,0.0775,1.1075,3.75,1591.2,0.2,0.6000000000000001,0.1457196192880055,42.26,0.75,10.474477124183007,1655.95,1224,0.8
Chinese,25829,Lotus Corner,Cafe,CBD,0.99,39.95,917,133,5313.35,392,196,196,15660.4,7830.2,7830.2,0.231712181903422,0.395080887596123,0.3,9,2.66,521.36,1982.98,1146.45,573.22,2400.92,0.17,0.5,0.25,0.25,36634.15,6103.570000000001,6.656019629225737,0.42748091603053434,0.21374045801526717,0.21374045801526717,0.01423152987035321,0.15,0.075,0.665,2.25,907.83,0.1450381679389313,0.6412213740458015,0.1666087516702312,39.95,0.75,12.249591836734695,1719.67,784,0.8549618320610687
Chinese,26636,Sakura Cafe,Ghost Kitchen,South Auckland,1.05,37.98,1702,126,4785.48,788,394,394,29928.24,14964.12,14964.12,0.255518442066386,0.326068457355723,0.33,3,0.89,350.66,2002.31,2646.05,1323.02,5910.52,0.08,0.5,0.25,0.25,64641.96000000001,11881.900000000001,6.981139835487663,0.46298472385428907,0.23149236192714454,0.23149236192714454,0.005424649871383851,0.165,0.0825,0.2225,0.75,1787.1000000000001,0.07403055229142184,0.6944770857814335,0.1838109488016762,37.980000000000004,0.75,15.001319796954316,3969.07,1576,0.9259694477085781
Chinese,25520,Golden Tavern,Full-service,West Auckland,1.04,34.9,826,170,5933.0,328,164,164,11447.2,5723.6,5723.6,0.355159955017734,0.519138809409924,0.27,12,3.54,580.56,745.79,-1651.82,-825.91,138.9,0.26,0.5,0.25,0.25,28827.4,-1593.04,-1.9286198547215496,0.39709443099273606,0.19854721549636803,0.19854721549636803,0.020139173147769134,0.135,0.0675,0.885,3.0,859.0400000000001,0.20581113801452783,0.5956416464891042,-0.055261313888869616,34.9,0.75,0.8469512195121952,-2477.73,656,0.7941888619854721
Chinese,25820,Dragon Corner,Cafe,South Auckland,1.05,32.01,1737,277,8866.77,730,365,365,23367.3,11683.65,11683.65,0.250170034579933,0.432637205859646,0.32,16,4.72,1722.8,2812.48,-65.6,-32.8,1983.17,0.19,0.5,0.25,0.25,55601.37,4697.25,2.704231433506045,0.4202648244099021,0.21013241220495105,0.21013241220495105,0.030984848035219274,0.16,0.08,1.18,4.0,1823.8500000000001,0.15947035118019573,0.6303972366148531,0.08448083203705233,32.01,0.75,5.433342465753425,-98.39999999999999,1460,0.8405296488198043
Chinese,25375,Dragon Cafe,Cafe,CBD,0.99,39.65,1049,229,9079.85,410,205,205,16256.5,8128.25,8128.25,0.210223318692297,0.371796460123733,0.3,16,4.72,967.6,3795.2,1917.95,958.97,2429.85,0.28,0.5,0.25,0.25,41592.85,9101.97,8.676806482364155,0.3908484270734033,0.19542421353670164,0.19542421353670164,0.023263613818240395,0.15,0.075,1.18,4.0,1038.51,0.21830314585319355,0.5862726406101049,0.2188349680293608,39.65,0.75,11.852926829268291,2876.92,820,0.7816968541468065
Chinese,25941,Red Bistro,Ghost Kitchen,South Auckland,1.05,43.94,1248,92,4042.48,578,289,289,25397.32,12698.66,12698.66,0.294854726211633,0.281737700977828,0.31,7,2.07,598.23,1711.62,2880.25,1440.12,4778.48,0.08,0.5,0.25,0.25,54837.119999999995,10810.47,8.662235576923077,0.46314102564102566,0.23157051282051283,0.23157051282051283,0.010909216238927209,0.155,0.0775,0.5175,1.75,1310.4,0.07371794871794872,0.6947115384615384,0.19713781467735725,43.94,0.75,16.534532871972317,4320.37,1156,0.9262820512820513
Chinese,26591,Sakura House,Full-service,CBD,0.99,36.9,1633,474,17490.6,579,290,290,21365.1,10701.0,10701.0,0.396324428927619,0.504563069227152,0.33,4,1.18,342.2,1733.54,-4932.93,-2470.73,718.4,0.41,0.5,0.25,0.25,60257.7,-4951.720000000001,-3.0322841396203315,0.3545621555419473,0.17758726270667485,0.17758726270667485,0.00567894227625681,0.165,0.0825,0.295,1.0,1616.67,0.290263319044703,0.5321494182486222,-0.0821757219409304,36.9,0.75,2.4772413793103447,-7403.66,1159,0.709736680955297
Chinese,25054,Red Diner,QSR,South Auckland,1.05,42.92,1638,226,9699.92,706,353,353,30301.52,15150.76,15150.76,0.229495190586895,0.358006178517826,0.29,13,3.84,1355.52,4001.2,3711.89,1855.95,4894.15,0.16,0.5,0.25,0.25,70302.96,14463.19,8.829786324786324,0.431013431013431,0.2155067155067155,0.2155067155067155,0.019281122729398588,0.145,0.0725,0.96,3.25,1719.9,0.13797313797313795,0.6465201465201464,0.20572661520937383,42.92,0.75,13.864447592067988,5567.84,1412,0.8620268620268621
Chinese,26515,Lotus Kitchen,Cafe,CBD,0.99,41.51,1747,315,13075.65,716,358,358,29721.16,14860.58,14860.58,0.23336392775178,0.388946938468143,0.3,15,4.43,1585.94,4938.53,2309.01,1154.51,4026.74,0.22,0.5,0.25,0.25,72517.97,12428.789999999999,7.114361763022323,0.4098454493417287,0.20492272467086434,0.20492272467086434,0.021869613835025996,0.15,0.075,1.1075,3.75,1729.53,0.18030910131654262,0.614768174012593,0.17138910534864668,41.51,0.75,11.247877094972067,3463.5200000000004,1432,0.8196908986834573
Chinese,25555,Lotus Bistro,Cafe,CBD,0.99,30.34,763,171,5188.14,296,148,148,8980.64,4490.32,4490.32,0.279941906649619,0.444194895145483,0.29,13,3.84,568.32,1431.22,-126.96,-63.48,670.39,0.29,0.5,0.25,0.25,23149.42,1911.17,2.5048099606815204,0.38794233289646135,0.19397116644823068,0.19397116644823068,0.024550075120672574,0.145,0.0725,0.96,3.25,755.37,0.22411533420707735,0.581913499344692,0.08255800793281215,30.339999999999996,0.75,4.529662162162162,-190.44,592,0.7758846657929227
Chinese,25204,Lotus Diner,Cafe,South Auckland,1.05,41.77,1160,224,9356.48,468,234,234,19548.36,9774.18,9774.18,0.242862232327461,0.440491092158481,0.31,4,1.18,276.12,2962.7,129.93,64.97,2818.84,0.24,0.5,0.25,0.25,48453.200000000004,5976.44,5.152103448275862,0.40344827586206894,0.20172413793103447,0.20172413793103447,0.0056986948230457425,0.155,0.0775,0.295,1.0,1218.0,0.19310344827586204,0.6051724137931034,0.12334458817993443,41.77,0.75,12.046324786324787,194.9,936,0.8068965517241379
Chinese,26486,Red Cafe,QSR,South Auckland,1.05,37.7,881,121,4561.7,380,190,190,14326.0,7163.0,7163.0,0.268228919859976,0.375720127648674,0.31,15,4.43,841.7,1624.2,659.73,329.86,1708.69,0.16,0.5,0.25,0.25,33213.7,4322.4800000000005,4.906333711691261,0.431328036322361,0.2156640181611805,0.2156640181611805,0.025341952266685137,0.155,0.0775,1.1075,3.75,925.0500000000001,0.1373439273552781,0.6469920544835415,0.13014147776369392,37.699999999999996,0.75,8.993105263157895,989.59,760,0.8626560726447219
Chinese,25844,Lotus Eatery,QSR,South Auckland,1.05,39.19,1313,209,8190.71,552,276,276,21632.88,10816.44,10816.44,0.272124186344445,0.39369796726387,0.3,12,3.54,977.04,2737.15,739.37,369.68,2637.57,0.19,0.5,0.25,0.25,51456.47,6483.77,4.9381340441736485,0.4204112718964204,0.2102056359482102,0.2102056359482102,0.01898769970034866,0.15,0.075,0.885,3.0,1378.65,0.15917745620715917,0.6306169078446306,0.1260049513695751,39.19,0.75,9.556413043478262,1109.05,1104,0.8408225437928408
Chinese,26368,Dragon Eatery,Cafe,West Auckland,1.04,40.68,1554,202,8217.36,676,338,338,27499.68,13749.84,13749.84,0.202652339376509,0.396879305806942,0.27,11,3.25,1098.5,3290.79,3587.84,1793.92,4407.88,0.15,0.5,0.25,0.25,63216.72,13080.43,8.417265122265123,0.435006435006435,0.2175032175032175,0.2175032175032175,0.01737673197850189,0.135,0.0675,0.8125,2.75,1616.16,0.12998712998713,0.6525096525096525,0.2069140885512567,40.68,0.75,13.041065088757398,5381.76,1352,0.87001287001287
Chinese,26690,Dragon Grill,Ghost Kitchen,CBD,0.99,31.29,1412,92,2878.68,660,330,330,20651.4,10325.7,10325.7,0.258770291029941,0.288752131327055,0.31,18,5.31,1752.3,1302.54,2942.36,1471.18,2919.85,0.07,0.5,0.25,0.25,44181.479999999996,8635.93,6.116097733711048,0.46742209631728054,0.23371104815864027,0.23371104815864027,0.03966141469230999,0.155,0.0775,1.3275,4.5,1397.8799999999999,0.06515580736543909,0.7011331444759208,0.19546493236532594,31.289999999999996,0.75,8.848030303030303,4413.54,1320,0.9348441926345609
Chinese,26370,Golden Diner,QSR,CBD,0.99,30.84,1398,127,3916.68,635,318,318,19583.4,9807.12,9807.12,0.263308193814009,0.405627339868806,0.27,9,2.66,845.88,1296.67,1195.85,598.87,2400.91,0.1,0.5,0.25,0.25,43114.32000000001,5492.299999999999,3.9286838340486403,0.45422031473533614,0.22746781115879827,0.22746781115879827,0.01961946749942942,0.135,0.0675,0.665,2.25,1384.02,0.09084406294706722,0.6816881258941344,0.12738922937900907,30.840000000000003,0.75,7.55003144654088,1794.7199999999998,1271,0.9091559370529327
Chinese,25446,Lotus Kitchen,Full-service,North Shore,1.03,44.57,805,213,9493.41,296,148,148,13192.72,6596.36,6596.36,0.35904397550039,0.454478869610466,0.27,10,2.95,436.6,1770.3,-1101.89,-550.95,793.47,0.36,0.5,0.25,0.25,35878.85,910.9299999999998,1.1315900621118011,0.36770186335403726,0.18385093167701863,0.18385093167701863,0.012168728930832512,0.135,0.0675,0.7375,2.5,829.15,0.2645962732919255,0.5515527950310559,0.025389052324698253,44.57,0.75,5.361283783783784,-1652.8400000000001,592,0.7354037267080745
Chinese,26519,Sakura Eatery,Cafe,South Auckland,1.05,31.77,1715,223,7084.71,746,373,373,23700.42,11850.21,11850.21,0.267107212133706,0.39803223637864,0.31,7,2.07,772.11,2372.39,589.21,294.6,3196.06,0.15,0.5,0.25,0.25,54485.549999999996,6452.26,3.762250728862974,0.43498542274052476,0.21749271137026238,0.21749271137026238,0.014170913205427862,0.155,0.0775,0.5175,1.75,1800.75,0.13002915451895045,0.6524781341107871,0.11842148973443418,31.769999999999996,0.75,8.5685254691689,883.8100000000001,1492,0.8699708454810495
Chinese,26318,Dragon Diner,QSR,North Shore,1.03,42.82,1678,279,11946.78,699,350,350,29931.18,14987.0,14987.0,0.203611622788012,0.44503956802655,0.3,6,1.77,619.5,4197.49,1536.93,769.56,4646.16,0.2,0.5,0.25,0.25,71851.95999999999,11150.14,6.644898688915375,0.41656734207389756,0.2085816448152563,0.2085816448152563,0.008621894239210734,0.15,0.075,0.4425,1.5,1728.3400000000001,0.16626936829559003,0.6251489868891539,0.15518212725164351,42.81999999999999,0.75,13.274742857142856,2306.49,1399,0.83373063170441
Chinese,26644,Lotus Tavern,Ghost Kitchen,CBD,0.99,37.03,1390,114,4221.42,638,319,319,23625.14,11812.57,11812.57,0.279031221440528,0.331663701019715,0.28,9,2.66,848.54,1643.42,2582.35,1291.17,3750.15,0.09,0.5,0.25,0.25,51471.7,9267.09,6.666971223021583,0.4589928057553957,0.22949640287769785,0.22949640287769785,0.016485563911819504,0.14,0.07,0.665,2.25,1376.1,0.08201438848920864,0.6884892086330936,0.1800424310834886,37.03,0.75,11.755956112852665,3873.52,1276,0.9179856115107914
Chinese,25356,Golden Bistro,Ghost Kitchen,North Shore,1.03,40.09,1576,60,2405.4,758,379,379,30388.22,15194.11,15194.11,0.254831011791248,0.203994751733262,0.29,11,3.25,1231.75,1301.74,7632.74,3816.37,6990.91,0.04,0.5,0.25,0.25,63181.840000000004,19741.76,12.526497461928933,0.4809644670050761,0.24048223350253806,0.24048223350253806,0.01949531700881139,0.145,0.0725,0.8125,2.75,1623.28,0.03807106598984771,0.7214467005076142,0.3124594028917169,40.09,0.75,18.445672823218995,11449.11,1516,0.9619289340101523
Chinese,25720,Red Grill,QSR,West Auckland,1.04,43.59,1158,114,4969.26,522,261,261,22753.98,11376.99,11376.99,0.208057023026049,0.386074588098563,0.28,11,3.25,848.25,2016.87,2864.01,1432.0,3769.31,0.11,0.5,0.25,0.25,50477.219999999994,10082.19,8.706554404145079,0.4507772020725389,0.22538860103626945,0.22538860103626945,0.016804610079556682,0.14,0.07,0.8125,2.75,1204.32,0.0984455958549223,0.6761658031088084,0.1997374261102335,43.589999999999996,0.75,14.441800766283524,4296.01,1044,0.9015544041450777
Chinese,25518,Lotus Kitchen,Full-service,CBD,0.99,31.18,1228,304,9478.72,462,231,231,14405.16,7202.58,7202.58,0.355425095173996,0.526120292721316,0.28,7,2.07,478.17,1122.8,-2327.09,-1163.54,375.01,0.33,0.5,0.25,0.25,38289.04,-1992.82,-1.622817589576547,0.3762214983713355,0.18811074918566775,0.18811074918566775,0.012488430109503922,0.14,0.07,0.5175,1.75,1215.72,0.24755700325732896,0.5643322475570032,-0.05204674758103102,31.18,0.75,1.6234199134199134,-3490.63,924,0.752442996742671
Chinese,25235,Red Grill,QSR,South Auckland,1.05,38.17,1523,163,6221.71,680,340,340,25955.6,12977.8,12977.8,0.242224811166525,0.386467837006785,0.3,10,2.95,1003.0,2310.17,1850.83,925.41,3815.75,0.12,0.5,0.25,0.25,58132.91,8902.16,5.845147734734077,0.44648719632304656,0.22324359816152328,0.22324359816152328,0.01725356600933963,0.15,0.075,0.7375,2.5,1599.15,0.10702560735390676,0.6697307944845697,0.1531346013815582,38.17,0.75,11.222794117647059,2776.24,1360,0.8929743926460932
Chinese,25604,Lotus Cafe,QSR,North Shore,1.03,45.47,856,136,6183.92,360,180,180,16369.2,8184.6,8184.6,0.268583900295198,0.364573732274584,0.29,15,4.43,797.4,2268.52,1257.85,628.92,2205.06,0.19,0.5,0.25,0.25,38922.32,6360.35,7.430315420560748,0.42056074766355145,0.21028037383177572,0.21028037383177572,0.020486959667357956,0.145,0.0725,1.1075,3.75,881.6800000000001,0.1588785046728972,0.6308411214953272,0.16341137938334613,45.47,0.75,12.250333333333334,1886.77,720,0.8411214953271028
Chinese,25196,Golden Diner,Cafe,West Auckland,1.04,42.51,602,78,3315.78,262,131,131,11137.62,5568.81,5568.81,0.279265898615122,0.420667344261892,0.32,12,3.54,463.74,994.96,-222.01,-111.0,1207.27,0.15,0.5,0.25,0.25,25591.020000000004,1869.22,3.105016611295681,0.4352159468438538,0.2176079734219269,0.2176079734219269,0.018121200327302307,0.16,0.08,0.885,3.0,626.08,0.12956810631229235,0.6528239202657806,0.07304202802389274,42.510000000000005,0.75,9.215801526717557,-333.01,524,0.8704318936877077
Chinese,25199,Sakura Corner,QSR,North Shore,1.03,35.77,1296,188,6724.76,554,277,277,19816.58,9908.29,9908.29,0.278208652883768,0.406034040707164,0.32,12,3.54,980.58,2123.39,-84.08,-42.04,2148.03,0.17,0.5,0.25,0.25,46357.920000000006,4145.3,3.1985339506172843,0.42746913580246915,0.21373456790123457,0.21373456790123457,0.021152372669006717,0.16,0.08,0.885,3.0,1334.88,0.1450617283950617,0.6412037037037037,0.08941945626550975,35.77,0.75,7.754620938628159,-126.12,1108,0.8549382716049383
Chinese,25364,Lotus Cafe,QSR,South Auckland,1.05,34.32,1518,162,5559.84,678,339,339,23268.96,11634.48,11634.48,0.253805624842644,0.407516850624233,0.31,4,1.18,400.02,1882.99,667.3,333.65,3540.32,0.12,0.5,0.25,0.25,52097.759999999995,6424.26,4.232055335968379,0.4466403162055336,0.2233201581027668,0.2233201581027668,0.007678257184186039,0.155,0.0775,0.295,1.0,1593.9,0.10671936758893281,0.6699604743083005,0.12331163566341434,34.31999999999999,0.75,10.443421828908555,1000.9499999999999,1356,0.8932806324110671
Chinese,25879,Golden Tavern,Ghost Kitchen,West Auckland,1.04,39.52,873,57,2252.64,408,204,204,16124.16,8062.08,8062.08,0.255745047354139,0.26501864414895,0.3,16,4.72,962.88,1079.55,2890.03,1445.02,2900.76,0.07,0.5,0.25,0.25,34500.96,8315.36,9.525040091638031,0.46735395189003437,0.23367697594501718,0.23367697594501718,0.027908788625012174,0.15,0.075,1.18,4.0,907.9200000000001,0.06529209621993128,0.7010309278350515,0.24101822094225786,39.519999999999996,0.75,14.219411764705884,4335.05,816,0.9347079037800687
Chinese,26276,Lotus Tavern,Cafe,South Auckland,1.05,33.78,820,148,4999.44,336,168,168,11350.08,5675.04,5675.04,0.230877000335604,0.433313726494089,0.31,16,4.72,792.96,1678.86,292.94,146.47,1112.77,0.22,0.5,0.25,0.25,27699.600000000002,3231.04,3.940292682926829,0.4097560975609756,0.2048780487804878,0.2048780487804878,0.028627128189576745,0.155,0.0775,1.18,4.0,861.0,0.18048780487804875,0.6146341463414633,0.11664572773614058,33.78,0.75,6.623630952380952,439.40999999999997,672,0.8195121951219512
Chinese,25152,Red Corner,Cafe,CBD,0.99,31.82,1151,183,5823.06,484,242,242,15400.88,7700.44,7700.44,0.218786398787051,0.404047677922063,0.29,4,1.18,285.56,2196.26,1342.43,671.22,2618.78,0.19,0.5,0.25,0.25,36624.82,6828.6900000000005,5.932832319721982,0.420503909643788,0.210251954821894,0.210251954821894,0.007796898387486956,0.145,0.0725,0.295,1.0,1139.49,0.158992180712424,0.630755864465682,0.1864497900604017,31.82,0.75,10.821404958677686,2013.65,968,0.8410078192875761
Chinese,25355,Dragon Eatery,Full-service,South Auckland,1.05,41.84,1038,207,8660.88,415,208,208,17363.6,8702.72,8702.72,0.379519668442663,0.478032251819968,0.33,10,2.95,613.6,1233.73,-3256.58,-1632.21,626.09,0.25,0.5,0.25,0.25,43429.92,-3028.97,-2.918082851637765,0.39980732177263967,0.2003853564547206,0.2003853564547206,0.014128508641047463,0.165,0.0825,0.7375,2.5,1089.9,0.19942196531791906,0.6001926782273603,-0.06974385400663874,41.839999999999996,0.75,3.010048076923077,-4888.79,831,0.8005780346820809
Chinese,25213,Golden House,QSR,West Auckland,1.04,40.32,595,59,2378.88,268,134,134,10805.76,5402.88,5402.88,0.251114022769034,0.397714350628667,0.29,8,2.36,316.24,835.4,661.01,330.5,1581.1,0.11,0.5,0.25,0.25,23990.4,3408.0099999999998,5.727747899159663,0.45042016806722684,0.22521008403361342,0.22521008403361342,0.013181939442443644,0.145,0.0725,0.59,2.0,618.8000000000001,0.09915966386554621,0.6756302521008403,0.14205723956249164,40.32,0.75,11.799253731343283,991.51,536,0.9008403361344538
Chinese,26654,Golden Kitchen,Cafe,South Auckland,1.05,40.0,1136,248,9920.0,444,222,222,17760.0,8880.0,8880.0,0.233386963326484,0.438896401575767,0.27,4,1.18,261.96,3250.95,1025.05,512.52,2648.16,0.28,0.5,0.25,0.25,45440.0,7436.68,6.54637323943662,0.3908450704225352,0.1954225352112676,0.1954225352112676,0.005764964788732394,0.135,0.0675,0.295,1.0,1192.8,0.21830985915492956,0.5862676056338029,0.1636593309859155,40.0,0.75,11.928648648648648,1537.57,888,0.7816901408450704
Chinese,25358,Red Eatery,Cafe,North Shore,1.03,32.21,603,91,2931.11,256,128,128,8245.76,4122.88,4122.88,0.213019451089203,0.381274681887589,0.29,12,3.54,453.12,1189.17,954.08,477.04,1219.56,0.18,0.5,0.25,0.25,19422.63,3839.85,6.367910447761194,0.42454394693200664,0.21227197346600332,0.21227197346600332,0.023329487304242523,0.145,0.0725,0.885,3.0,621.09,0.15091210613598674,0.6368159203980099,0.19769979657749748,32.21,0.75,9.5278125,1431.1200000000001,512,0.8490878938640133
Chinese,25938,Dragon Corner,Ghost Kitchen,CBD,0.99,43.11,1399,115,4957.65,642,321,321,27676.62,13838.31,13838.31,0.27334766110871,0.246361427556258,0.28,16,4.72,1515.12,2381.11,5543.38,2771.69,5131.29,0.09,0.5,0.25,0.25,60310.88999999999,15827.470000000001,11.313416726233024,0.45889921372408865,0.22944960686204433,0.22944960686204433,0.02512183123147412,0.14,0.07,1.18,4.0,1385.01,0.08220157255182274,0.688348820586133,0.2624313784790774,43.10999999999999,0.75,15.985327102803739,8315.07,1284,0.9177984274481773
Chinese,25964,Lotus Eatery,QSR,CBD,0.99,35.79,1326,162,5797.98,582,291,291,20829.78,10414.89,10414.89,0.252573682460934,0.381500149774365,0.29,6,1.77,515.07,2121.63,1581.53,790.76,3296.01,0.14,0.5,0.25,0.25,47457.53999999999,7789.93,5.8747586726998495,0.4389140271493213,0.21945701357466066,0.21945701357466066,0.01085328063780803,0.145,0.0725,0.4425,1.5,1312.74,0.12217194570135748,0.658371040723982,0.16414525489521795,35.78999999999999,0.75,11.326494845360825,2372.29,1164,0.8778280542986425
Chinese,25641,Red House,Cafe,North Shore,1.03,43.92,1198,262,11507.04,468,234,234,20554.56,10277.28,10277.28,0.207899869717658,0.362047634436749,0.32,15,4.43,1036.62,4948.63,2262.08,1131.04,3383.15,0.28,0.5,0.25,0.25,52616.16,11724.9,9.787061769616026,0.39065108514190316,0.19532554257095158,0.19532554257095158,0.01970155176660554,0.16,0.08,1.1075,3.75,1233.94,0.21869782971619367,0.5859766277128547,0.2228383827326053,43.92,0.75,14.457905982905983,3393.12,936,0.7813021702838063
Chinese,25919,Golden Grill,Cafe,North Shore,1.03,31.04,1663,363,11267.52,650,325,325,20176.0,10088.0,10088.0,0.243415899220854,0.399870697432198,0.3,16,4.72,1534.0,4019.28,1144.25,572.12,2064.52,0.28,0.5,0.25,0.25,51619.520000000004,7800.17,4.690420926037282,0.3908598917618761,0.19542994588093804,0.19542994588093804,0.02971744022416326,0.15,0.075,1.18,4.0,1712.89,0.21828021647624773,0.5862898376428142,0.15110892158625264,31.040000000000003,0.75,6.352369230769231,1716.37,1300,0.7817197835237523
Indian,25665,Tandoori Diner,QSR,North Shore,1.03,37.29,570,70,2610.3,250,150,100,9322.5,5593.5,3729.0,0.243980130646378,0.447680360660888,0.32,13,3.84,384.0,804.86,-108.7,-65.22,765.8,0.14,0.5,0.3,0.2,21255.3,1396.7399999999998,2.4504210526315786,0.4385964912280702,0.2631578947368421,0.1754385964912281,0.018066082341815923,0.16,0.096,0.768,2.6,587.1,0.12280701754385966,0.7017543859649124,0.06571255169298951,37.29,0.8,7.6579999999999995,-173.92000000000002,500,0.8771929824561403
Indian,25382,Spice Kitchen,Full-service,South Auckland,1.05,44.63,1749,403,17985.89,673,404,269,30035.99,18030.52,12005.47,0.369725375855342,0.462683936930262,0.33,10,2.95,793.55,3014.27,-4878.12,-2928.32,1218.45,0.3,0.5,0.3,0.2,78057.87000000001,-3573.7200000000003,-2.043293310463122,0.3847913093196112,0.23098913664951398,0.15380217267009716,0.010166175428563448,0.165,0.099,0.5900000000000001,2.0,1836.45,0.23041738136077755,0.6157804459691252,-0.04578295564559986,44.63,0.8,4.529553903345725,-7806.4400000000005,1346,0.7695826186392224
Indian,25300,Curry Diner,Full-service,North Shore,1.03,36.63,885,115,4212.45,385,231,154,14102.55,8461.53,5641.02,0.394670888595283,0.470167292584665,0.29,15,4.43,682.22,569.36,-2183.61,-1310.17,80.23,0.15,0.5,0.3,0.2,32417.55,-2844.19,-3.213774011299435,0.4350282485875706,0.2610169491525424,0.17401129943502827,0.02104477358714647,0.145,0.087,0.886,3.0,911.5500000000001,0.12994350282485875,0.6960451977401131,-0.08773611824459282,36.63,0.8,0.520974025974026,-3493.78,770,0.8700564971751412
Indian,25058,Tandoori Kitchen,Full-service,CBD,0.99,40.43,1256,251,10147.93,502,302,201,20295.86,12209.86,8126.43,0.381141291733366,0.473784336866811,0.3,6,1.77,355.77,1472.2,-3144.35,-1891.62,823.17,0.25,0.5,0.3,0.2,50780.08,-2740.5999999999995,-2.1820063694267513,0.3996815286624204,0.24044585987261147,0.16003184713375795,0.007006093728091803,0.15,0.09,0.35400000000000004,1.2000000000000002,1243.44,0.1998407643312102,0.6401273885350318,-0.05396998192992211,40.43,0.8,4.095373134328358,-5035.969999999999,1005,0.8001592356687898
Indian,25535,Royal Eatery,QSR,West Auckland,1.04,39.74,581,66,2622.84,258,154,103,10252.92,6119.96,4093.22,0.263628536202014,0.44126284015365,0.31,3,0.89,91.67,774.02,-152.68,-91.13,1116.27,0.13,0.5,0.3,0.2,23088.940000000002,1646.48,2.8338726333907056,0.44406196213425125,0.2650602409638554,0.17728055077452665,0.003970299199530164,0.155,0.093,0.17800000000000002,0.6000000000000001,604.24,0.1135972461273666,0.7091222030981067,0.07131033299926284,39.74,0.8,10.83757281553398,-243.81,515,0.8864027538726333
Indian,25141,Tandoori Corner,QSR,South Auckland,1.05,43.28,901,81,3505.68,410,246,164,17744.8,10646.88,7097.92,0.252808979973197,0.406785128777847,0.31,12,3.54,580.56,1193.35,539.55,323.73,1835.61,0.1,0.5,0.3,0.2,38995.28,3892.24,4.319911209766925,0.4550499445061043,0.2730299667036626,0.18201997780244175,0.014887955670532433,0.155,0.093,0.7080000000000001,2.4000000000000004,946.0500000000001,0.08990011098779134,0.728079911209767,0.09981310558611196,43.28,0.8,11.192743902439023,863.28,820,0.9100998890122086
Indian,25735,Tandoori Bistro,QSR,CBD,0.99,32.13,706,86,2763.18,310,186,124,9960.3,5976.18,3984.12,0.263643089570105,0.413649753807113,0.29,12,3.54,438.96,891.7,325.77,195.46,846.74,0.14,0.5,0.3,0.2,22683.78,2259.67,3.2006657223796036,0.43909348441926344,0.2634560906515581,0.17563739376770537,0.01935127214247361,0.145,0.087,0.7080000000000001,2.4000000000000004,698.9399999999999,0.12181303116147309,0.7025495750708215,0.09961611336382209,32.129999999999995,0.8,6.828548387096775,521.23,620,0.8781869688385269
Indian,26216,Bombay Eatery,Full-service,South Auckland,1.05,37.73,566,137,5169.01,214,129,86,8074.22,4867.17,3244.78,0.371765008277725,0.523461820045486,0.29,17,5.02,431.72,541.57,-1495.56,-901.53,-91.75,0.32,0.5,0.3,0.2,21355.18,-1947.27,-3.4404063604240283,0.37809187279151946,0.22791519434628976,0.1519434628975265,0.020216172375976227,0.145,0.087,1.004,3.4000000000000004,594.3000000000001,0.2420494699646643,0.6060070671378092,-0.09118490221107946,37.730000000000004,0.8,-1.066860465116279,-2397.09,429,0.7579505300353356
Indian,25732,Royal Cafe,Ghost Kitchen,North Shore,1.03,32.46,1047,95,3083.7,476,286,190,15450.96,9283.56,6167.4,0.292296414996963,0.249709661793895,0.32,18,5.31,1008.9,1412.32,2132.14,1281.07,1815.73,0.1,0.5,0.3,0.2,33985.62,6641.26,6.343132760267431,0.4546322827125119,0.2731614135625597,0.18147086914995222,0.029686084879428414,0.16,0.096,1.062,3.6,1078.41,0.09073543457497611,0.7277936962750715,0.19541382502364235,32.46,0.8,9.556473684210527,3413.21,952,0.9092645654250239
Indian,25383,Bombay Grill,Cafe,CBD,0.99,32.51,583,71,2308.21,256,154,102,8322.56,5006.54,3316.02,0.277262946683913,0.355963276606053,0.27,4,1.18,120.36,846.59,805.41,484.5,1095.87,0.14,0.5,0.3,0.2,18953.33,3232.37,5.5443739279588335,0.4391080617495711,0.2641509433962264,0.17495711835334476,0.006350335270899625,0.135,0.081,0.236,0.8,577.17,0.12178387650085762,0.7032590051457974,0.17054364589230492,32.510000000000005,0.8,10.743823529411763,1289.9099999999999,512,0.8782161234991424
Indian,26143,Spice Corner,QSR,CBD,0.99,35.17,887,73,2567.41,407,244,163,14314.19,8581.48,5732.71,0.259326546024531,0.369964506500401,0.32,16,4.72,769.36,951.76,725.86,435.16,1355.81,0.09,0.5,0.3,0.2,31195.789999999997,3468.5899999999997,3.910473506200676,0.4588500563697859,0.27508455467869225,0.1837655016910936,0.02466230218885305,0.16,0.096,0.944,3.2,878.13,0.08229988726042842,0.733934611048478,0.11118775963038602,35.169999999999995,0.8,8.317852760736196,1161.02,814,0.9177001127395716
Indian,26095,Royal Diner,Full-service,North Shore,1.03,46.14,758,188,8674.32,285,171,114,13149.9,7889.94,5259.96,0.35553887799615,0.487396939657629,0.27,15,4.43,505.02,1362.42,-1485.09,-891.06,321.13,0.33,0.5,0.3,0.2,34974.12,-692.5999999999998,-0.913720316622691,0.3759894459102902,0.2255936675461741,0.15039577836411608,0.014439820072670877,0.135,0.081,0.886,3.0,780.74,0.2480211081794195,0.6015831134564643,-0.01980321449117232,46.14,0.8,2.8169298245614036,-2376.1499999999996,570,0.7519788918205804
Indian,25421,Curry Cafe,Cafe,West Auckland,1.04,43.91,1265,115,5049.65,575,345,230,25248.25,15148.95,10099.3,0.2610485361889,0.419636834273115,0.33,5,1.48,340.4,1612.43,-269.79,-161.87,2884.45,0.1,0.5,0.3,0.2,55546.15000000001,4065.22,3.2136126482213436,0.4545454545454545,0.2727272727272727,0.18181818181818177,0.006128237510610545,0.165,0.099,0.296,1.0,1315.6000000000001,0.09090909090909088,0.7272727272727271,0.07318635044913102,43.910000000000004,0.8,12.541086956521738,-431.66,1150,0.9090909090909091
Indian,25624,Tandoori Cafe,Cafe,South Auckland,1.05,44.45,592,63,2800.35,264,159,106,11734.8,7067.55,4711.7,0.24694876331836,0.444818848767318,0.3,10,2.95,312.7,863.16,96.61,58.18,1139.6,0.12,0.5,0.3,0.2,26314.4,2157.5499999999997,3.6445101351351346,0.4459459459459459,0.2685810810810811,0.17905405405405403,0.011883227434408535,0.15,0.09,0.5900000000000001,2.0,621.6,0.10641891891891891,0.714527027027027,0.08199122913689841,44.45,0.8,10.750943396226415,154.79,529,0.893581081081081
Indian,25138,Tandoori Corner,Full-service,CBD,0.99,32.44,1944,493,15992.92,726,435,290,23551.44,14111.4,9407.6,0.360403733514249,0.534040835872293,0.32,6,1.77,513.3,1688.14,-5050.48,-3026.11,479.72,0.34,0.5,0.3,0.2,63063.36,-5908.729999999999,-3.0394701646090527,0.3734567901234568,0.22376543209876543,0.1491769547325103,0.008139433103469273,0.16,0.096,0.35400000000000004,1.2000000000000002,1924.56,0.2536008230452675,0.5972222222222222,-0.09369513454405218,32.44,0.8,1.6542068965517243,-8076.59,1451,0.7463991769547325
Indian,26033,Tandoori Eatery,Cafe,South Auckland,1.05,38.54,624,76,2929.04,274,164,110,10559.96,6320.56,4239.4,0.209710792731494,0.378078755852766,0.28,11,3.25,357.5,1207.38,1396.14,835.64,1390.02,0.14,0.5,0.3,0.2,24048.96,4829.18,7.739070512820513,0.4391025641025641,0.26282051282051283,0.17628205128205127,0.014865507697630169,0.14,0.084,0.65,2.2,655.2,0.12179487179487179,0.701923076923077,0.20080618870836828,38.54,0.8,12.636545454545454,2231.78,548,0.8782051282051282
Indian,25389,Curry Bistro,QSR,South Auckland,1.05,42.54,1741,186,7912.44,778,466,311,33096.12,19823.64,13229.94,0.237165483646095,0.359869566210546,0.31,17,5.02,1561.22,3188.44,3076.78,1842.9,3769.98,0.12,0.5,0.3,0.2,74062.14,11878.1,6.822573233773693,0.44686961516369905,0.26766226306720275,0.17863296955772545,0.021079866177239816,0.155,0.093,1.004,3.4000000000000004,1828.0500000000002,0.10683515221137277,0.7145318782309018,0.160380188852226,42.54,0.8,12.122122186495178,4919.68,1555,0.8931648477886273
Indian,26119,Spice Kitchen,QSR,CBD,0.99,31.17,1643,176,5485.92,734,440,293,22878.78,13714.8,9132.81,0.273105763569474,0.43161711092107,0.28,17,5.02,1470.86,1619.87,349.52,209.52,1225.85,0.12,0.5,0.3,0.2,51212.31,3404.7599999999998,2.0722824102251978,0.44674376141205113,0.2678027997565429,0.17833231892878879,0.02872082903505036,0.14,0.084,1.004,3.4000000000000004,1626.57,0.10712111990261718,0.714546561168594,0.06648323420677567,31.169999999999998,0.8,4.183788395904436,559.04,1467,0.8928788800973828
Indian,25860,Spice Kitchen,Ghost Kitchen,West Auckland,1.04,42.47,1443,81,3440.07,681,409,272,28922.07,17370.23,11551.84,0.278154794010334,0.256144532747567,0.32,5,1.48,402.56,1602.04,4213.97,2530.85,4977.14,0.06,0.5,0.3,0.2,61284.20999999999,13324.0,9.233541233541233,0.471933471933472,0.28343728343728347,0.18849618849618852,0.00656873932127052,0.16,0.096,0.296,1.0,1500.72,0.05613305613305614,0.7553707553707555,0.21741326191526336,42.46999999999999,0.8,18.298308823529414,6744.82,1362,0.9438669438669439
Indian,26116,Spice Eatery,QSR,West Auckland,1.04,44.88,1594,118,5295.84,738,443,295,33121.44,19881.84,13239.6,0.230957443099469,0.384151643840596,0.3,14,4.13,1218.35,2038.32,2811.71,1687.79,3877.45,0.08,0.5,0.3,0.2,71538.72,10415.27,6.534046424090339,0.4629861982434128,0.2779171894604768,0.185069008782936,0.0170306373946864,0.15,0.09,0.8260000000000001,2.8000000000000003,1657.76,0.0740276035131744,0.7409033877038895,0.1455892696989826,44.88,0.8,13.143898305084745,4499.5,1476,0.9259723964868256
Indian,26161,Tandoori Corner,Cafe,North Shore,1.03,40.56,1339,154,6246.24,592,356,237,24011.52,14439.36,9612.72,0.236810072418302,0.373786477418616,0.28,16,4.72,1118.64,2432.31,2626.94,1579.72,2624.59,0.13,0.5,0.3,0.2,54309.840000000004,9263.560000000001,6.918267363704258,0.4421209858103062,0.26587005227781924,0.17699775952203134,0.02059737240986164,0.14,0.084,0.944,3.2,1379.17,0.11501120238984315,0.7079910380881255,0.17056872198481898,40.56,0.8,11.074219409282701,4206.66,1185,0.8849887976101568
Indian,26646,Tandoori Corner,Ghost Kitchen,South Auckland,1.05,47.11,1503,98,4616.78,702,422,281,33071.22,19880.42,13237.91,0.296738956868649,0.203849173965864,0.29,11,3.25,913.25,2305.67,6925.51,4163.2,5697.92,0.07,0.5,0.3,0.2,70806.33,19092.300000000003,12.702794411177647,0.46706586826347307,0.28077178975382566,0.18695941450432468,0.012897858143473896,0.145,0.087,0.65,2.2,1578.15,0.06520292747837657,0.7478376580172987,0.26964114649071635,47.11,0.8,20.27729537366548,11088.71,1405,0.9347970725216235
Indian,25597,Bombay Corner,Cafe,West Auckland,1.04,41.2,585,53,2183.6,266,160,106,10959.2,6592.0,4367.2,0.215882114935666,0.360027099936269,0.31,3,0.89,94.34,926.04,1250.34,752.09,1757.75,0.1,0.5,0.3,0.2,24102.000000000004,4686.22,8.010632478632479,0.45470085470085464,0.2735042735042735,0.18119658119658116,0.003914197991867895,0.155,0.093,0.17800000000000002,0.6000000000000001,608.4,0.09059829059829058,0.7282051282051282,0.19443282715127375,41.2,0.8,16.58254716981132,2002.4299999999998,532,0.9094017094017094
Indian,25057,Curry Cafe,QSR,North Shore,1.03,45.38,976,72,3267.36,452,271,181,20511.76,12297.98,8213.78,0.262995909061283,0.41001464955043,0.32,3,0.89,161.09,1068.39,143.37,85.96,2524.73,0.08,0.5,0.3,0.2,44290.88,3822.4500000000003,3.916444672131148,0.46311475409836067,0.2776639344262295,0.18545081967213117,0.003637091879863304,0.16,0.096,0.17800000000000002,0.6000000000000001,1005.28,0.0737704918032787,0.7407786885245902,0.08630332023206584,45.379999999999995,0.8,13.94878453038674,229.32999999999998,904,0.9262295081967213
Indian,25977,Tandoori Bistro,Ghost Kitchen,CBD,0.99,33.66,1249,59,1985.94,595,357,238,20027.7,12016.62,8011.08,0.289944035583176,0.275072239502333,0.31,6,1.77,421.26,863.85,2503.14,1501.88,3063.43,0.05,0.5,0.3,0.2,42041.340000000004,7932.299999999999,6.350920736589271,0.4763811048839071,0.28582866293034426,0.19055244195356283,0.010020137321978794,0.155,0.093,0.35400000000000004,1.2000000000000002,1236.51,0.047237790232185745,0.7622097678142513,0.1886785720911845,33.660000000000004,0.8,12.87155462184874,4005.02,1190,0.9527622097678142
Indian,26140,Tandoori Kitchen,QSR,South Auckland,1.05,34.79,1107,118,4105.22,494,297,198,17186.26,10332.63,6888.42,0.229597175605595,0.42071566847153,0.33,5,1.48,293.04,1435.54,338.35,203.42,2115.75,0.12,0.5,0.3,0.2,38512.53,4093.06,3.69743450767841,0.4462511291779584,0.26829268292682923,0.17886178861788618,0.007608952203347846,0.165,0.099,0.296,1.0,1162.3500000000001,0.10659439927732611,0.7145438121047877,0.10627865788095459,34.79,0.8,10.68560606060606,541.77,989,0.8934056007226739
Indian,25374,Tandoori Eatery,Cafe,North Shore,1.03,36.58,963,103,3767.74,430,258,172,15729.4,9437.64,6291.76,0.274692938961089,0.43515494002495,0.29,18,5.31,913.32,1093.22,2.39,1.44,912.25,0.12,0.5,0.3,0.2,35226.54,2009.3000000000002,2.0865005192107997,0.4465212876427829,0.26791277258566976,0.1786085150571132,0.025927042508290626,0.145,0.087,1.062,3.6,991.89,0.10695742471443405,0.7144340602284528,0.05703937996749042,36.58,0.8,5.303779069767442,3.83,860,0.893042575285566
Indian,25961,Curry Bistro,Cafe,West Auckland,1.04,43.02,657,75,3226.5,291,175,116,12518.82,7528.5,4990.32,0.229017645195127,0.393612609920092,0.27,14,4.13,479.08,1217.58,1344.14,808.33,1404.12,0.13,0.5,0.3,0.2,28264.14,4774.17,7.26662100456621,0.4429223744292237,0.2663622526636225,0.1765601217656012,0.016950100020732984,0.135,0.081,0.8260000000000001,2.8000000000000003,683.28,0.11415525114155252,0.7092846270928462,0.16891262214240377,43.019999999999996,0.8,12.104482758620689,2152.4700000000003,582,0.8858447488584474
Indian,25416,Spice Grill,QSR,West Auckland,1.04,39.34,754,86,3383.24,334,200,134,13139.56,7868.0,5271.56,0.22248506968841,0.397036981233396,0.33,5,1.48,198.32,1287.25,663.26,397.16,1807.39,0.13,0.5,0.3,0.2,29662.36,4155.06,5.510689655172414,0.4429708222811671,0.2652519893899204,0.17771883289124668,0.0066859144046529,0.165,0.099,0.296,1.0,784.1600000000001,0.11405835543766578,0.7082228116710875,0.14007853724383362,39.34,0.8,13.487985074626867,1060.42,668,0.8859416445623343
Indian,25455,Tandoori Bistro,QSR,West Auckland,1.04,33.18,1424,152,5043.36,636,382,254,21102.48,12674.76,8427.72,0.226081465501338,0.40087485301774,0.3,17,5.02,1275.08,1881.39,1541.4,925.81,1868.83,0.12,0.5,0.3,0.2,47248.32,6217.43,4.366172752808989,0.44662921348314605,0.26825842696629215,0.17837078651685392,0.02698677963576271,0.15,0.09,1.004,3.4000000000000004,1480.96,0.10674157303370786,0.7148876404494382,0.1315904988791136,33.18,0.8,7.3575984251968505,2467.21,1272,0.8932584269662921
Indian,26036,Spice Cafe,Cafe,North Shore,1.03,41.4,911,104,4305.6,404,242,161,16725.6,10018.8,6665.4,0.262190957348794,0.352809023414738,0.32,18,5.31,854.91,1657.66,1087.16,651.22,1711.27,0.13,0.5,0.3,0.2,37715.399999999994,5107.3099999999995,5.606267837541163,0.4434687156970363,0.2656421514818881,0.17672886937431395,0.022667398463227226,0.16,0.096,1.062,3.6,938.33,0.11416026344676183,0.7091108671789244,0.13541709752514888,41.39999999999999,0.8,10.629006211180124,1738.38,807,0.8858397365532382
Indian,25431,Bombay Diner,Ghost Kitchen,West Auckland,1.04,33.05,834,61,2016.05,386,232,155,12757.3,7667.6,5122.75,0.29250133621972,0.222383070236538,0.3,13,3.84,595.2,978.02,2361.58,1419.39,1889.93,0.08,0.5,0.3,0.2,27563.699999999997,6648.92,7.972326139088729,0.4628297362110312,0.2781774580335732,0.18585131894484413,0.021593617692835146,0.15,0.09,0.768,2.6,867.36,0.07314148681055156,0.7410071942446045,0.24122015549436399,33.05,0.8,12.193096774193549,3780.9700000000003,773,0.9268585131894485
Indian,26251,Spice Diner,Full-service,South Auckland,1.05,34.09,1788,368,12545.12,710,426,284,24203.9,14522.34,9681.56,0.372125448763836,0.452208258886822,0.27,13,3.84,1090.56,2203.75,-2283.24,-1369.95,610.16,0.26,0.5,0.3,0.2,60952.92,-839.2799999999999,-0.4693959731543623,0.39709172259507836,0.238255033557047,0.1588366890380313,0.017891841769024353,0.135,0.081,0.768,2.6,1877.4,0.20581655480984343,0.6353467561521254,-0.013769315727614032,34.089999999999996,0.8,2.148450704225352,-3653.1899999999996,1420,0.7941834451901566
Indian,25974,Tandoori Kitchen,QSR,North Shore,1.03,45.46,1080,132,6000.72,474,284,190,21548.04,12910.64,8637.4,0.210165155064315,0.434525086730719,0.29,5,1.48,281.2,2132.11,1407.3,843.19,2787.75,0.14,0.5,0.3,0.2,49096.8,7170.35,6.639212962962963,0.4388888888888889,0.26296296296296295,0.1759259259259259,0.005727460852845806,0.145,0.087,0.296,1.0,1112.4,0.12222222222222222,0.7018518518518518,0.14604515976601326,45.46,0.8,14.672368421052632,2250.49,948,0.8777777777777778
Indian,25486,Curry Grill,QSR,West Auckland,1.04,45.23,1420,152,6874.96,634,380,254,28675.82,17187.4,11488.42,0.252873638998717,0.420534422132187,0.32,10,2.95,749.3,2245.31,189.03,113.3,3002.73,0.12,0.5,0.3,0.2,64226.6,5550.370000000001,3.9087112676056344,0.44647887323943664,0.26760563380281693,0.17887323943661973,0.01166650577797984,0.16,0.096,0.5900000000000001,2.0,1476.8,0.10704225352112676,0.7140845070422536,0.0864185555517496,45.23,0.8,11.821771653543307,302.33,1268,0.8929577464788733
Indian,25852,Curry Cafe,Full-service,South Auckland,1.05,40.32,1560,360,14515.2,600,360,240,24192.0,14515.2,9676.8,0.397848917241208,0.4589376316173,0.29,5,1.48,355.2,2078.77,-3551.06,-2130.64,1030.65,0.3,0.5,0.3,0.2,62899.2,-2572.2799999999997,-1.6488974358974358,0.38461538461538464,0.23076923076923078,0.15384615384615385,0.005647130647130647,0.145,0.087,0.296,1.0,1638.0,0.23076923076923078,0.6153846153846154,-0.040895273707773704,40.32,0.8,4.2943750000000005,-5681.7,1200,0.7692307692307693
Indian,26458,Bombay Diner,Full-service,South Auckland,1.05,41.09,1507,261,10724.49,623,374,249,25599.07,15367.66,10231.41,0.362092504499014,0.502583476807922,0.29,11,3.25,809.25,1451.28,-3959.56,-2377.01,575.31,0.21,0.5,0.3,0.2,61922.630000000005,-4309.98,-2.859973457199734,0.4134041141340411,0.2481751824817518,0.1652289316522893,0.013068727862495504,0.145,0.087,0.65,2.2,1582.3500000000001,0.1731917717319177,0.6615792966157928,-0.06960266384034398,41.09,0.8,2.310481927710843,-6336.57,1246,0.8268082282680823
Indian,26231,Tandoori Corner,QSR,South Auckland,1.05,36.25,865,85,3081.25,390,234,156,14137.5,8482.5,5655.0,0.258963299226016,0.431064433790743,0.27,17,5.02,783.12,955.1,565.11,339.06,969.77,0.11,0.5,0.3,0.2,31356.25,2829.04,3.2705664739884392,0.4508670520231214,0.2705202312138728,0.18034682080924855,0.024974925254135937,0.135,0.081,1.004,3.4000000000000004,908.25,0.09826589595375723,0.7213872832369942,0.09022252342037074,36.25,0.8,6.2164743589743585,904.1700000000001,780,0.9017341040462428
Indian,25264,Tandoori Tavern,Ghost Kitchen,South Auckland,1.05,43.02,1479,109,4689.18,685,411,274,29468.7,17681.22,11787.48,0.257761831057724,0.29276021461701,0.3,13,3.84,1052.16,2107.68,4404.92,2642.95,4246.05,0.08,0.5,0.3,0.2,63626.58,13401.599999999999,9.061257606490871,0.46315077755240025,0.2778904665314402,0.1852603110209601,0.016536485223628238,0.15,0.09,0.768,2.6,1552.95,0.07369844489519946,0.7410412440838404,0.2106289541257757,43.02,0.8,15.49653284671533,7047.87,1370,0.9263015551048005
Indian,25910,Spice Corner,QSR,North Shore,1.03,44.07,1006,99,4362.93,454,272,181,20007.78,11987.04,7976.67,0.212639727257192,0.449994135648012,0.29,17,5.02,908.62,1471.9,947.69,567.78,1782.44,0.11,0.5,0.3,0.2,44334.42,4769.8099999999995,4.741361829025845,0.45129224652087474,0.27037773359840955,0.17992047713717696,0.020494685618984078,0.145,0.087,1.004,3.4000000000000004,1036.18,0.09840954274353877,0.7216699801192843,0.10758706215170966,44.07,0.8,9.847734806629834,1515.47,907,0.9015904572564613
Indian,25146,Curry Kitchen,QSR,West Auckland,1.04,46.05,985,81,3730.05,452,271,181,20814.6,12479.55,8335.05,0.238531701173633,0.368960553244688,0.32,16,4.72,854.32,1464.07,1509.22,904.86,2417.25,0.09,0.5,0.3,0.2,45359.25,6295.4,6.391269035532995,0.4588832487309644,0.2751269035532995,0.18375634517766495,0.018834526584985422,0.16,0.096,0.944,3.2,1024.4,0.08223350253807107,0.7340101522842638,0.13878977275858836,46.05,0.8,13.354972375690608,2414.08,904,0.917766497461929
Indian,25388,Royal Bistro,QSR,North Shore,1.03,37.15,1762,229,8507.35,766,460,307,28456.9,17089.0,11405.05,0.20867035323754,0.420481793489307,0.33,9,2.66,816.62,3154.93,1162.4,698.05,3412.92,0.15,0.5,0.3,0.2,65458.3,8428.3,4.783371169125993,0.43473325766174803,0.26106696935300794,0.1742338251986379,0.012475423284747694,0.165,0.099,0.532,1.8,1814.8600000000001,0.12996594778660614,0.695800227014756,0.1287583087247912,37.15,0.8,11.11700325732899,1860.45,1533,0.8700340522133939
Indian,25347,Tandoori Bistro,Ghost Kitchen,North Shore,1.03,36.54,561,21,767.34,270,162,108,9865.8,5919.48,3946.32,0.271764403441921,0.336931061150972,0.32,8,2.36,254.88,300.26,703.48,422.09,1289.33,0.04,0.5,0.3,0.2,20498.94,2715.16,4.839857397504456,0.48128342245989303,0.2887700534759358,0.19251336898395724,0.012433813650852192,0.16,0.096,0.472,1.6,577.83,0.03743315508021391,0.7700534759358288,0.13245367809262332,36.54,0.8,11.93824074074074,1125.57,540,0.9625668449197861
Indian,25159,Tandoori Eatery,Cafe,CBD,0.99,42.96,552,54,2319.84,249,149,100,10697.04,6401.04,4296.0,0.246224297955632,0.442269844585098,0.31,8,2.36,236.0,722.64,16.11,9.64,1102.23,0.11,0.5,0.3,0.2,23713.920000000002,1850.62,3.352572463768116,0.45108695652173914,0.26992753623188404,0.18115942028985504,0.009951960704936171,0.155,0.093,0.472,1.6,546.48,0.09782608695652174,0.7210144927536232,0.07803939627020753,42.96,0.8,11.0223,25.75,498,0.9021739130434783
Indian,26483,Royal Tavern,Full-service,South Auckland,1.05,37.52,672,166,6228.32,253,152,101,9492.56,5703.04,3789.52,0.387401169852819,0.490091067412868,0.32,13,3.84,387.84,763.02,-1874.71,-1126.31,76.41,0.33,0.5,0.3,0.2,25213.44,-2161.59,-3.216651785714286,0.37648809523809523,0.2261904761904762,0.15029761904761904,0.015382272311909839,0.16,0.096,0.768,2.6,705.6,0.24702380952380953,0.6026785714285714,-0.08573165740176669,37.519999999999996,0.8,0.7565346534653465,-3001.02,506,0.7529761904761905
Indian,25013,Tandoori House,Full-service,West Auckland,1.04,36.75,1668,404,14847.0,632,379,253,23226.0,13928.25,9297.75,0.399492640071549,0.450115238502622,0.32,7,2.07,523.71,2232.87,-3939.31,-2362.34,874.6,0.32,0.5,0.3,0.2,61299.0,-3194.1800000000003,-1.9149760191846525,0.37889688249400477,0.22721822541966427,0.15167865707434053,0.008543532520922038,0.16,0.096,0.414,1.4000000000000001,1734.72,0.2422062350119904,0.6061151079136691,-0.05210819099822184,36.75,0.8,3.456916996047431,-6301.65,1264,0.7577937649880095
Indian,26065,Bombay Grill,QSR,West Auckland,1.04,36.79,1003,123,4525.17,440,264,176,16187.6,9712.56,6475.04,0.253785154148936,0.41087179039605,0.3,5,1.48,260.48,1517.48,572.12,343.27,1910.88,0.14,0.5,0.3,0.2,36900.37,4343.75,4.330757726819542,0.43868394815553335,0.26321036889332,0.17547357926221335,0.007059007809406789,0.15,0.09,0.296,1.0,1043.1200000000001,0.1226321036889332,0.7018943170488534,0.1177156218216782,36.79,0.8,10.857272727272727,915.39,880,0.8773678963110668
Indian,25783,Royal Bistro,QSR,CBD,0.99,36.55,524,38,1388.9,243,146,97,8881.65,5336.3,3545.35,0.267490530926734,0.394776618271135,0.29,5,1.48,143.56,469.08,423.95,254.72,1053.82,0.08,0.5,0.3,0.2,19152.199999999997,2201.5699999999997,4.201469465648854,0.46374045801526725,0.27862595419847336,0.18511450381679392,0.00749574461419576,0.145,0.087,0.296,1.0,518.76,0.07251908396946566,0.7423664122137406,0.11495128496987292,36.55,0.8,10.864123711340206,678.67,486,0.9274809160305344
Indian,25379,Bombay Tavern,QSR,North Shore,1.03,37.65,921,83,3124.95,419,251,168,15775.35,9450.15,6325.2,0.253263624273241,0.431794243329205,0.33,9,2.66,446.88,984.18,-237.54,-142.3,1545.19,0.1,0.5,0.3,0.2,34675.649999999994,2149.5299999999997,2.3339087947882735,0.4549402823018459,0.2725298588490771,0.18241042345276876,0.012887429651643158,0.165,0.099,0.532,1.8,948.63,0.09011943539630837,0.727470141150923,0.061989609423327326,37.64999999999999,0.8,9.197559523809524,-379.84000000000003,838,0.9098805646036916
Indian,25785,Royal Kitchen,Full-service,CBD,0.99,34.27,1908,484,16586.68,712,427,285,24400.24,14633.29,9766.95,0.361694360815454,0.468996232375503,0.28,14,4.13,1177.05,2808.28,-2700.88,-1619.77,476.59,0.34,0.5,0.3,0.2,65387.16,-1035.78,-0.5428616352201258,0.3731656184486373,0.2237945492662474,0.14937106918238993,0.018001240610541886,0.14,0.084,0.8260000000000001,2.8000000000000003,1888.92,0.25366876310272535,0.5969601677148847,-0.01584072469273784,34.27,0.8,1.6722456140350876,-4320.65,1424,0.7463312368972747
Indian,25178,Spice Kitchen,Cafe,North Shore,1.03,45.43,756,92,4179.56,332,199,133,15082.76,9040.57,6042.19,0.229571695514023,0.423812526045367,0.3,7,2.07,275.31,1448.7,703.09,421.43,1819.01,0.14,0.5,0.3,0.2,34345.08,4392.23,5.809828042328042,0.43915343915343913,0.2632275132275132,0.1759259259259259,0.008015995304130897,0.15,0.09,0.414,1.4000000000000001,778.6800000000001,0.1216931216931217,0.7023809523809524,0.12788527497970595,45.43,0.8,13.676766917293232,1124.52,664,0.8783068783068783
Indian,25046,Tandoori Tavern,QSR,North Shore,1.03,36.57,692,57,2084.49,318,190,127,11629.26,6948.3,4644.39,0.277510587982833,0.448834162484854,0.27,17,5.02,637.54,570.43,42.51,25.4,633.42,0.09,0.5,0.3,0.2,25306.44,1271.7599999999998,1.8378034682080922,0.4595375722543353,0.2745664739884393,0.18352601156069367,0.025192796774259833,0.135,0.081,1.004,3.4000000000000004,712.76,0.08236994219653179,0.7341040462427747,0.050254401646379336,36.57,0.8,4.98755905511811,67.91,635,0.9176300578034682
Indian,25734,Spice Cafe,Ghost Kitchen,South Auckland,1.05,31.63,801,30,948.9,386,231,154,12209.18,7306.53,4871.02,0.287518795242067,0.338755868177395,0.31,15,4.43,682.22,354.63,778.03,465.61,1138.2,0.04,0.5,0.3,0.2,25335.63,2736.4700000000003,3.4163171036204747,0.4818976279650437,0.2883895131086142,0.19225967540574282,0.026927295670168848,0.155,0.093,0.886,3.0,841.0500000000001,0.037453183520599245,0.7702871410736578,0.10800876078471308,31.630000000000003,0.8,7.3909090909090915,1243.6399999999999,771,0.9625468164794008
Indian,25737,Bombay Bistro,Full-service,North Shore,1.03,42.51,855,207,8799.57,324,194,130,13773.24,8246.94,5526.3,0.350742394442204,0.507174635794945,0.27,16,4.72,613.6,1250.27,-1761.83,-1054.92,171.59,0.32,0.5,0.3,0.2,36346.05,-1394.89,-1.631450292397661,0.3789473684210526,0.22690058479532163,0.15204678362573099,0.016882164636872508,0.135,0.081,0.944,3.2,880.65,0.2421052631578947,0.6058479532163742,-0.03837803557745615,42.510000000000005,0.8,1.319923076923077,-2816.75,648,0.7578947368421053
Indian,26627,Bombay Diner,Cafe,West Auckland,1.04,38.67,1605,197,7617.99,704,422,282,27223.68,16318.74,10904.94,0.240174184851348,0.444467673124745,0.29,9,2.66,750.12,2402.4,690.34,413.81,2688.84,0.14,0.5,0.3,0.2,62065.35,6195.39,3.8600560747663555,0.4386292834890966,0.26292834890965733,0.17570093457943928,0.012085970674458454,0.145,0.087,0.532,1.8,1669.2,0.12274143302180686,0.7015576323987539,0.09982043120678447,38.67,0.8,9.534893617021277,1104.15,1408,0.8772585669781932
Indian,25494,Spice Cafe,Full-service,CBD,0.99,40.3,589,94,3788.2,248,148,99,9994.4,5964.4,3989.7,0.387295683810953,0.474368295143358,0.27,14,4.13,408.87,524.04,-1315.9,-785.3,143.05,0.19,0.5,0.3,0.2,23736.7,-1434.1100000000001,-2.434821731748727,0.42105263157894735,0.25127334465195245,0.16808149405772493,0.01722522507340953,0.135,0.081,0.8260000000000001,2.8000000000000003,583.11,0.1595925297113752,0.6723259762308997,-0.060417412698479576,40.300000000000004,0.8,1.444949494949495,-2101.2,495,0.8404074702886248
Indian,25738,Tandoori Cafe,Ghost Kitchen,North Shore,1.03,33.48,468,13,435.24,228,136,91,7633.44,4553.28,3046.68,0.287170741334557,0.205906352947932,0.3,14,4.13,375.83,220.63,1579.53,942.18,1168.6,0.03,0.5,0.3,0.2,15668.64,3910.9399999999996,8.3567094017094,0.48717948717948717,0.29059829059829057,0.19444444444444445,0.023986127704765697,0.15,0.09,0.8260000000000001,2.8000000000000003,482.04,0.02777777777777778,0.7777777777777778,0.2496030287248925,33.48,0.8,12.84175824175824,2521.71,455,0.9722222222222222
Indian,25617,Curry Corner,Ghost Kitchen,West Auckland,1.04,44.07,1630,92,4054.44,769,461,308,33889.83,20316.27,13573.56,0.268505807069596,0.285368097946048,0.32,13,3.84,1182.72,1808.79,4274.39,2562.41,4872.8,0.06,0.5,0.3,0.2,71834.1,13518.39,8.293490797546012,0.4717791411042945,0.28282208588957053,0.1889570552147239,0.01646460385805627,0.16,0.096,0.768,2.6,1695.2,0.056441717791411036,0.754601226993865,0.18818903556945793,44.07,0.8,15.82077922077922,6836.8,1538,0.943558282208589
Indian,25510,Bombay Tavern,Cafe,CBD,0.99,39.72,871,93,3693.96,389,233,156,15451.08,9254.76,6196.32,0.247891917470843,0.363524466636591,0.33,18,5.31,828.36,1435.41,905.18,542.18,1579.43,0.12,0.5,0.3,0.2,34596.12,4462.2,5.123076923076923,0.44661308840413316,0.26750861079219285,0.1791044776119403,0.023943725481354556,0.165,0.099,1.062,3.6,862.29,0.10677382319173363,0.7141216991963261,0.12897978154775736,39.720000000000006,0.8,10.124551282051282,1447.36,778,0.8932261768082663
Indian,25351,Spice Diner,QSR,CBD,0.99,44.18,898,103,4550.54,398,238,159,17583.64,10514.84,7024.62,0.265241026319563,0.445169587340206,0.28,13,3.84,610.56,1317.79,168.62,100.83,1423.7,0.13,0.5,0.3,0.2,39673.64,3010.9399999999996,3.35293986636971,0.44320712694877507,0.2650334075723831,0.17706013363028952,0.015389563448173648,0.14,0.084,0.768,2.6,889.02,0.11469933184855234,0.7082405345211581,0.07589270860954526,44.18,0.8,8.954088050314466,269.45,795,0.8853006681514477
Indian,26320,Royal Bistro,QSR,West Auckland,1.04,46.48,1035,102,4740.96,466,280,187,21659.68,13014.4,8691.76,0.202606979496777,0.350171328359283,0.3,10,2.95,551.65,2120.26,3188.77,1916.0,3335.49,0.11,0.5,0.3,0.2,48106.8,10560.52,10.203400966183576,0.4502415458937198,0.27053140096618356,0.18067632850241544,0.011467193827068105,0.15,0.09,0.5900000000000001,2.0,1076.4,0.09855072463768115,0.7207729468599033,0.21952239600222836,46.480000000000004,0.8,17.836844919786095,5104.77,933,0.9014492753623189
Indian,25190,Spice Kitchen,Ghost Kitchen,CBD,0.99,31.72,1317,97,3076.84,610,366,244,19349.2,11609.52,7739.68,0.289227395108901,0.274188046820927,0.32,4,1.18,287.92,1343.3,2255.82,1353.49,3091.1,0.08,0.5,0.3,0.2,41775.24,8043.709999999999,6.107600607441153,0.4631738800303721,0.27790432801822323,0.18526955201214884,0.006892120787337189,0.16,0.096,0.236,0.8,1303.83,0.07365223993925589,0.7410782080485954,0.1925473079268964,31.72,0.8,12.668442622950819,3609.3100000000004,1220,0.9263477600607442
Indian,26000,Spice House,QSR,West Auckland,1.04,36.14,913,105,3794.7,404,242,162,14600.56,8745.88,5854.68,0.279693202208728,0.444795912480913,0.3,16,4.72,764.64,1045.48,-357.55,-214.18,848.39,0.13,0.5,0.3,0.2,32995.82,1322.14,1.4481270536692226,0.4424972617743702,0.2650602409638554,0.1774370208105148,0.02317384444453873,0.15,0.09,0.944,3.2,949.52,0.11500547645125958,0.7075575027382256,0.04006992400855624,36.14,0.8,5.236975308641975,-571.73,808,0.8849945235487404
Indian,25395,Royal Corner,QSR,South Auckland,1.05,36.46,494,36,1312.56,229,137,92,8349.34,4995.02,3354.32,0.212301540803164,0.390416412404738,0.28,9,2.66,244.72,521.46,979.23,585.83,1087.89,0.08,0.5,0.3,0.2,18011.24,3174.41,6.425931174089069,0.46356275303643724,0.2773279352226721,0.18623481781376516,0.01358707118443816,0.14,0.084,0.532,1.8,518.7,0.0728744939271255,0.7408906882591093,0.17624605524106055,36.46,0.8,11.824891304347828,1565.06,458,0.9271255060728745
Indian,25179,Spice Eatery,Ghost Kitchen,CBD,0.99,32.36,581,52,1682.72,264,159,106,8543.04,5145.24,3430.16,0.261776219750755,0.329872683365829,0.27,5,1.48,156.88,687.14,1181.94,711.85,1243.83,0.1,0.5,0.3,0.2,18801.16,3824.7599999999998,6.583063683304647,0.45438898450946646,0.2736660929432014,0.18244406196213425,0.008344165998268191,0.135,0.081,0.296,1.0,575.1899999999999,0.08950086058519793,0.7280550774526678,0.20343212865589144,32.36,0.8,11.734245283018867,1893.79,529,0.9104991394148021
Indian,25585,Bombay Kitchen,Ghost Kitchen,South Auckland,1.05,33.71,1398,91,3067.61,654,392,261,22046.34,13214.32,8798.31,0.267991063417867,0.260170036181808,0.28,17,5.02,1310.22,1447.42,4229.35,2535.02,2841.16,0.07,0.5,0.3,0.2,47126.58,11052.95,7.906258941344778,0.4678111587982832,0.2804005722460658,0.18669527896995705,0.027802144776896603,0.14,0.084,1.004,3.4000000000000004,1467.9,0.06509298998569385,0.7482117310443491,0.2345374945519068,33.71,0.8,10.885670498084291,6764.370000000001,1307,0.9349070100143062
Indian,26263,Curry Bistro,QSR,South Auckland,1.05,35.02,492,64,2241.28,214,128,86,7494.28,4482.56,3011.72,0.236405559517443,0.385563662624918,0.28,13,3.84,330.24,847.27,734.67,439.43,808.28,0.15,0.5,0.3,0.2,17229.84,2829.65,5.751321138211383,0.4349593495934959,0.2601626016260163,0.17479674796747965,0.0191667479210486,0.14,0.084,0.768,2.6,516.6,0.13008130081300814,0.6951219512195121,0.16422961559712684,35.02,0.8,9.39860465116279,1174.1,428,0.8699186991869918
Indian,25104,Tandoori Bistro,Ghost Kitchen,CBD,0.99,33.09,1289,95,3143.55,597,358,239,19754.73,11846.22,7908.51,0.275514000898693,0.317750089254696,0.31,15,4.43,1058.77,1278.59,1910.99,1145.95,2157.91,0.08,0.5,0.3,0.2,42653.01,6493.44,5.037579519006981,0.46314972847168345,0.2777346780449961,0.18541505042668735,0.02482286713176866,0.155,0.093,0.886,3.0,1276.11,0.07370054305663305,0.7408844065166795,0.15223872828670237,33.09,0.8,9.028912133891213,3056.94,1194,0.9262994569433669
Indian,26559,Royal Corner,Cafe,West Auckland,1.04,32.83,1710,155,5088.65,778,466,311,25541.74,15298.78,10210.13,0.27625456277281,0.418842228967696,0.28,5,1.48,460.28,1551.55,636.07,380.99,2652.82,0.1,0.5,0.3,0.2,56139.299999999996,5221.43,3.05346783625731,0.4549707602339182,0.272514619883041,0.18187134502923977,0.0081988909729904,0.14,0.084,0.296,1.0,1778.4,0.09064327485380116,0.7274853801169592,0.0930084628771645,32.83,0.8,8.529967845659165,1017.0600000000001,1555,0.9093567251461988
Indian,25144,Royal Bistro,QSR,CBD,0.99,43.23,1342,154,6657.42,594,356,238,25678.62,15389.88,10288.74,0.262317646387965,0.390252553322352,0.3,18,5.31,1263.78,2312.99,1217.93,729.94,2310.83,0.13,0.5,0.3,0.2,58014.659999999996,6571.6900000000005,4.89693740685544,0.4426229508196721,0.26527570789865873,0.17734724292101342,0.02178380430049922,0.15,0.09,1.062,3.6,1328.58,0.11475409836065574,0.7078986587183309,0.1132763684213611,43.23,0.8,9.70936974789916,1947.8700000000001,1188,0.8852459016393442
Indian,25509,Spice Eatery,Ghost Kitchen,CBD,0.99,32.7,1197,108,3531.6,544,327,218,17788.8,10692.9,7128.6,0.258724507049192,0.282528837176505,0.32,13,3.84,837.12,1620.11,2468.14,1483.6,2433.1,0.1,0.5,0.3,0.2,39141.899999999994,8004.950000000001,6.687510442773601,0.4544695071010861,0.27318295739348375,0.18212197159565585,0.02138680033416876,0.16,0.096,0.768,2.6,1185.03,0.09022556390977444,0.7276524644945698,0.20451102271478905,32.699999999999996,0.8,11.161009174311927,3951.74,1089,0.9097744360902256
Indian,25969,Royal Kitchen,Full-service,South Auckland,1.05,37.84,1651,297,11238.48,677,406,271,25617.68,15363.04,10254.64,0.369281713431701,0.534424779121764,0.31,5,1.48,401.08,1082.19,-5474.66,-3283.18,586.38,0.22,0.5,0.3,0.2,62473.840000000004,-7089.2699999999995,-4.293924894003634,0.41005451241671714,0.24591156874621442,0.1641429436705027,0.006419967141446724,0.155,0.093,0.296,1.0,1733.5500000000002,0.1798909751665657,0.6559660811629315,-0.11347581643772817,37.84,0.8,2.1637638376383763,-8757.84,1354,0.8201090248334343
Indian,25443,Bombay House,Full-service,West Auckland,1.04,37.55,976,225,8448.75,376,225,150,14118.8,8448.75,5632.5,0.398119426611811,0.469728321465664,0.31,4,1.18,177.0,1116.52,-2511.0,-1502.59,567.35,0.3,0.5,0.3,0.2,36648.8,-2329.72,-2.3870081967213115,0.3852459016393442,0.2305327868852459,0.1536885245901639,0.004829626072340704,0.155,0.093,0.236,0.8,1015.0400000000001,0.2305327868852459,0.6157786885245901,-0.06356879352120669,37.550000000000004,0.8,3.7823333333333333,-4013.59,751,0.7694672131147541
Indian,25648,Spice Tavern,QSR,South Auckland,1.05,32.47,1564,142,4610.74,711,427,284,23086.17,13864.69,9221.48,0.273764951024205,0.417648242483847,0.29,18,5.31,1508.04,1422.81,429.1,257.7,1337.59,0.1,0.5,0.3,0.2,50783.08,3447.2,2.204092071611253,0.4546035805626598,0.27301790281329924,0.1815856777493606,0.029695717550018628,0.145,0.087,1.062,3.6,1642.2,0.0907928388746803,0.7276214833759591,0.0678808768589853,32.47,0.8,4.709823943661972,686.8,1422,0.9092071611253197
Indian,26376,Curry Cafe,Full-service,West Auckland,1.04,35.13,1410,350,12295.5,530,318,212,18618.9,11171.34,7447.56,0.390234936145134,0.547415794036351,0.3,3,0.89,188.68,766.62,-4424.8,-2654.88,275.67,0.33,0.5,0.3,0.2,49533.3,-6037.39,-4.281836879432625,0.375886524822695,0.225531914893617,0.150354609929078,0.003809154649498418,0.15,0.09,0.17800000000000002,0.6000000000000001,1466.4,0.24822695035460993,0.601418439716312,-0.12188547906156061,35.13,0.8,1.3003301886792453,-7079.68,1060,0.75177304964539
Indian,25527,Spice Grill,Ghost Kitchen,CBD,0.99,29.81,1215,100,2981.0,558,334,223,16633.98,9956.54,6647.63,0.291537891677581,0.346242103877012,0.33,9,2.66,593.18,1079.78,535.95,320.8,1814.72,0.09,0.5,0.3,0.2,36219.15,3751.25,3.087448559670782,0.45925925925925926,0.2748971193415638,0.18353909465020576,0.016377524044600713,0.165,0.099,0.532,1.8,1202.85,0.0823045267489712,0.7341563786008231,0.1035709010288756,29.810000000000002,0.8,8.137757847533633,856.75,1115,0.9176954732510288
Indian,25529,Royal Corner,Ghost Kitchen,North Shore,1.03,41.16,803,59,2428.44,372,223,149,15311.52,9178.68,6132.84,0.299616751808207,0.211486971308477,0.27,8,2.36,351.64,1187.26,3351.63,2009.18,2646.68,0.08,0.5,0.3,0.2,33051.479999999996,9194.75,11.45049813200498,0.4632627646326277,0.277708592777086,0.18555417185554174,0.010639160485400352,0.135,0.081,0.472,1.6,827.09,0.07347447073474472,0.7409713574097136,0.27819480398457197,41.16,0.8,17.762953020134226,5360.81,744,0.9265255292652553
Indian,25653,Bombay Diner,Cafe,West Auckland,1.04,42.85,1307,118,5056.3,594,357,238,25452.9,15297.45,10198.3,0.236813329514116,0.448022896400653,0.3,13,3.84,913.92,1593.56,385.96,231.97,2300.21,0.1,0.5,0.3,0.2,56004.95,4511.7,3.4519510328997702,0.45447589900535584,0.2731446059678654,0.1820964039785769,0.016318557556073168,0.15,0.09,0.768,2.6,1359.28,0.090283091048202,0.7276205049732213,0.08055895059276011,42.849999999999994,0.8,9.664747899159664,617.93,1189,0.909716908951798
Indian,25249,Royal Bistro,Ghost Kitchen,CBD,0.99,39.39,924,35,1378.65,444,267,178,17489.16,10517.13,7011.42,0.253348798234947,0.216099488758482,0.29,8,2.36,420.08,731.45,4207.05,2529.91,3299.84,0.04,0.5,0.3,0.2,36396.36,10768.25,11.653950216450216,0.4805194805194805,0.2889610389610389,0.19264069264069264,0.011541813522011541,0.145,0.087,0.472,1.6,914.76,0.03787878787878788,0.7694805194805195,0.29586063001904583,39.39,0.8,18.538426966292135,6736.96,889,0.9621212121212122
Indian,26355,Bombay Tavern,QSR,South Auckland,1.05,41.78,1015,83,3467.74,466,280,186,19469.48,11698.4,7771.08,0.246575072649866,0.444968266342767,0.3,9,2.66,494.76,1069.65,164.65,98.93,1902.28,0.09,0.5,0.3,0.2,42406.700000000004,3235.51,3.1876945812807884,0.4591133004926108,0.2758620689655172,0.18325123152709358,0.011667024314554067,0.15,0.09,0.532,1.8,1065.75,0.08177339901477831,0.7349753694581279,0.07629714172524624,41.78,0.8,10.227311827956989,263.58000000000004,932,0.9182266009852217
Indian,26220,Curry Kitchen,Ghost Kitchen,South Auckland,1.05,35.44,779,44,1559.36,368,220,147,13041.92,7796.8,5209.68,0.281491469475441,0.243780029506888,0.31,10,2.95,433.65,740.27,2148.38,1284.36,2039.53,0.06,0.5,0.3,0.2,27607.760000000002,6212.54,7.975019255455712,0.47240051347881895,0.28241335044929394,0.18870346598202825,0.015707540198842643,0.155,0.093,0.5900000000000001,2.0,817.95,0.056482670089858786,0.754813863928113,0.22502876002978872,35.440000000000005,0.8,13.874353741496599,3432.74,735,0.9435173299101413
Indian,26343,Bombay Eatery,Cafe,West Auckland,1.04,46.26,1248,113,5227.38,568,340,227,26275.68,15728.4,10501.02,0.229213522300124,0.383410140825436,0.32,3,0.89,202.03,2024.96,1770.36,1059.72,3865.82,0.1,0.5,0.3,0.2,57732.479999999996,8720.86,6.987868589743591,0.4551282051282052,0.27243589743589747,0.18189102564102566,0.0034994166195528066,0.16,0.096,0.17800000000000002,0.6000000000000001,1297.92,0.0905448717948718,0.7275641025641026,0.15105638974802402,46.26,0.8,17.03004405286344,2830.08,1135,0.9094551282051282
Indian,25413,Spice Corner,QSR,North Shore,1.03,35.51,1036,85,3018.35,476,285,190,16902.76,10120.35,6746.9,0.270123976953328,0.39869734775275,0.29,12,3.54,672.6,999.61,696.03,416.74,1561.83,0.09,0.5,0.3,0.2,36788.36,3674.21,3.546534749034749,0.45945945945945943,0.2750965250965251,0.1833976833976834,0.01828295689179947,0.145,0.087,0.7080000000000001,2.4000000000000004,1067.08,0.08204633204633205,0.7345559845559846,0.09987425370416077,35.51,0.8,8.220157894736841,1112.77,951,0.917953667953668
Indian,25241,Spice Cafe,Cafe,West Auckland,1.04,36.05,1082,98,3532.9,492,295,197,17736.6,10634.75,7101.85,0.237527791466564,0.385684497049078,0.27,7,2.07,407.79,1331.15,1894.05,1135.66,2268.1,0.1,0.5,0.3,0.2,39006.1,6628.959999999999,6.126580406654343,0.45471349353049906,0.27264325323475047,0.18207024029574864,0.010454518652210809,0.135,0.081,0.414,1.4000000000000001,1125.28,0.09057301293900186,0.7273567467652495,0.16994675191828967,36.05,0.8,11.513197969543146,3029.71,984,0.9094269870609981
Indian,25172,Curry Cafe,QSR,South Auckland,1.05,38.45,736,96,3691.2,320,192,128,12304.0,7382.4,4921.6,0.270904502365738,0.417298921640031,0.29,14,4.13,528.64,1150.9,268.19,160.91,1005.9,0.15,0.5,0.3,0.2,28299.199999999997,2585.9,3.513451086956522,0.4347826086956522,0.2608695652173913,0.1739130434782609,0.018680386724713068,0.145,0.087,0.8260000000000001,2.8000000000000003,772.8000000000001,0.13043478260869565,0.6956521739130436,0.09137714140329056,38.449999999999996,0.8,7.85859375,429.1,640,0.8695652173913043
Indian,25658,Royal Corner,QSR,West Auckland,1.04,38.33,1527,163,6247.79,682,409,273,26141.06,15676.97,10464.09,0.258398265130818,0.434100412181579,0.33,12,3.54,966.42,1921.2,-588.14,-352.71,2251.3,0.12,0.5,0.3,0.2,58529.91,3231.65,2.11633922724296,0.44662737393582186,0.2678454485920104,0.17878192534381138,0.016511557936788216,0.165,0.099,0.7080000000000001,2.4000000000000004,1588.0800000000002,0.10674525212835624,0.7144728225278323,0.0552136505933462,38.330000000000005,0.8,8.246520146520147,-940.8499999999999,1364,0.8932547478716437
Indian,25498,Bombay Cafe,QSR,West Auckland,1.04,39.69,521,51,2024.19,235,141,94,9327.15,5596.29,3730.86,0.274428322520107,0.380519689712673,0.3,16,4.72,443.68,698.45,420.21,252.12,843.66,0.11,0.5,0.3,0.2,20678.49,2214.44,4.250364683301344,0.4510556621880998,0.27063339731285985,0.1804222648752399,0.02145611212424118,0.15,0.09,0.944,3.2,541.84,0.09788867562380038,0.7216890595009596,0.10708905727642588,39.690000000000005,0.8,8.975106382978723,672.3299999999999,470,0.9021113243761996
Indian,26307,Royal Bistro,QSR,North Shore,1.03,44.21,1113,128,5658.88,492,296,197,21751.32,13086.16,8709.37,0.230345903355628,0.364702064264566,0.28,16,4.72,929.84,2291.57,2717.87,1635.14,2597.04,0.13,0.5,0.3,0.2,49205.73,9241.62,8.3033423180593,0.4420485175202156,0.265947888589398,0.17699910152740342,0.018896986184332595,0.14,0.084,0.944,3.2,1146.39,0.11500449236298292,0.7079964061096136,0.1878159311933793,44.21,0.8,13.182944162436549,4353.01,985,0.8849955076370171
Indian,25904,Curry House,Cafe,North Shore,1.03,46.2,729,89,4111.8,320,192,128,14784.0,8870.4,5913.6,0.223754715193063,0.351077149086632,0.27,10,2.95,377.6,1748.21,2294.01,1376.4,2136.67,0.14,0.5,0.3,0.2,33679.799999999996,7555.290000000001,10.363909465020578,0.43895747599451307,0.26337448559670784,0.17558299039780526,0.01121146800159146,0.135,0.081,0.5900000000000001,2.0,750.87,0.12208504801097396,0.702331961591221,0.22432704469741513,46.199999999999996,0.8,16.692734375,3670.4100000000003,640,0.877914951989026
Indian,25541,Bombay House,Full-service,West Auckland,1.04,44.89,1880,466,20918.74,707,424,283,31737.23,19033.36,12703.87,0.397120364184957,0.530960218934342,0.29,3,0.89,251.87,1504.46,-6921.27,-4150.81,661.78,0.33,0.5,0.3,0.2,84393.2,-8905.84,-4.737148936170213,0.37606382978723407,0.22553191489361704,0.15053191489361703,0.00298448216206993,0.145,0.087,0.17800000000000002,0.6000000000000001,1955.2,0.24787234042553194,0.6015957446808511,-0.10552793353018965,44.89,0.8,2.338445229681979,-11072.080000000002,1414,0.752127659574468
Indian,25464,Tandoori House,QSR,CBD,0.99,39.43,1440,118,4652.74,661,397,264,26063.23,15653.71,10409.52,0.232185778021812,0.361282846238464,0.33,14,4.13,1090.32,1891.48,1994.65,1198.0,3141.48,0.09,0.5,0.3,0.2,56779.2,8225.61,5.712229166666667,0.4590277777777778,0.27569444444444446,0.18333333333333335,0.019202806661594386,0.165,0.099,0.8260000000000001,2.8000000000000003,1425.6,0.08194444444444444,0.7347222222222223,0.14487012849775976,39.43,0.8,11.899545454545455,3192.65,1322,0.9180555555555555
Indian,26189,Bombay Kitchen,Full-service,CBD,0.99,36.38,1533,344,12514.72,594,357,238,21609.72,12987.66,8658.44,0.36313044289127,0.454105426743627,0.32,6,1.77,421.26,2287.24,-2965.63,-1782.37,1161.19,0.29,0.5,0.3,0.2,55770.54000000001,-1299.5700000000002,-0.8477299412915852,0.38747553816046965,0.23287671232876708,0.1552511415525114,0.007553450262450389,0.16,0.096,0.35400000000000004,1.2000000000000002,1517.67,0.22439660795825175,0.6203522504892368,-0.023302087446167814,36.38,0.8,4.878949579831933,-4748.0,1189,0.7756033920417482
Indian,25531,Bombay Cafe,Ghost Kitchen,CBD,0.99,43.94,542,40,1757.6,251,151,100,11028.94,6634.94,4394.0,0.258991944452282,0.34667791146785,0.28,3,0.89,89.0,693.07,1260.94,758.57,1643.69,0.08,0.5,0.3,0.2,23815.48,4356.27,8.03739852398524,0.46309963099631,0.2785977859778598,0.18450184501845018,0.003737065135785632,0.14,0.084,0.17800000000000002,0.6000000000000001,536.58,0.07380073800738007,0.7416974169741698,0.18291758133785255,43.94,0.8,16.4369,2019.5100000000002,502,0.9261992619926199
Indian,26434,Tandoori House,Full-service,West Auckland,1.04,42.26,1368,299,12635.74,534,321,214,22566.84,13565.46,9043.64,0.39816922203172,0.503868654486723,0.29,14,4.13,883.82,1237.82,-4333.69,-2605.08,2.11,0.28,0.5,0.3,0.2,57811.68,-5698.84,-4.165818713450292,0.39035087719298245,0.23464912280701752,0.15643274853801167,0.015287914137765934,0.145,0.087,0.8260000000000001,2.8000000000000003,1422.72,0.2185672514619883,0.625,-0.09857592790937748,42.26,0.8,0.00985981308411215,-6938.7699999999995,1069,0.7814327485380117
Indian,26356,Tandoori House,Cafe,South Auckland,1.05,34.7,1114,136,4719.2,489,293,196,16968.3,10167.1,6801.2,0.213761024270207,0.355094675603323,0.31,4,1.18,231.28,2034.66,2055.61,1231.69,2701.02,0.14,0.5,0.3,0.2,38655.799999999996,8022.980000000001,7.201956912028726,0.4389587073608618,0.26301615798922806,0.17594254937163376,0.005983060756729909,0.155,0.093,0.236,0.8,1169.7,0.12208258527827649,0.7019748653500899,0.2075491905483783,34.699999999999996,0.8,13.780714285714286,3287.3,978,0.8779174147217235
Indian,26195,Bombay Diner,QSR,West Auckland,1.04,46.48,541,66,3067.68,238,142,95,11062.24,6600.16,4415.6,0.209527668748051,0.381544120237231,0.28,9,2.66,252.7,1254.46,1426.23,850.95,1552.96,0.14,0.5,0.3,0.2,25145.68,5084.6,9.398521256931609,0.43992606284658037,0.26247689463955637,0.1756007393715342,0.01004943990379262,0.14,0.084,0.532,1.8,562.64,0.12199630314232901,0.7024029574861368,0.2022057069047248,46.480000000000004,0.8,16.346947368421052,2277.1800000000003,475,0.878003696857671
Indian,25414,Bombay House,Cafe,South Auckland,1.05,42.96,724,71,3050.16,326,196,131,14004.96,8420.16,5627.76,0.267001802045852,0.434160264069214,0.29,7,2.07,271.17,911.5,123.77,74.42,1410.62,0.11,0.5,0.3,0.2,31103.04,2520.31,3.4810911602209944,0.4502762430939226,0.27071823204419887,0.18093922651933703,0.008718440383962469,0.145,0.087,0.414,1.4000000000000001,760.2,0.09806629834254144,0.7209944751381215,0.08103098603866374,42.96,0.8,10.768091603053435,198.19,653,0.9019337016574586
Indian,26316,Tandoori House,QSR,West Auckland,1.04,37.83,920,98,3707.34,411,247,164,15548.13,9344.01,6204.12,0.25334801800549,0.419729889649898,0.27,3,0.89,145.96,1212.01,885.03,531.88,1882.3,0.12,0.5,0.3,0.2,34803.600000000006,4511.22,4.9035,0.4467391304347825,0.26847826086956517,0.17826086956521736,0.004193819030215265,0.135,0.081,0.17800000000000002,0.6000000000000001,956.8000000000001,0.10652173913043476,0.7152173913043477,0.1296193497224425,37.830000000000005,0.8,11.477439024390243,1416.9099999999999,822,0.8934782608695652
Indian,26521,Spice Bistro,Full-service,CBD,0.99,33.18,684,118,3915.24,283,170,113,9389.94,5640.6,3749.34,0.397654449287802,0.52349210686516,0.27,12,3.54,400.02,308.73,-1794.85,-1078.18,-104.37,0.21,0.5,0.3,0.2,22695.12,-2668.67,-3.90156432748538,0.4137426900584796,0.24853801169590645,0.1652046783625731,0.017625815593836913,0.135,0.081,0.7080000000000001,2.4000000000000004,677.16,0.17251461988304093,0.662280701754386,-0.11758783386031887,33.18,0.8,-0.9236283185840708,-2873.0299999999997,566,0.827485380116959
Indian,26603,Bombay Corner,QSR,CBD,0.99,35.86,510,50,1793.0,230,138,92,8247.8,4948.68,3299.12,0.230855272579938,0.391676743910648,0.29,17,5.02,461.84,676.8,721.42,432.85,783.47,0.11,0.5,0.3,0.2,18288.6,2614.54,5.126549019607843,0.45098039215686275,0.2705882352941177,0.1803921568627451,0.025252889778331858,0.145,0.087,1.004,3.4000000000000004,504.9,0.09803921568627452,0.7215686274509804,0.14296009535995102,35.86,0.8,8.515978260869565,1154.27,460,0.9019607843137255
Indian,26117,Royal Kitchen,Cafe,West Auckland,1.04,41.08,829,61,2505.88,384,230,154,15774.72,9448.4,6326.32,0.257478479593992,0.428336122329347,0.32,5,1.48,227.92,787.31,-91.72,-54.94,1759.72,0.08,0.5,0.3,0.2,34055.32,2400.37,2.8955006031363086,0.4632086851628468,0.27744270205066346,0.18576598311218334,0.006692640092649254,0.16,0.096,0.296,1.0,862.1600000000001,0.0735826296743064,0.7406513872135102,0.07048443532464237,41.08,0.8,11.426753246753247,-146.66,768,0.9264173703256936
Indian,26443,Royal Grill,QSR,West Auckland,1.04,41.06,604,74,3038.44,265,159,106,10880.9,6528.54,4352.36,0.242207907643169,0.406961579597555,0.29,6,1.77,187.62,1065.98,661.89,397.13,1339.32,0.14,0.5,0.3,0.2,24800.24,3464.3199999999997,5.735629139072847,0.4387417218543046,0.26324503311258274,0.17549668874172183,0.007565249368554497,0.145,0.087,0.35400000000000004,1.2000000000000002,628.16,0.12251655629139073,0.7019867549668873,0.13968897075189593,41.06,0.8,12.635094339622642,1059.02,530,0.8774834437086093
Indian,26160,Bombay Eatery,QSR,West Auckland,1.04,33.41,1183,107,3574.87,538,323,215,17974.58,10791.43,7183.15,0.232417965270579,0.427618041518144,0.3,11,3.25,698.75,1215.33,718.34,431.27,1743.26,0.1,0.5,0.3,0.2,39524.03,4108.2,3.472696534234996,0.45477599323753176,0.27303465765004226,0.18174133558748942,0.017679118247810256,0.15,0.09,0.65,2.2,1230.32,0.0904480135249366,0.727810650887574,0.10394182981846739,33.41,0.8,8.108186046511628,1149.6100000000001,1076,0.9095519864750634
Indian,25717,Royal Grill,QSR,South Auckland,1.05,45.7,477,51,2330.7,213,128,85,9734.1,5849.6,3884.5,0.212917431108654,0.399524376844056,0.3,16,4.72,401.2,903.28,852.3,512.18,1104.27,0.12,0.5,0.3,0.2,21798.9,3372.0299999999997,7.0692452830188675,0.44654088050314467,0.26834381551362685,0.17819706498951782,0.01840459839716683,0.15,0.09,0.944,3.2,500.85,0.10691823899371068,0.7148846960167715,0.15468808059122247,45.7,0.8,12.991411764705882,1364.48,426,0.8930817610062893
Indian,25232,Bombay Eatery,Cafe,South Auckland,1.05,37.27,1282,137,5105.99,572,344,229,21318.44,12820.88,8534.83,0.20594270337373,0.386056850175373,0.27,3,0.89,203.81,2083.25,2941.95,1769.29,3278.4,0.12,0.5,0.3,0.2,47780.14,10072.89,7.857168486739469,0.44617784711388453,0.26833073322932915,0.17862714508580343,0.00426557979947317,0.135,0.081,0.17800000000000002,0.6000000000000001,1346.1000000000001,0.10686427457098284,0.7145085803432137,0.2108175070227923,37.269999999999996,0.8,14.316157205240176,4711.24,1145,0.8931357254290172
Indian,25140,Bombay Diner,Cafe,North Shore,1.03,32.52,1553,166,5398.32,694,416,277,22568.88,13528.32,9008.04,0.225263445768505,0.436142187612131,0.32,16,4.72,1307.44,1827.84,419.65,251.55,1742.63,0.12,0.5,0.3,0.2,50503.560000000005,4241.67,2.731274951706375,0.44687701223438503,0.2678686413393432,0.1783644558918223,0.025888076008899173,0.16,0.096,0.944,3.2,1599.5900000000001,0.10688989053444943,0.7147456535737281,0.08398754464041742,32.52,0.8,6.291083032490975,671.2,1387,0.8931101094655506
Indian,26164,Curry Grill,QSR,North Shore,1.03,31.37,873,100,3137.0,386,232,155,12108.82,7277.84,4862.35,0.259665309526026,0.369944427441806,0.32,15,4.43,686.65,1161.91,610.17,366.73,1114.32,0.13,0.5,0.3,0.2,27386.010000000002,3253.13,3.7263802978235967,0.44215349369988544,0.26575028636884307,0.1775486827033219,0.02507302085992081,0.16,0.096,0.886,3.0,899.19,0.1145475372279496,0.7079037800687284,0.11878802352003814,31.37,0.8,7.1891612903225806,976.9,773,0.8854524627720504
Indian,25925,Curry Eatery,Full-service,South Auckland,1.05,34.14,939,199,6793.86,370,222,148,12631.8,7579.08,5052.72,0.39551515551284,0.487487742677331,0.31,14,4.13,611.24,794.86,-2437.97,-1462.78,-20.09,0.27,0.5,0.3,0.2,32057.46,-3125.9799999999996,-3.3290521831735886,0.39403620873269435,0.23642172523961663,0.15761448349307774,0.01906701279514971,0.155,0.093,0.8260000000000001,2.8000000000000003,985.95,0.21192758253461128,0.6304579339723109,-0.09751178040930253,34.14,0.8,-0.13574324324324324,-3900.75,740,0.7880724174653887
Indian,26167,Curry Diner,Full-service,CBD,0.99,43.66,579,115,5020.9,232,139,93,10129.12,6068.74,4060.38,0.352826336480211,0.491792073030956,0.27,5,1.48,137.64,780.16,-1160.98,-695.59,493.27,0.25,0.5,0.3,0.2,25279.140000000003,-583.1400000000001,-1.0071502590673578,0.4006908462867012,0.24006908462867008,0.16062176165803108,0.005444805479933256,0.135,0.081,0.296,1.0,573.21,0.19861830742659756,0.6407599309153713,-0.02306803158651758,43.660000000000004,0.8,5.303978494623656,-1856.5700000000002,464,0.8013816925734024
Indian,25224,Royal Eatery,Full-service,North Shore,1.03,37.35,495,68,2539.8,214,128,85,7992.9,4780.8,3174.75,0.357295493758284,0.467094982112758,0.28,6,1.77,150.45,446.01,-834.38,-499.07,407.07,0.16,0.5,0.3,0.2,18488.25,-480.37000000000006,-0.9704444444444446,0.4323232323232323,0.2585858585858586,0.1717171717171717,0.008137600908685245,0.14,0.084,0.35400000000000004,1.2000000000000002,509.85,0.13737373737373737,0.6909090909090909,-0.025982448311765584,37.35,0.8,4.789058823529412,-1333.45,427,0.8626262626262626
Indian,25037,Curry Cafe,Full-service,South Auckland,1.05,40.68,745,129,5247.72,308,185,123,12529.44,7525.8,5003.64,0.35157133321045,0.505617403937504,0.3,3,0.89,109.47,749.43,-1969.49,-1182.97,605.11,0.21,0.5,0.3,0.2,30306.6,-1797.9199999999996,-2.4133154362416103,0.41342281879194637,0.24832214765100674,0.16510067114093963,0.0036120844964463187,0.15,0.09,0.17800000000000002,0.6000000000000001,782.25,0.1731543624161074,0.6617449664429531,-0.0593243715890268,40.68,0.8,4.91959349593496,-3152.46,616,0.8268456375838926
Indian,25765,Spice Tavern,Cafe,North Shore,1.03,45.94,940,85,3904.9,428,256,171,19662.32,11760.64,7855.74,0.215756895765662,0.380736278975382,0.32,11,3.25,555.75,1575.65,1641.94,982.09,2614.09,0.1,0.5,0.3,0.2,43183.6,6813.77,7.248691489361702,0.4553191489361702,0.2723404255319149,0.1819148936170213,0.012869468965070073,0.16,0.096,0.65,2.2,968.2,0.09042553191489362,0.7276595744680852,0.15778605767004142,45.94,0.8,15.287076023391814,2624.03,855,0.9095744680851063
Indian,25483,Royal Tavern,QSR,West Auckland,1.04,38.27,1247,143,5472.61,552,331,221,21125.04,12667.37,8457.67,0.203215983435512,0.438703704439104,0.28,15,4.43,979.03,1959.63,1649.45,989.07,2049.5,0.13,0.5,0.3,0.2,47722.69,6647.65,5.330914194065757,0.44266238973536487,0.2654370489174018,0.1772253408179631,0.02051497935258888,0.14,0.084,0.886,3.0,1296.88,0.11467522052927023,0.7080994386527667,0.13929747044854343,38.27,0.8,9.273755656108598,2638.52,1104,0.8853247794707297
Indian,26173,Tandoori Tavern,Full-service,West Auckland,1.04,32.17,1292,250,8042.5,521,313,208,16760.57,10069.21,6691.36,0.350175797578413,0.4505512092961,0.31,18,5.31,1104.48,1602.65,-1855.85,-1114.93,228.93,0.24,0.5,0.3,0.2,41563.64,-1139.1999999999998,-0.8817337461300309,0.40325077399380804,0.24226006191950464,0.1609907120743034,0.026573226021590027,0.155,0.093,1.062,3.6,1343.68,0.19349845201238391,0.6455108359133127,-0.0274085715303087,32.17,0.8,1.100625,-2970.7799999999997,1042,0.8065015479876161
Indian,25122,Curry Diner,QSR,North Shore,1.03,40.45,738,54,2184.3,342,205,137,13833.9,8292.25,5541.65,0.235941641144454,0.388585654064082,0.28,4,1.18,161.66,820.15,1320.76,791.68,1919.08,0.08,0.5,0.3,0.2,29852.1,4851.67,6.574078590785908,0.4634146341463415,0.2777777777777778,0.1856368563685637,0.00541536441322386,0.14,0.084,0.236,0.8,760.14,0.07317073170731708,0.7411924119241193,0.1625235745558939,40.449999999999996,0.8,14.007883211678832,2112.44,684,0.926829268292683
Indian,26618,Bombay Cafe,Cafe,South Auckland,1.05,38.44,1488,110,4228.4,689,413,276,26485.16,15875.72,10609.44,0.268565887566656,0.377184153255075,0.27,6,1.77,488.52,1497.91,2231.37,1337.53,3269.87,0.08,0.5,0.3,0.2,57198.72,8336.68,5.60260752688172,0.46303763440860213,0.2775537634408602,0.18548387096774194,0.008540750562250343,0.135,0.081,0.35400000000000004,1.2000000000000002,1562.4,0.07392473118279569,0.7405913978494623,0.1457494153715328,38.44,0.8,11.847355072463767,3568.8999999999996,1378,0.9260752688172043
Indian,26093,Tandoori Eatery,QSR,South Auckland,1.05,33.07,1155,123,4067.61,516,310,206,17064.12,10251.7,6812.42,0.262764566894621,0.408146005356684,0.28,16,4.72,972.32,1338.61,837.67,503.25,1269.58,0.12,0.5,0.3,0.2,38195.85,3949.1099999999997,3.419142857142857,0.44675324675324674,0.2683982683982684,0.17835497835497838,0.02545616866753849,0.14,0.084,0.944,3.2,1212.75,0.1064935064935065,0.7151515151515152,0.10339107520843233,33.07,0.8,6.163009708737864,1340.92,1032,0.8935064935064935
Indian,26217,Royal Diner,Cafe,CBD,0.99,36.58,1568,180,6584.4,694,416,278,25386.52,15217.28,10169.24,0.264601591229439,0.371882021101192,0.32,18,5.31,1476.18,2393.54,1104.73,662.2,2220.51,0.13,0.5,0.3,0.2,57357.439999999995,6380.9800000000005,4.069502551020409,0.4426020408163266,0.2653061224489796,0.17729591836734696,0.02573650427913101,0.16,0.096,1.062,3.6,1552.32,0.11479591836734694,0.7079081632653063,0.11124938630454917,36.58,0.8,7.987446043165469,1766.93,1388,0.8852040816326531
Indian,26379,Curry Grill,QSR,CBD,0.99,31.34,993,73,2287.82,460,276,184,14416.4,8649.84,5766.56,0.245203241035342,0.415356773347594,0.32,4,1.18,217.12,776.58,280.25,168.15,1740.28,0.08,0.5,0.3,0.2,31120.620000000003,2965.26,2.986163141993958,0.4632426988922457,0.2779456193353474,0.18529707955689828,0.006976724756768984,0.16,0.096,0.236,0.8,983.0699999999999,0.07351460221550855,0.741188318227593,0.09528280606234708,31.340000000000003,0.8,9.458043478260869,448.4,920,0.9264853977844915
Indian,26339,Bombay Bistro,Full-service,North Shore,1.03,34.39,1525,243,8356.77,641,385,256,22043.99,13240.15,8803.84,0.387624009046704,0.504016867070459,0.29,12,3.54,906.24,905.53,-4004.09,-2404.95,47.74,0.19,0.5,0.3,0.2,52444.75,-5455.77,-3.577554098360656,0.42032786885245904,0.2524590163934426,0.1678688524590164,0.017279899322620473,0.145,0.087,0.7080000000000001,2.4000000000000004,1570.75,0.15934426229508197,0.6727868852459016,-0.10402890661124327,34.39,0.8,0.186484375,-6409.04,1282,0.8406557377049181
Indian,25654,Tandoori Diner,Cafe,West Auckland,1.04,31.99,1068,97,3103.03,486,291,194,15547.14,9309.09,6206.06,0.237178952991962,0.356937468727119,0.29,7,2.07,401.58,1259.47,1801.66,1078.77,2117.36,0.1,0.5,0.3,0.2,34165.32,6257.26,5.858857677902622,0.4550561797752809,0.27247191011235955,0.18164794007490637,0.01175402425617556,0.145,0.087,0.414,1.4000000000000001,1110.72,0.09082397003745318,0.7275280898876404,0.1831465357268716,31.99,0.8,10.914226804123713,2880.4300000000003,971,0.9091760299625468
Indian,26504,Curry Eatery,QSR,North Shore,1.03,36.31,577,57,2069.67,260,156,104,9440.6,5664.36,3776.24,0.216596445627511,0.41146137160249,0.31,9,2.66,276.64,769.8,584.77,350.86,1127.9,0.11,0.5,0.3,0.2,20950.870000000003,2833.33,4.910450606585789,0.4506065857885615,0.27036395147313685,0.1802426343154246,0.01320422493194793,0.155,0.093,0.532,1.8,594.3100000000001,0.09878682842287693,0.7209705372616984,0.1352368660585455,36.31,0.8,10.845192307692308,935.63,520,0.901213171577123
Indian,25129,Curry Grill,QSR,CBD,0.99,38.31,1141,94,3601.14,524,314,209,20074.44,12029.34,8006.79,0.243215436525643,0.364218128984794,0.31,12,3.54,739.86,1413.69,1657.47,993.22,2403.34,0.09,0.5,0.3,0.2,43711.71,6467.72,5.668466257668712,0.4592462751971954,0.27519719544259424,0.1831726555652936,0.01692589926131922,0.155,0.093,0.7080000000000001,2.4000000000000004,1129.59,0.08238387379491674,0.7344434706397897,0.1479630973027594,38.31,0.8,11.499234449760767,2650.69,1047,0.9176161262050833
Indian,25576,Royal Eatery,Full-service,South Auckland,1.05,32.82,972,162,5316.84,405,243,162,13292.1,7975.26,5316.84,0.365593245369382,0.466789780044928,0.31,5,1.48,239.76,891.19,-1892.57,-1135.54,651.43,0.2,0.5,0.3,0.2,31901.040000000005,-1485.4900000000002,-1.5282818930041155,0.41666666666666663,0.24999999999999997,0.16666666666666666,0.007515742433475522,0.155,0.093,0.296,1.0,1020.6,0.16666666666666666,0.6666666666666666,-0.046565566514445926,32.82000000000001,0.8,4.021172839506172,-3028.1099999999997,810,0.8333333333333334
Indian,25940,Tandoori Tavern,QSR,North Shore,1.03,35.57,1250,92,3272.44,579,347,232,20595.03,12342.79,8252.24,0.207861272022128,0.442930857324973,0.31,13,3.84,890.88,1142.76,807.49,483.93,1990.87,0.08,0.5,0.3,0.2,44462.49999999999,4425.049999999999,3.5400399999999994,0.46320000000000006,0.27760000000000007,0.18560000000000001,0.020036660106831604,0.155,0.093,0.768,2.6,1287.5,0.07360000000000001,0.7408000000000001,0.09952319370255834,35.56999999999999,0.8,8.581336206896552,1291.42,1158,0.9264
Indian,26587,Royal Tavern,Full-service,CBD,0.99,37.81,1420,344,13006.64,538,323,215,20341.78,12212.63,8129.15,0.365858716669027,0.45858717050869,0.32,8,2.36,507.4,2283.37,-2938.29,-1764.06,919.71,0.32,0.5,0.3,0.2,53690.2,-1499.27,-1.0558239436619719,0.3788732394366197,0.22746478873239437,0.15140845070422534,0.009450514246547788,0.16,0.096,0.472,1.6,1405.8,0.24225352112676057,0.606338028169014,-0.02792446293737032,37.809999999999995,0.8,4.277720930232558,-4702.35,1076,0.7577464788732394
Indian,25497,Tandoori Bistro,QSR,West Auckland,1.04,43.04,502,49,2108.96,226,136,91,9727.04,5853.44,3916.64,0.253577317465097,0.416559277498163,0.28,15,4.43,403.13,695.67,485.02,291.87,888.83,0.11,0.5,0.3,0.2,21606.079999999998,2361.39,4.703964143426295,0.4501992031872511,0.27091633466135456,0.18127490039840638,0.018658173995467944,0.14,0.084,0.886,3.0,522.08,0.09760956175298806,0.7211155378486056,0.10929284719856633,43.04,0.8,9.767362637362638,776.89,453,0.9023904382470119
Indian,25619,Spice Bistro,Ghost Kitchen,North Shore,1.03,37.79,1134,74,2796.46,530,318,212,20028.7,12017.22,8011.48,0.280480350507423,0.24037831450114,0.3,4,1.18,250.16,1339.9,3587.97,2152.78,3588.47,0.07,0.5,0.3,0.2,42853.86,10669.119999999999,9.408395061728394,0.46737213403880074,0.2804232804232804,0.18694885361552027,0.005837513820225296,0.15,0.09,0.236,0.8,1168.02,0.06525573192239859,0.7477954144620811,0.2489652040679649,37.79,0.8,16.926745283018867,5740.75,1060,0.9347442680776014
Indian,25702,Tandoori Grill,QSR,North Shore,1.03,41.99,658,54,2267.46,302,181,121,12680.98,7600.19,5080.79,0.243614952657372,0.354848248395137,0.31,11,3.25,393.25,910.47,1160.78,695.7,1646.87,0.09,0.5,0.3,0.2,27629.42,4413.82,6.707933130699088,0.4589665653495441,0.2750759878419453,0.1838905775075988,0.014233016834953467,0.155,0.093,0.65,2.2,677.74,0.08206686930091187,0.7340425531914894,0.15975072947604402,41.989999999999995,0.8,13.610495867768595,1856.48,604,0.9179331306990881
Indian,25621,Royal Tavern,Ghost Kitchen,West Auckland,1.04,43.04,494,14,602.56,240,144,96,10329.6,6197.76,4131.84,0.255894589831587,0.205308423144743,0.31,17,5.02,481.92,324.66,2363.38,1418.03,1744.3,0.03,0.5,0.3,0.2,21261.76,5850.37,11.842854251012145,0.4858299595141701,0.29149797570850206,0.19433198380566805,0.02266604457956444,0.155,0.093,1.004,3.4000000000000004,513.76,0.02834008097165992,0.7773279352226722,0.2751592530439625,43.04,0.8,18.169791666666665,3781.41,480,0.97165991902834
Indian,26229,Bombay Corner,Full-service,CBD,0.99,41.17,1023,259,10663.03,382,229,153,15726.94,9427.93,6299.01,0.384577803127468,0.502161127631553,0.3,10,2.95,451.35,1207.71,-2936.83,-1760.56,262.08,0.34,0.5,0.3,0.2,42116.91,-3227.6,-3.155034213098729,0.3734115347018573,0.2238514173998045,0.1495601173020528,0.010716598154992851,0.15,0.09,0.5900000000000001,2.0,1012.77,0.25317693059628543,0.5972629521016618,-0.07663430199413963,41.17,0.8,1.7129411764705882,-4697.389999999999,764,0.7468230694037146
Indian,26351,Bombay Kitchen,QSR,CBD,0.99,42.78,655,75,3208.5,290,174,116,12406.2,7443.72,4962.48,0.230082014799118,0.373872275324538,0.32,15,4.43,513.88,1270.71,943.44,566.06,1451.49,0.13,0.5,0.3,0.2,28020.9,4231.7,6.460610687022901,0.44274809160305345,0.26564885496183205,0.17709923664122135,0.01833916826368889,0.16,0.096,0.886,3.0,648.45,0.11450381679389313,0.7083969465648855,0.15101941764896915,42.78,0.8,12.512844827586207,1509.5,580,0.8854961832061069
Indian,26109,Royal House,Ghost Kitchen,West Auckland,1.04,45.81,1247,113,5176.53,567,340,227,25974.27,15575.4,10398.87,0.288132431264967,0.215756261278875,0.33,5,1.48,335.96,2568.14,4314.62,2587.25,4823.04,0.1,0.5,0.3,0.2,57125.07,14293.05,11.461948676824377,0.454691259021652,0.272654370489174,0.18203688853247796,0.005881130648942749,0.165,0.099,0.296,1.0,1296.88,0.09061748195669607,0.7273456295108259,0.25020625795294427,45.81,0.8,21.246872246696036,6901.87,1134,0.909382518043304
Indian,25261,Royal Diner,Ghost Kitchen,South Auckland,1.05,32.48,1288,84,2728.32,602,361,241,19552.96,11725.28,7827.68,0.268672183249146,0.212484299775679,0.29,7,2.07,498.87,1415.57,4474.57,2683.25,3562.47,0.07,0.5,0.3,0.2,41834.24,12135.859999999999,9.42225155279503,0.4673913043478261,0.2802795031055901,0.18711180124223603,0.011924920830401127,0.145,0.087,0.414,1.4000000000000001,1352.4,0.06521739130434784,0.7476708074534162,0.29009395174861546,32.48,0.8,14.782033195020746,7157.82,1204,0.9347826086956522
Indian,26395,Royal Diner,Cafe,North Shore,1.03,45.44,816,60,2726.4,378,227,151,17176.32,10314.88,6861.44,0.275416014790535,0.42073417454958,0.29,3,0.89,134.39,828.42,237.89,142.86,1950.46,0.08,0.5,0.3,0.2,37079.04,3159.63,3.872095588235294,0.463235294117647,0.2781862745098039,0.18504901960784312,0.003624419618199392,0.145,0.087,0.17800000000000002,0.6000000000000001,840.48,0.07352941176470588,0.7414215686274509,0.08521337121996686,45.44,0.8,12.916953642384106,380.75,756,0.9264705882352942
Indian,25020,Bombay Corner,Ghost Kitchen,South Auckland,1.05,44.46,1142,94,4179.24,524,314,210,23297.04,13960.44,9336.6,0.29728110745782,0.28438880398171,0.27,12,3.54,743.4,1748.3,3455.65,2070.75,3162.38,0.09,0.5,0.3,0.2,50773.32,10437.08,9.139299474605954,0.4588441330998249,0.27495621716287216,0.18388791593695272,0.014641547962591376,0.135,0.081,0.7080000000000001,2.4000000000000004,1199.1000000000001,0.08231173380035026,0.7338003502626971,0.20556229137665213,44.46,0.8,15.058952380952382,5526.4,1048,0.9176882661996497
Indian,25630,Royal Corner,QSR,CBD,0.99,42.28,648,79,3340.12,284,171,114,12007.52,7229.88,4819.92,0.21846462784335,0.426658635912463,0.27,16,4.72,538.08,1185.33,1019.16,613.65,1172.4,0.14,0.5,0.3,0.2,27397.440000000002,3990.54,6.158240740740741,0.4382716049382716,0.2638888888888889,0.1759259259259259,0.01963979116296997,0.135,0.081,0.944,3.2,641.52,0.12191358024691357,0.7021604938271605,0.1456537545113704,42.28,0.8,10.28421052631579,1632.81,569,0.8780864197530864
Indian,25750,Curry House,Ghost Kitchen,CBD,0.99,40.14,449,21,842.94,214,128,86,8589.96,5137.92,3452.04,0.291667738580145,0.302083383267745,0.29,3,0.89,76.54,342.44,998.57,597.28,1325.85,0.05,0.5,0.3,0.2,18022.86,3264.14,7.269799554565702,0.47661469933184847,0.28507795100222716,0.19153674832962136,0.00424682874971009,0.145,0.087,0.17800000000000002,0.6000000000000001,444.51,0.0467706013363029,0.7616926503340756,0.1811111000140932,40.14,0.8,15.416860465116278,1595.85,428,0.9532293986636972
Indian,25592,Bombay Corner,QSR,North Shore,1.03,40.42,921,76,3071.92,422,254,169,17057.24,10266.68,6830.98,0.208839475605637,0.363626535539515,0.32,17,5.02,848.38,1313.35,1834.23,1104.02,2072.1,0.09,0.5,0.3,0.2,37226.82000000001,6323.700000000001,6.866123778501629,0.4581976112920738,0.27578718783930506,0.18349619978284468,0.022789483496038605,0.16,0.096,1.004,3.4000000000000004,948.63,0.08251900108577631,0.7339847991313788,0.169869465079209,40.42000000000001,0.8,12.26094674556213,2938.25,845,0.9174809989142236
Indian,26159,Royal Corner,Cafe,North Shore,1.03,42.43,1620,160,6788.8,730,438,292,30973.9,18584.34,12389.56,0.264138978626579,0.383973315777257,0.28,3,0.89,259.88,2388.9,2226.64,1335.99,4099.85,0.11,0.5,0.3,0.2,68736.6,10051.380000000001,6.204555555555556,0.4506172839506173,0.27037037037037037,0.1802469135802469,0.0037808096414428407,0.14,0.084,0.17800000000000002,0.6000000000000001,1668.6000000000001,0.09876543209876543,0.7209876543209877,0.14623039254196454,42.43000000000001,0.8,14.040582191780823,3562.63,1460,0.9012345679012346
Indian,25187,Curry Kitchen,QSR,West Auckland,1.04,32.01,685,56,1792.56,314,189,126,10051.14,6049.89,4033.26,0.228754629679024,0.402184822689742,0.32,13,3.84,483.84,661.56,493.11,296.81,1004.68,0.09,0.5,0.3,0.2,21926.85,2456.16,3.5856350364963503,0.4583941605839416,0.2759124087591241,0.18394160583941607,0.02206609704540324,0.16,0.096,0.768,2.6,712.4,0.08175182481751825,0.7343065693430657,0.11201608986242895,32.01,0.8,7.973650793650793,789.9200000000001,629,0.9182481751824818
Indian,26523,Bombay Eatery,Full-service,West Auckland,1.04,43.64,1104,191,8335.24,456,274,183,19899.84,11957.36,7986.12,0.390994754375424,0.491138987615705,0.3,7,2.07,378.81,982.44,-3624.43,-2177.84,562.48,0.21,0.5,0.3,0.2,48178.560000000005,-4257.35,-3.8562952898550726,0.4130434782608695,0.24818840579710144,0.16576086956521738,0.007862626031164069,0.15,0.09,0.414,1.4000000000000001,1148.16,0.17300724637681159,0.661231884057971,-0.08836606988668819,43.64000000000001,0.8,3.0736612021857925,-5802.27,913,0.8269927536231884
Indian,25513,Bombay Diner,Full-service,West Auckland,1.04,44.1,1397,288,12700.8,554,333,222,24431.4,14685.3,9790.2,0.378183438710403,0.486664456594735,0.28,17,5.02,1114.44,1716.54,-3538.84,-2127.13,208.73,0.26,0.5,0.3,0.2,61607.7,-3740.7000000000003,-2.677666428060129,0.3965640658554045,0.2383679312813171,0.15891195418754475,0.01808929727939852,0.14,0.084,1.004,3.4000000000000004,1452.88,0.2061560486757337,0.6349319971367215,-0.06071805959320021,44.1,0.8,0.9402252252252252,-5665.97,1109,0.7938439513242663
Indian,25150,Bombay Kitchen,Full-service,South Auckland,1.05,43.05,979,163,7017.15,408,245,163,17564.4,10547.25,7017.15,0.350764955207705,0.540549789648503,0.3,11,3.25,529.75,762.66,-3360.33,-2017.84,232.91,0.2,0.5,0.3,0.2,42145.950000000004,-4382.6,-4.476608784473953,0.4167517875383044,0.25025536261491316,0.1664964249233912,0.012569416515703168,0.15,0.09,0.65,2.2,1027.95,0.1664964249233912,0.6670071501532175,-0.10398626677059124,43.050000000000004,0.8,1.4288957055214724,-5378.17,816,0.8335035750766088
Indian,25393,Tandoori Kitchen,Full-service,West Auckland,1.04,42.79,1725,263,11253.77,731,439,292,31279.49,18784.81,12494.68,0.383935440494679,0.537415620498359,0.31,3,0.89,259.88,885.1,-7236.54,-4345.89,722.81,0.18,0.5,0.3,0.2,73812.75,-9974.52,-5.782330434782609,0.423768115942029,0.2544927536231884,0.16927536231884058,0.0035208009456360856,0.155,0.093,0.17800000000000002,0.6000000000000001,1794.0,0.15246376811594203,0.6782608695652175,-0.1351327514555412,42.79,0.8,2.475376712328767,-11582.43,1462,0.847536231884058
Indian,25072,Bombay Tavern,Full-service,CBD,0.99,30.05,1568,380,11419.0,594,356,238,17849.7,10697.8,7151.9,0.367287768563256,0.468091827607714,0.32,12,3.54,842.52,1879.8,-2773.48,-1662.22,334.83,0.32,0.5,0.3,0.2,47118.4,-2221.07,-1.416498724489796,0.3788265306122449,0.2270408163265306,0.15178571428571427,0.01788091276444022,0.16,0.096,0.7080000000000001,2.4000000000000004,1552.32,0.2423469387755102,0.6058673469387755,-0.04713806071513464,30.05,0.8,1.4068487394957983,-4435.7,1188,0.7576530612244898
Indian,25760,Royal Tavern,QSR,South Auckland,1.05,36.97,1027,76,2809.72,476,285,190,17597.72,10536.45,7024.3,0.279037442803383,0.351388502935879,0.32,6,1.77,336.3,1038.4,872.39,522.33,2259.7,0.08,0.5,0.3,0.2,37968.19,4692.82,4.569444985394353,0.4634858812074002,0.2775073028237585,0.18500486854917234,0.008857414588369895,0.16,0.096,0.35400000000000004,1.2000000000000002,1078.3500000000001,0.07400194741966892,0.7409931840311588,0.12359872830387753,36.97,0.8,11.893157894736841,1394.72,951,0.9259980525803311
Indian,26045,Tandoori Eatery,QSR,North Shore,1.03,45.09,836,96,4328.64,370,222,148,16683.3,10009.98,6673.32,0.224925592765212,0.394521895237267,0.28,4,1.18,174.64,1647.27,1677.55,1006.53,2364.91,0.13,0.5,0.3,0.2,37695.24,6696.259999999999,8.009880382775119,0.44258373205741625,0.26555023923444976,0.17703349282296652,0.004632945698183643,0.14,0.084,0.236,0.8,861.08,0.11483253588516748,0.7081339712918661,0.1776420577239991,45.089999999999996,0.8,15.979121621621621,2684.08,740,0.8851674641148325
Indian,25155,Royal Kitchen,QSR,West Auckland,1.04,38.16,1293,117,4464.72,588,353,235,22438.08,13470.48,8967.6,0.272497455328703,0.418535946961492,0.3,5,1.48,347.8,1379.45,201.19,120.78,2422.89,0.1,0.5,0.3,0.2,49340.88,4124.3099999999995,3.1897215777262176,0.45475638051044087,0.27300850734725446,0.1817478731631864,0.007048921705490458,0.15,0.09,0.296,1.0,1344.72,0.09048723897911834,0.7277648878576952,0.08358809165949209,38.16,0.8,10.310170212765957,321.97,1176,0.9095127610208816
Indian,25160,Curry Bistro,QSR,South Auckland,1.05,32.32,1615,173,5591.36,721,433,288,23302.72,13994.56,9308.16,0.246366346720606,0.39404577978421,0.3,16,4.72,1359.36,2010.59,1388.56,833.91,1987.74,0.12,0.5,0.3,0.2,52196.8,6220.799999999999,3.8518885448916405,0.44643962848297214,0.2681114551083591,0.17832817337461299,0.02604297581460932,0.15,0.09,0.944,3.2,1695.75,0.10712074303405572,0.7145510835913312,0.11917971982956807,32.32,0.8,6.901875,2222.47,1442,0.8928792569659443
Indian,26128,Curry Cafe,Cafe,South Auckland,1.05,41.0,904,74,3034.0,415,249,166,17015.0,10209.0,6806.0,0.270414457395673,0.400200273632072,0.28,18,5.31,881.46,999.35,840.29,504.17,1360.34,0.09,0.5,0.3,0.2,37064.0,3704.1499999999996,4.097511061946903,0.459070796460177,0.2754424778761062,0.1836283185840708,0.023782106626376,0.14,0.084,1.062,3.6,949.2,0.08185840707964602,0.7345132743362832,0.09993929419382688,41.0,0.8,8.194819277108433,1344.46,830,0.918141592920354
Indian,25967,Tandoori Cafe,Cafe,CBD,0.99,44.01,787,71,3124.71,358,215,143,15755.58,9462.15,6293.43,0.258653102219105,0.417162339389324,0.3,16,4.72,674.96,1012.98,381.04,228.84,1365.27,0.1,0.5,0.3,0.2,34635.87,2988.13,3.796861499364676,0.45489199491740784,0.2731893265565438,0.18170266836086404,0.01948731185328967,0.15,0.09,0.944,3.2,779.13,0.09021601016518424,0.7280813214739517,0.08627269937206716,44.010000000000005,0.8,9.547342657342657,609.88,716,0.9097839898348158
Indian,25200,Royal Cafe,Cafe,West Auckland,1.04,36.33,807,59,2143.47,374,224,150,13587.42,8137.92,5449.5,0.244643699340522,0.411526006320491,0.29,10,2.95,442.5,736.99,731.41,438.07,1431.2,0.08,0.5,0.3,0.2,29318.309999999998,3337.67,4.1358983890954155,0.4634448574969021,0.27757125154894674,0.1858736059479554,0.015092957268000784,0.145,0.087,0.5900000000000001,2.0,839.28,0.07311028500619579,0.7410161090458489,0.11384251002189417,36.33,0.8,9.541333333333334,1169.48,748,0.9268897149938042
Indian,25564,Spice Diner,QSR,North Shore,1.03,41.64,689,56,2331.84,316,190,127,13158.24,7911.6,5288.28,0.278555665779859,0.3838096778607,0.3,6,1.77,224.79,787.31,495.21,297.75,1560.72,0.09,0.5,0.3,0.2,28689.96,3140.99,4.558766328011611,0.45863570391872277,0.2757619738751814,0.18432510885341075,0.007835145116967748,0.15,0.09,0.35400000000000004,1.2000000000000002,709.6700000000001,0.08127721335268506,0.7343976777939042,0.10948045936627307,41.64,0.8,12.289133858267716,792.96,633,0.918722786647315
Indian,25282,Royal Grill,QSR,South Auckland,1.05,36.32,842,90,3268.8,376,226,150,13656.32,8208.32,5448.0,0.225730990171432,0.44383520053234,0.28,5,1.48,222.0,1080.12,688.74,413.98,1578.2,0.12,0.5,0.3,0.2,30581.44,3761.04,4.466793349168646,0.44655581947743467,0.2684085510688836,0.17814726840855108,0.007259304990216289,0.14,0.084,0.296,1.0,884.1,0.10688836104513065,0.7149643705463183,0.12298439838019401,36.32,0.8,10.521333333333333,1102.72,752,0.8931116389548693
Indian,25324,Tandoori Grill,Full-service,South Auckland,1.05,41.93,1195,246,10314.78,474,285,190,19874.82,11950.05,7966.7,0.3501767747337,0.478179407468997,0.33,16,4.72,896.8,1770.47,-3147.3,-1892.36,470.63,0.26,0.5,0.3,0.2,50106.34999999999,-2798.56,-2.3418912133891214,0.39665271966527205,0.23849372384937242,0.15899581589958162,0.017897931100549134,0.165,0.099,0.944,3.2,1254.75,0.2058577405857741,0.6351464435146444,-0.05585240194107135,41.92999999999999,0.8,2.477,-5039.66,949,0.7941422594142259
Indian,26497,Royal Corner,Ghost Kitchen,West Auckland,1.04,34.9,1575,60,2094.0,758,454,303,26454.2,15844.6,10574.7,0.268563216878101,0.317875550244935,0.33,4,1.18,357.54,866.0,2210.55,1323.99,4015.75,0.04,0.5,0.3,0.2,54967.5,8416.29,5.343676190476191,0.4812698412698413,0.28825396825396826,0.1923809523809524,0.006504570882794379,0.165,0.099,0.236,0.8,1638.0,0.0380952380952381,0.7695238095238096,0.15311393095920317,34.9,0.8,13.253300330033003,3534.54,1515,0.9619047619047619
Indian,26215,Royal Corner,QSR,West Auckland,1.04,46.53,1575,168,7817.04,704,422,281,32757.12,19635.66,13074.93,0.255600685477257,0.415959274978377,0.31,16,4.72,1326.32,2567.43,604.04,362.08,2968.01,0.12,0.5,0.3,0.2,73284.75,6501.5599999999995,4.127974603174603,0.446984126984127,0.2679365079365079,0.1784126984126984,0.018098171857037104,0.155,0.093,0.944,3.2,1638.0,0.10666666666666666,0.714920634920635,0.08871641098591453,46.53,0.8,10.562313167259788,966.1199999999999,1407,0.8933333333333333
Indian,25933,Royal Corner,Full-service,North Shore,1.03,40.29,1196,283,11402.07,456,274,183,18372.24,11039.46,7373.07,0.365806857531425,0.46437070867978,0.31,12,3.54,647.82,1936.33,-2575.38,-1547.48,604.29,0.31,0.5,0.3,0.2,48186.840000000004,-1582.2400000000002,-1.3229431438127093,0.38127090301003347,0.22909698996655514,0.15301003344481603,0.013443919543178178,0.155,0.093,0.7080000000000001,2.4000000000000004,1231.88,0.2366220735785953,0.6103678929765886,-0.03283552106757779,40.290000000000006,0.8,3.3021311475409836,-4122.860000000001,913,0.7633779264214047
Indian,26136,Bombay Grill,Full-service,North Shore,1.03,36.46,965,239,8713.94,363,218,145,13234.98,7948.28,5286.7,0.378225913411006,0.538635544292629,0.32,12,3.54,513.3,724.46,-3134.86,-1882.64,-73.77,0.33,0.5,0.3,0.2,35183.899999999994,-4366.81,-4.52519170984456,0.3761658031088083,0.22590673575129536,0.15025906735751296,0.014589059200372899,0.16,0.096,0.7080000000000001,2.4000000000000004,993.95,0.24766839378238348,0.6020725388601037,-0.12411387026452443,36.459999999999994,0.8,-0.5087586206896552,-5017.5,726,0.7523316062176166
Indian,25855,Curry Cafe,Cafe,South Auckland,1.05,34.09,1151,95,3238.55,528,317,211,17999.52,10806.53,7192.99,0.247257538642734,0.43013094838243,0.31,3,0.89,187.79,1044.79,227.0,136.29,2132.75,0.09,0.5,0.3,0.2,39237.59,3540.83,3.0763075586446567,0.45873153779322334,0.2754126846220678,0.18331885317115554,0.00478597181937015,0.155,0.093,0.17800000000000002,0.6000000000000001,1208.55,0.08253692441355344,0.7341442224152912,0.09024076147388257,34.089999999999996,0.8,10.10781990521327,363.28999999999996,1056,0.9174630755864466
Indian,26341,Spice Kitchen,QSR,North Shore,1.03,39.46,1363,123,4853.58,620,372,248,24465.2,14679.12,9786.08,0.236265187393874,0.44987448786851,0.31,13,3.84,952.32,1523.35,94.44,56.67,2119.14,0.1,0.5,0.3,0.2,53783.98,3793.6,2.783272193690389,0.4548789435069699,0.27292736610418195,0.18195157740278795,0.017706387664133447,0.155,0.093,0.768,2.6,1403.89,0.09024211298606015,0.7278063096111518,0.07053401403168749,39.46,0.8,8.54491935483871,151.11,1240,0.9097578870139399
Indian,26382,Curry Eatery,Cafe,North Shore,1.03,33.31,485,40,1332.4,222,134,89,7394.82,4463.54,2964.59,0.251609610263258,0.42814964284189,0.3,9,2.66,236.74,426.69,149.68,90.35,712.64,0.09,0.5,0.3,0.2,16155.349999999999,1379.3600000000001,2.8440412371134025,0.45773195876288664,0.27628865979381445,0.18350515463917527,0.0146539691185892,0.15,0.09,0.532,1.8,499.55,0.08247422680412372,0.7340206185567011,0.08538100381607333,33.309999999999995,0.8,8.007191011235955,240.03,445,0.9175257731958762
Indian,26585,Curry Eatery,Full-service,West Auckland,1.04,37.19,724,149,5541.31,288,172,115,10710.72,6396.68,4276.85,0.35548200319754,0.474432263011113,0.28,3,0.89,102.35,942.5,-1177.26,-703.09,625.08,0.26,0.5,0.3,0.2,26925.559999999998,-312.77,-0.4320027624309392,0.39779005524861877,0.2375690607734807,0.1588397790055249,0.003801220847402988,0.14,0.084,0.17800000000000002,0.6000000000000001,752.96,0.20580110497237572,0.6353591160220996,-0.011616100092254349,37.19,0.8,5.435478260869566,-1880.35,575,0.7941988950276243
Indian,25495,Bombay Grill,QSR,CBD,0.99,35.13,1500,184,6463.92,658,395,263,23115.54,13876.35,9239.19,0.253726597707719,0.393319322844036,0.32,3,0.89,234.07,2281.47,761.75,457.28,3026.94,0.14,0.5,0.3,0.2,52695.0,6527.4400000000005,4.351626666666667,0.4386666666666667,0.26333333333333336,0.17533333333333334,0.004441977417212259,0.16,0.096,0.17800000000000002,0.6000000000000001,1485.0,0.12266666666666667,0.702,0.12387209412657749,35.13,0.8,11.509277566539923,1219.03,1316,0.8773333333333333
Indian,26021,Bombay Kitchen,Cafe,CBD,0.99,39.89,1474,121,4826.69,676,406,271,26965.64,16195.34,10810.19,0.217689578849822,0.424683736334555,0.32,7,2.07,560.97,1726.15,1014.63,609.38,3305.04,0.09,0.5,0.3,0.2,58797.86,6655.200000000001,4.515061058344641,0.4586160108548168,0.27544097693351427,0.18385345997286295,0.009540653350309009,0.16,0.096,0.414,1.4000000000000001,1459.26,0.08208955223880596,0.734056987788331,0.11318779288906095,39.89,0.8,12.195719557195572,1624.01,1353,0.917910447761194
Indian,26628,Curry Grill,QSR,North Shore,1.03,38.74,1300,96,3719.04,602,361,241,23321.48,13985.14,9336.34,0.216772768590599,0.414154488639906,0.3,14,4.13,995.33,1372.6,1610.88,965.99,2450.46,0.08,0.5,0.3,0.2,50362.0,6399.93,4.923023076923077,0.46307692307692305,0.2776923076923077,0.1853846153846154,0.019763512171875622,0.15,0.09,0.8260000000000001,2.8000000000000003,1339.0,0.07384615384615384,0.7407692307692306,0.12707855128867004,38.74,0.8,10.167883817427386,2576.87,1204,0.9261538461538461
Indian,26266,Royal Bistro,QSR,North Shore,1.03,40.33,674,61,2460.13,306,184,123,12340.98,7420.72,4960.59,0.215120532363653,0.359738411800936,0.29,3,0.89,109.47,1045.9,1667.77,1002.84,1999.48,0.1,0.5,0.3,0.2,27182.420000000002,5715.99,8.480697329376854,0.45400593471810086,0.27299703264094954,0.1824925816023739,0.004027235249841625,0.145,0.087,0.17800000000000002,0.6000000000000001,694.22,0.09050445103857567,0.7270029673590505,0.21028260176982033,40.330000000000005,0.8,16.255934959349595,2670.61,613,0.9094955489614244
Indian,26469,Tandoori Bistro,Cafe,West Auckland,1.04,34.65,721,77,2668.05,322,193,129,11157.3,6687.45,4469.85,0.20615260142833,0.364671457675286,0.32,11,3.25,419.25,1145.06,1218.11,730.11,1499.1,0.12,0.5,0.3,0.2,24982.65,4592.38,6.369459084604716,0.4466019417475728,0.26768377253814146,0.17891816920943135,0.016781646462645076,0.16,0.096,0.65,2.2,749.84,0.10679611650485436,0.7142857142857142,0.1838227730044651,34.65,0.8,11.62093023255814,1948.2199999999998,644,0.8932038834951457
Indian,26429,Curry House,Ghost Kitchen,West Auckland,1.04,41.83,894,50,2091.5,422,253,169,17652.26,10582.99,7069.27,0.275768244359642,0.201577129750513,0.28,8,2.36,398.84,1093.13,4283.4,2568.01,3295.95,0.06,0.5,0.3,0.2,37396.020000000004,11240.49,12.573255033557047,0.4720357941834451,0.2829977628635346,0.1890380313199105,0.010665306094070971,0.14,0.084,0.472,1.6,929.76,0.05592841163310961,0.7550335570469798,0.3005798478019853,41.830000000000005,0.8,19.50266272189349,6851.41,844,0.9440715883668904
Indian,26390,Spice Corner,QSR,West Auckland,1.04,40.26,765,81,3261.06,342,205,137,13768.92,8253.3,5515.62,0.222713766936213,0.396285373903811,0.32,15,4.43,606.91,1242.47,839.92,503.46,1494.55,0.12,0.5,0.3,0.2,30798.899999999998,4080.3999999999996,5.333856209150326,0.4470588235294118,0.2679738562091503,0.17908496732026144,0.019705573900366573,0.16,0.096,0.886,3.0,795.6,0.10588235294117648,0.7150326797385622,0.13248525109663006,40.26,0.8,10.909124087591241,1343.3799999999999,684,0.8941176470588236
Indian,25299,Tandoori Diner,QSR,South Auckland,1.05,40.89,1004,99,4048.11,452,272,181,18482.28,11122.08,7401.09,0.207066530697048,0.369789207098074,0.29,8,2.36,427.16,1712.93,2460.81,1480.84,2704.57,0.11,0.5,0.3,0.2,41053.56,8359.15,8.325846613545817,0.450199203187251,0.2709163346613546,0.1802788844621514,0.01040494417536506,0.145,0.087,0.472,1.6,1054.2,0.09860557768924304,0.7211155378486056,0.203615715665097,40.89,0.8,14.942375690607737,3941.6499999999996,905,0.901394422310757
Indian,26392,Curry Tavern,Full-service,North Shore,1.03,36.06,1655,287,10349.22,684,410,274,24665.04,14784.6,9880.44,0.369987202459015,0.495347937755287,0.28,17,5.02,1375.48,1393.68,-3584.7,-2148.72,-44.93,0.21,0.5,0.3,0.2,59679.3,-4384.67,-2.6493474320241694,0.4132930513595166,0.24773413897280966,0.16555891238670695,0.023047857464816107,0.14,0.084,1.004,3.4000000000000004,1704.65,0.17341389728096676,0.6610271903323263,-0.07347053333400358,36.06,0.8,-0.163978102189781,-5733.42,1368,0.8265861027190332
Indian,26393,Bombay Cafe,Cafe,South Auckland,1.05,36.79,1378,169,6217.51,604,363,242,22221.16,13354.77,8903.18,0.245227572824806,0.426755411108024,0.28,3,0.89,215.38,2039.45,1066.99,641.26,2705.01,0.14,0.5,0.3,0.2,50696.62,6452.71,4.6826632801161105,0.4383164005805515,0.26342525399129174,0.17561683599419448,0.004248409460038953,0.14,0.084,0.17800000000000002,0.6000000000000001,1446.9,0.12264150943396226,0.7017416545718432,0.1272808719792365,36.79,0.8,11.177727272727275,1708.25,1209,0.8773584905660378
Indian,25505,Tandoori Cafe,Cafe,South Auckland,1.05,33.54,553,45,1509.3,254,152,102,8519.16,5098.08,3421.08,0.26561315715313,0.383903538808227,0.33,16,4.72,481.44,528.98,174.5,104.43,717.59,0.09,0.5,0.3,0.2,18547.62,1525.5,2.7585895117540686,0.4593128390596745,0.27486437613019893,0.1844484629294756,0.025956969142132524,0.165,0.099,0.944,3.2,580.65,0.081374321880651,0.7341772151898734,0.08224774930691917,33.54,0.8,7.0351960784313725,278.93,508,0.918625678119349
Indian,25788,Bombay Grill,QSR,North Shore,1.03,33.36,892,116,3869.76,388,233,155,12943.68,7772.88,5170.8,0.220360619928688,0.366872822563164,0.29,16,4.72,731.6,1597.31,1589.05,954.25,1402.73,0.15,0.5,0.3,0.2,29757.120000000003,5543.34,6.214506726457399,0.4349775784753363,0.26121076233183854,0.17376681614349776,0.024585712595842607,0.145,0.087,0.944,3.2,918.76,0.13004484304932734,0.6961883408071748,0.1862861728554376,33.36,0.8,9.049870967741935,2543.3,776,0.8699551569506726
Indian,25830,Bombay Tavern,Full-service,West Auckland,1.04,36.26,786,176,6381.76,305,183,122,11059.3,6635.58,4423.72,0.398135793290567,0.490069181914441,0.28,16,4.72,575.84,713.45,-1860.23,-1116.14,-81.29,0.29,0.5,0.3,0.2,28500.36,-2344.21,-2.9824554707379134,0.3880407124681933,0.23282442748091603,0.15521628498727735,0.020204657063980946,0.14,0.084,0.944,3.2,817.44,0.22391857506361323,0.6208651399491093,-0.08225194348422266,36.26,0.8,-0.6663114754098362,-2976.37,610,0.7760814249363868
Indian,25307,Tandoori Diner,QSR,CBD,0.99,37.74,1314,130,4906.2,592,355,237,22342.08,13397.7,8944.38,0.211934431362897,0.355948929814622,0.31,10,2.95,699.15,2120.05,2728.34,1636.08,3165.87,0.11,0.5,0.3,0.2,49590.36,9650.34,7.344246575342466,0.4505327245053273,0.2701674277016743,0.18036529680365296,0.014098506241938957,0.155,0.093,0.5900000000000001,2.0,1300.86,0.0989345509893455,0.7207001522070015,0.19460112812248187,37.74,0.8,13.358101265822784,4364.42,1184,0.9010654490106544
Indian,25387,Curry Eatery,QSR,South Auckland,1.05,34.07,650,79,2691.53,286,171,114,9744.02,5825.97,3883.98,0.258222869858146,0.372453051176853,0.27,4,1.18,134.52,994.05,967.82,578.66,1299.93,0.14,0.5,0.3,0.2,22145.5,3840.46,5.9084,0.44,0.2630769230769231,0.1753846153846154,0.006074371768530853,0.135,0.081,0.236,0.8,682.5,0.12153846153846155,0.7030769230769232,0.17341943058409157,34.07,0.8,11.402894736842105,1546.48,571,0.8784615384615385
Indian,26480,Tandoori House,Full-service,CBD,0.99,35.53,1404,224,7958.72,590,354,236,20962.7,12577.62,8385.08,0.350804590468761,0.519909499539062,0.29,15,4.43,1045.48,1028.95,-3369.0,-2021.4,38.59,0.19,0.5,0.3,0.2,49884.12,-4322.860000000001,-3.078960113960114,0.4202279202279202,0.25213675213675213,0.16809116809116809,0.020958172660959038,0.145,0.087,0.886,3.0,1389.96,0.15954415954415954,0.6723646723646723,-0.08665803867042259,35.53,0.8,0.1635169491525424,-5390.4,1180,0.8404558404558404
Indian,25956,Curry Kitchen,Ghost Kitchen,North Shore,1.03,43.78,687,32,1400.96,328,196,131,14359.84,8580.88,5735.18,0.294028268253896,0.297554703603964,0.32,15,4.43,580.33,572.18,1269.65,758.7,1762.02,0.05,0.5,0.3,0.2,30076.86,4362.549999999999,6.350145560407568,0.4774381368267831,0.2852983988355167,0.19068413391557498,0.019294899800045617,0.16,0.096,0.886,3.0,707.61,0.046579330422125184,0.7627365356622999,0.1450467236273999,43.78,0.8,13.450534351145038,2028.3500000000001,655,0.9534206695778749
Indian,26238,Tandoori Grill,Full-service,West Auckland,1.04,34.76,855,202,7021.52,326,196,131,11331.76,6812.96,4553.56,0.354687712131999,0.532977459742688,0.32,6,1.77,231.87,788.76,-2353.21,-1414.81,279.65,0.31,0.5,0.3,0.2,29719.8,-2699.61,-3.1574385964912284,0.38128654970760234,0.22923976608187135,0.15321637426900586,0.007801869460763532,0.16,0.096,0.35400000000000004,1.2000000000000002,889.2,0.2362573099415205,0.6105263157894737,-0.09083540266085237,34.76,0.8,2.1347328244274806,-3768.02,653,0.7637426900584795
Indian,25068,Royal Bistro,Full-service,CBD,0.99,31.5,1811,326,10269.0,742,446,297,23373.0,14049.0,9355.5,0.374791724944953,0.466369308275171,0.29,4,1.18,350.46,1631.12,-3065.63,-1842.68,1135.56,0.22,0.5,0.3,0.2,57046.5,-2141.6300000000006,-1.1825676421866376,0.409718387631143,0.24627277747101048,0.16399779127553837,0.006143409323972548,0.145,0.087,0.236,0.8,1792.8899999999999,0.1800110436223081,0.6559911651021535,-0.03754182991068691,31.5,0.8,3.8234343434343434,-4908.31,1485,0.8199889563776919
Indian,25189,Spice Cafe,Ghost Kitchen,South Auckland,1.05,37.8,1432,41,1549.8,696,417,278,26308.8,15762.6,10508.4,0.252295297326054,0.309719776711427,0.33,8,2.36,656.08,678.79,2840.95,1702.12,3946.44,0.03,0.5,0.3,0.2,54129.6,9168.3,6.402444134078212,0.4860335195530726,0.2912011173184358,0.1941340782122905,0.012120540332830837,0.165,0.099,0.472,1.6,1503.6000000000001,0.02863128491620112,0.7772346368715084,0.16937682894386805,37.8,0.8,14.195827338129497,4543.07,1391,0.9713687150837989
Indian,25312,Curry House,Cafe,CBD,0.99,41.94,1570,168,7045.92,701,421,280,29399.94,17656.74,11743.2,0.204454137217253,0.366188482311554,0.3,16,4.72,1321.6,3025.22,3803.1,2284.03,3720.43,0.12,0.5,0.3,0.2,65845.8,12832.78,8.173745222929936,0.44649681528662416,0.2681528662420382,0.178343949044586,0.020071135896291028,0.15,0.09,0.944,3.2,1554.3,0.10700636942675158,0.7146496815286624,0.1948913977808759,41.940000000000005,0.8,13.28725,6087.13,1402,0.8929936305732484
Indian,25556,Spice Cafe,Cafe,CBD,0.99,37.68,919,83,3127.44,418,251,167,15750.24,9457.68,6292.56,0.278962976634502,0.44875985973049,0.3,11,3.25,542.75,851.53,-436.64,-262.19,1170.57,0.1,0.5,0.3,0.2,34627.92,1323.27,1.4399020674646354,0.454842219804135,0.2731229597388466,0.18171926006528838,0.015673768450429598,0.15,0.09,0.65,2.2,909.81,0.09031556039173015,0.7279651795429815,0.03821396145075997,37.68,0.8,7.00940119760479,-698.8299999999999,836,0.9096844396082698
Indian,25557,Bombay Corner,Full-service,North Shore,1.03,44.39,1425,369,16379.91,528,317,211,23437.92,14071.63,9366.29,0.374002317059785,0.462979784887284,0.3,3,0.89,187.79,2670.22,-3210.58,-1927.56,1339.08,0.35,0.5,0.3,0.2,63255.75,-1128.8400000000001,-0.7921684210526316,0.37052631578947365,0.22245614035087719,0.14807017543859652,0.002968741972073685,0.15,0.09,0.17800000000000002,0.6000000000000001,1467.75,0.25894736842105265,0.5929824561403508,-0.017845650395418602,44.39,0.8,6.346350710900474,-5138.139999999999,1056,0.7410526315789474
Indian,25275,Curry Cafe,Full-service,West Auckland,1.04,40.5,1419,206,8343.0,606,364,243,24543.0,14742.0,9841.5,0.361040137254167,0.463562854845077,0.31,12,3.54,860.22,1463.34,-3303.56,-1984.32,865.95,0.17,0.5,0.3,0.2,57469.5,-2958.59,-2.084982381959126,0.427061310782241,0.25651867512332627,0.17124735729386892,0.014968287526427062,0.155,0.093,0.7080000000000001,2.4000000000000004,1475.76,0.14517265680056377,0.6835799859055673,-0.051481046468126575,40.5,0.8,3.56358024691358,-5287.88,1213,0.8548273431994362
Indian,25438,Tandoori Corner,Cafe,North Shore,1.03,37.51,761,56,2100.56,352,212,141,13203.52,7952.12,5288.91,0.211977686174214,0.370079564861953,0.3,4,1.18,166.38,877.91,1557.26,937.89,2044.08,0.08,0.5,0.3,0.2,28545.11,5417.139999999999,7.118449408672798,0.46254927726675427,0.278580814717477,0.1852825229960578,0.00582866907852168,0.15,0.09,0.236,0.8,783.83,0.0735873850197109,0.7411300919842312,0.1897747109750146,37.51,0.8,14.497021276595744,2495.15,705,0.926412614980289
Indian,25802,Tandoori Tavern,Cafe,North Shore,1.03,38.72,930,114,4414.08,408,245,163,15797.76,9486.4,6311.36,0.223570773955435,0.42723926785402,0.32,18,5.31,865.53,1541.35,461.14,276.91,1338.33,0.14,0.5,0.3,0.2,36009.6,3617.7299999999996,3.8900322580645157,0.43870967741935485,0.26344086021505375,0.17526881720430107,0.02403609037589976,0.16,0.096,1.062,3.6,957.9,0.12258064516129033,0.7021505376344086,0.1004657091442282,38.72,0.8,8.210613496932515,738.05,816,0.8774193548387097
Indian,25076,Royal Eatery,QSR,CBD,0.99,34.16,1389,114,3894.24,638,382,255,21794.08,13049.12,8710.8,0.25112802170217,0.394247443974018,0.3,10,2.95,752.25,1380.99,1190.49,712.8,2336.81,0.09,0.5,0.3,0.2,47448.240000000005,5621.09,4.04686105111591,0.4593232541396688,0.27501799856011516,0.18358531317494597,0.015854118087414833,0.15,0.09,0.5900000000000001,2.0,1375.11,0.08207343412526996,0.734341252699784,0.11846782936521986,34.160000000000004,0.8,9.163960784313725,1903.29,1275,0.91792656587473
Indian,25522,Tandoori Grill,Cafe,West Auckland,1.04,43.9,883,108,4741.2,388,232,155,17033.2,10184.8,6804.5,0.251194011364132,0.351942593744025,0.27,10,2.95,457.25,1881.61,2160.89,1292.08,2243.21,0.14,0.5,0.3,0.2,38763.7,7577.79,8.581868629671574,0.43941109852774635,0.2627406568516421,0.1755379388448471,0.011795829603469227,0.135,0.081,0.5900000000000001,2.0,918.32,0.12231030577576445,0.7021517553793885,0.195486756940127,43.9,0.8,14.472322580645162,3452.97,775,0.8776896942242356
Indian,26694,Spice Tavern,Ghost Kitchen,CBD,0.99,36.2,1373,89,3221.8,642,385,257,23240.4,13937.0,9303.4,0.284615032421425,0.261543587490451,0.31,6,1.77,454.89,1462.19,3342.93,2004.72,3767.38,0.07,0.5,0.3,0.2,49702.6,10577.220000000001,7.7037290604515665,0.4675892206846322,0.28040786598689005,0.18718135469774216,0.009152237508701758,0.155,0.093,0.35400000000000004,1.2000000000000002,1359.27,0.06482155863073562,0.7479970866715223,0.21281019504009854,36.199999999999996,0.8,14.659066147859923,5347.65,1284,0.9351784413692644
Indian,25361,Bombay Corner,QSR,North Shore,1.03,42.27,1565,167,7059.09,699,419,280,29546.73,17711.13,11835.6,0.253019167240709,0.44921028285753,0.3,15,4.43,1240.4,2101.99,-65.87,-39.49,2283.89,0.12,0.5,0.3,0.2,66152.55,4280.5199999999995,2.7351565495207666,0.44664536741214056,0.26773162939297124,0.17891373801916932,0.018750599939080202,0.15,0.09,0.886,3.0,1611.95,0.10670926517571885,0.7143769968051118,0.06470680268561074,42.27,0.8,8.156749999999999,-105.36000000000001,1398,0.8932907348242811
Indian,25686,Spice Tavern,Cafe,West Auckland,1.04,37.66,510,46,1732.36,232,139,93,8737.12,5234.74,3502.38,0.200643322840333,0.435225071781315,0.29,15,4.43,411.99,630.81,647.7,388.06,863.34,0.1,0.5,0.3,0.2,19206.600000000002,2529.91,4.960607843137255,0.4549019607843137,0.2725490196078431,0.18235294117647058,0.021450438911624126,0.145,0.087,0.886,3.0,530.4,0.09019607843137253,0.7274509803921568,0.13172086678537584,37.660000000000004,0.8,9.283225806451613,1035.76,464,0.9098039215686274
Indian,25363,Curry Grill,Ghost Kitchen,West Auckland,1.04,36.03,1494,110,3963.3,692,415,277,24932.76,14952.45,9980.31,0.288230658089742,0.203706220642198,0.31,10,2.95,817.15,2013.61,4938.26,2961.53,4253.48,0.08,0.5,0.3,0.2,53828.81999999999,14166.88,9.48251673360107,0.463186077643909,0.27777777777777785,0.18540829986613122,0.015180529686513657,0.155,0.093,0.5900000000000001,2.0,1553.76,0.07362784471218208,0.7409638554216869,0.26318392266447604,36.029999999999994,0.8,15.35552346570397,7899.790000000001,1384,0.9263721552878179
Indian,25688,Curry Eatery,QSR,West Auckland,1.04,31.25,503,49,1531.25,227,136,91,7093.75,4250.0,2843.75,0.230203204471618,0.411707649985328,0.31,18,5.31,483.21,548.32,341.13,204.38,535.11,0.11,0.5,0.3,0.2,15718.75,1628.94,3.2384493041749502,0.45129224652087474,0.27037773359840955,0.18091451292246521,0.03074099403578529,0.155,0.093,1.062,3.6,523.12,0.09741550695825049,0.7216699801192843,0.10363037773359841,31.25,0.8,5.880329670329671,545.51,454,0.9025844930417495
Indian,26620,Royal Cafe,QSR,West Auckland,1.04,31.34,644,53,1661.02,296,177,118,9276.64,5547.18,3698.12,0.220129707790911,0.444765468081459,0.32,5,1.48,174.64,556.62,140.12,83.79,1064.62,0.09,0.5,0.3,0.2,20182.96,1845.1499999999999,2.8651397515527948,0.45962732919254656,0.27484472049689446,0.18322981366459629,0.008652843785054322,0.16,0.096,0.296,1.0,669.76,0.08229813664596274,0.734472049689441,0.09142117905401388,31.34,0.8,9.022203389830507,223.91000000000003,591,0.9177018633540373
Indian,25042,Bombay Diner,Cafe,North Shore,1.03,40.89,1486,182,7441.98,652,391,261,26660.28,15987.99,10672.29,0.264747702013701,0.412279210542329,0.31,5,1.48,386.28,2403.56,345.87,207.41,3060.58,0.14,0.5,0.3,0.2,60762.53999999999,6017.42,4.049407806191117,0.4387617765814267,0.2631224764468372,0.17563930013458953,0.00635720626557086,0.155,0.093,0.296,1.0,1530.58,0.1224764468371467,0.7018842530282638,0.09903173896285443,40.88999999999999,0.8,11.726360153256705,553.28,1304,0.8775235531628532
Indian,26177,Curry Kitchen,Full-service,South Auckland,1.05,40.9,1695,246,10061.4,724,435,290,29611.6,17791.5,11861.0,0.35075317309238,0.517579286312684,0.32,15,4.43,1284.7,1324.76,-5576.83,-3350.72,277.01,0.17,0.5,0.3,0.2,69325.5,-7325.779999999999,-4.321994100294985,0.4271386430678466,0.25663716814159293,0.1710914454277286,0.0185314206172332,0.16,0.096,0.886,3.0,1779.75,0.14513274336283186,0.6837758112094395,-0.10567222739107542,40.9,0.8,0.9552068965517241,-8927.55,1449,0.8548672566371681
Indian,25652,Spice Corner,Ghost Kitchen,West Auckland,1.04,45.92,756,49,2250.08,354,212,141,16255.68,9735.04,6474.72,0.268270264845341,0.274301106890198,0.32,3,0.89,125.49,1029.25,2234.0,1337.87,2836.23,0.07,0.5,0.3,0.2,34715.520000000004,7437.35,9.83776455026455,0.4682539682539682,0.2804232804232804,0.18650793650793648,0.0036148097450362255,0.16,0.096,0.17800000000000002,0.6000000000000001,786.24,0.06481481481481481,0.7486772486772486,0.21423703288903637,45.92000000000001,0.8,20.115106382978723,3571.87,707,0.9351851851851852
Indian,26381,Royal Corner,Cafe,South Auckland,1.05,37.89,1398,103,3902.67,648,388,259,24552.72,14701.32,9813.51,0.246869681980461,0.438132131262682,0.31,5,1.48,383.32,1229.33,122.72,73.48,2707.92,0.08,0.5,0.3,0.2,52970.22,4133.45,2.9566881258941344,0.463519313304721,0.2775393419170243,0.18526466380543632,0.007236518934601366,0.155,0.093,0.296,1.0,1467.9,0.0736766809728183,0.7410586552217453,0.07803346861689454,37.89,0.8,10.455289575289575,196.2,1295,0.9263233190271817
Indian,26301,Royal Corner,QSR,North Shore,1.03,38.12,942,115,4383.8,414,248,165,15781.68,9453.76,6289.8,0.268955820500851,0.372937139170244,0.31,8,2.36,389.4,1569.87,759.21,454.79,1863.02,0.14,0.5,0.3,0.2,35909.04,4646.889999999999,4.933004246284501,0.4394904458598726,0.2632696390658174,0.1751592356687898,0.010844066006777123,0.155,0.093,0.472,1.6,970.26,0.12208067940552017,0.7027600849256901,0.12940724675457765,38.12,0.8,11.291030303030302,1214.0,827,0.8779193205944799
Indian,25655,Curry Corner,Full-service,West Auckland,1.04,40.72,994,179,7288.88,408,244,163,16613.76,9935.68,6637.36,0.388945355406031,0.5055928963935,0.31,11,3.25,529.75,768.7,-3398.15,-2032.23,170.24,0.22,0.5,0.3,0.2,40475.68,-4491.4400000000005,-4.518551307847083,0.4104627766599597,0.2454728370221328,0.16398390342052313,0.01308810624058694,0.155,0.093,0.65,2.2,1033.76,0.18008048289738432,0.6559356136820925,-0.11096638771726629,40.72,0.8,1.0444171779141105,-5430.38,815,0.8199195171026157
Indian,25777,Bombay Grill,Cafe,West Auckland,1.04,33.33,1588,157,5232.81,716,429,286,23864.28,14298.57,9532.38,0.230246922746301,0.388176342844963,0.28,6,1.77,506.22,1996.72,2424.06,1452.4,3131.11,0.11,0.5,0.3,0.2,52928.04,9004.29,5.670207808564232,0.45088161209068006,0.2701511335012594,0.18010075566750627,0.009564306556600245,0.14,0.084,0.35400000000000004,1.2000000000000002,1651.52,0.09886649874055416,0.7210327455919395,0.17012324658158512,33.33,0.8,10.947937062937063,3876.46,1431,0.9011335012594458
Indian,25090,Curry Diner,QSR,West Auckland,1.04,43.56,927,113,4922.28,407,244,163,17728.92,10628.64,7100.28,0.205600580256432,0.412046377081424,0.32,5,1.48,241.24,1882.05,1105.45,662.73,2473.57,0.14,0.5,0.3,0.2,40380.119999999995,6123.8,6.60604099244876,0.43905070118662354,0.2632146709816613,0.17583603020496225,0.005974226921564374,0.16,0.096,0.296,1.0,964.08,0.12189859762675298,0.7022653721682848,0.15165383361911755,43.559999999999995,0.8,15.175276073619633,1768.18,814,0.8781014023732471
Indian,25939,Curry Cafe,Full-service,CBD,0.99,32.69,772,123,4020.87,324,195,130,10591.56,6374.55,4249.7,0.352214366337284,0.485965327802114,0.32,10,2.95,383.5,650.66,-1675.37,-1008.32,304.19,0.19,0.5,0.3,0.2,25236.68,-1728.8400000000001,-2.2394300518134718,0.41968911917098445,0.25259067357512954,0.16839378238341968,0.015196135149314411,0.16,0.096,0.5900000000000001,2.0,764.28,0.1593264248704663,0.672279792746114,-0.0685050490001062,32.69,0.8,2.339923076923077,-2683.69,649,0.8406735751295337
Indian,25337,Spice House,Full-service,West Auckland,1.04,32.02,1469,356,11399.12,556,334,223,17803.12,10694.68,7140.46,0.379499956371728,0.494955799099989,0.31,7,2.07,461.61,1431.09,-3283.89,-1972.7,434.83,0.32,0.5,0.3,0.2,47037.38,-3390.67,-2.308148400272294,0.37848876786929886,0.22736555479918313,0.15180394826412527,0.009813684350616468,0.155,0.093,0.414,1.4000000000000001,1527.76,0.24234172906739282,0.6058543226684819,-0.07208458464310726,32.019999999999996,0.8,1.9499103139013452,-5256.59,1113,0.7576582709326072
Indian,25336,Tandoori Diner,Cafe,West Auckland,1.04,40.5,1264,155,6277.5,554,333,222,22437.0,13486.5,8991.0,0.246210811920464,0.365804946655408,0.32,13,3.84,852.48,2435.57,1525.36,916.87,2635.89,0.14,0.5,0.3,0.2,51192.0,7513.6900000000005,5.944375,0.43829113924050633,0.2634493670886076,0.17563291139240506,0.016652601969057667,0.16,0.096,0.768,2.6,1314.56,0.12262658227848101,0.7017405063291139,0.1467746913580247,40.5,0.8,11.873378378378378,2442.23,1109,0.877373417721519
Indian,25862,Curry Corner,QSR,South Auckland,1.05,31.86,563,69,2198.34,247,148,99,7869.42,4715.28,3154.14,0.215387890022248,0.441896405839361,0.31,13,3.84,380.16,753.41,257.45,154.26,700.81,0.14,0.5,0.3,0.2,17937.18,1865.9299999999998,3.3142628774422733,0.43872113676731794,0.2628774422735346,0.1758436944937833,0.021193966944636784,0.155,0.093,0.768,2.6,591.15,0.12255772646536413,0.7015985790408527,0.10402582791720882,31.86,0.8,7.078888888888888,411.71,494,0.8774422735346359
Indian,25218,Curry Eatery,Cafe,CBD,0.99,41.8,937,77,3218.6,430,258,172,17974.0,10784.4,7189.6,0.250285366009921,0.379183530481532,0.29,6,1.77,304.44,1192.59,1447.47,868.48,2359.53,0.09,0.5,0.3,0.2,39166.6,5868.07,6.262614727854856,0.4589114194236927,0.2753468516542156,0.18356456776947708,0.007772949400764938,0.145,0.087,0.35400000000000004,1.2000000000000002,927.63,0.08217716115261472,0.7342582710779083,0.1498233188482023,41.8,0.8,13.718197674418606,2315.95,860,0.9178228388473852
Indian,25582,Tandoori Bistro,Full-service,South Auckland,1.05,32.71,1886,435,14228.85,726,435,290,23747.46,14228.85,9485.9,0.372665001999121,0.530481758853421,0.28,16,4.72,1368.8,1378.11,-4349.27,-2605.97,-450.06,0.3,0.5,0.3,0.2,61691.06,-6027.190000000001,-3.1957529162248153,0.38494167550371156,0.23064687168610817,0.1537645811240721,0.02218797991151392,0.14,0.084,0.944,3.2,1980.3000000000002,0.23064687168610817,0.6155885471898197,-0.09769956943518236,32.71,0.8,-1.5519310344827586,-6955.24,1451,0.7693531283138918
Indian,26674,Royal House,Full-service,West Auckland,1.04,45.84,1776,308,14118.72,734,440,294,33646.56,20169.6,13476.96,0.383812814799603,0.532299350085668,0.27,8,2.36,693.84,1184.39,-6262.03,-3753.81,436.71,0.21,0.5,0.3,0.2,81411.84,-8394.74,-4.726768018018018,0.4132882882882883,0.24774774774774774,0.16554054054054054,0.008522593273902175,0.135,0.081,0.472,1.6,1847.04,0.17342342342342343,0.661036036036036,-0.10311448555885729,45.839999999999996,0.8,1.485408163265306,-10015.84,1468,0.8265765765765766
Indian,26312,Royal Corner,Cafe,CBD,0.99,40.75,1329,131,5338.25,599,359,240,24409.25,14629.25,9780.0,0.239654354639351,0.370142450649291,0.3,10,2.95,708.0,2083.0,2201.79,1319.61,3108.19,0.11,0.5,0.3,0.2,54156.75,8712.59,6.555748683220466,0.4507148231753198,0.27012791572610984,0.18058690744920994,0.01307316262515753,0.15,0.09,0.5900000000000001,2.0,1315.71,0.09857035364936043,0.7208427389014297,0.16087726829988874,40.75,0.8,12.950791666666667,3521.3999999999996,1198,0.9014296463506396
Indian,26555,Tandoori Tavern,Cafe,South Auckland,1.05,41.1,1048,120,4932.0,464,278,186,19070.4,11425.8,7644.6,0.238788859136403,0.395165687031113,0.29,18,5.31,987.66,1805.34,1450.22,868.88,1810.61,0.13,0.5,0.3,0.2,43072.799999999996,5935.049999999999,5.663215648854961,0.4427480916030535,0.2652671755725191,0.17748091603053437,0.022930016158689476,0.145,0.087,1.062,3.6,1100.4,0.11450381679389314,0.7080152671755726,0.13779113500863654,41.099999999999994,0.8,9.734462365591398,2319.1,928,0.8854961832061069
Indian,25103,Royal Tavern,Cafe,South Auckland,1.05,44.19,481,55,2430.45,213,128,85,9412.47,5656.32,3756.15,0.247696290276945,0.385943020856939,0.31,15,4.43,376.55,890.42,530.49,318.79,999.56,0.13,0.5,0.3,0.2,21255.39,2739.2599999999998,5.694927234927235,0.4428274428274428,0.2661122661122661,0.17671517671517672,0.017715506513877186,0.155,0.093,0.886,3.0,505.05,0.11434511434511434,0.7089397089397089,0.12887366451521237,44.19,0.8,11.759529411764705,849.28,426,0.8856548856548857
Indian,26597,Spice Tavern,Cafe,CBD,0.99,44.0,970,119,5236.0,426,255,170,18744.0,11220.0,7480.0,0.202396530248225,0.363575630681589,0.27,15,4.43,753.1,2272.57,3074.54,1840.39,2493.43,0.14,0.5,0.3,0.2,42680.0,9680.93,9.980340206185568,0.43917525773195876,0.26288659793814434,0.17525773195876287,0.017645267104029992,0.135,0.081,0.886,3.0,960.3,0.12268041237113401,0.702061855670103,0.22682591377694472,44.0,0.8,14.667235294117646,4914.93,851,0.877319587628866
Indian,25345,Tandoori Kitchen,Cafe,CBD,0.99,30.42,551,67,2038.14,242,145,97,7361.64,4410.9,2950.74,0.234786411654204,0.443164036958478,0.3,4,1.18,114.46,656.38,162.32,97.26,835.82,0.14,0.5,0.3,0.2,16761.42,1751.7800000000002,3.1792740471869334,0.4392014519056262,0.2631578947368421,0.17604355716878403,0.006828777036790439,0.15,0.09,0.236,0.8,545.49,0.12159709618874776,0.7023593466424684,0.10451262482534299,30.419999999999998,0.8,8.616701030927835,259.58,484,0.8784029038112523
Indian,25507,Bombay Bistro,Cafe,North Shore,1.03,41.47,506,62,2571.14,222,133,89,9206.34,5515.51,3690.83,0.263065988197923,0.449756935448386,0.27,13,3.84,341.76,738.37,158.14,94.74,718.16,0.14,0.5,0.3,0.2,20983.82,1709.4099999999999,3.378280632411067,0.43873517786561267,0.2628458498023716,0.17588932806324112,0.016286834332357024,0.135,0.081,0.768,2.6,521.1800000000001,0.1225296442687747,0.7015810276679842,0.08146324167858854,41.47,0.8,8.069213483146067,252.88,444,0.8774703557312253
Indian,25064,Curry Kitchen,QSR,South Auckland,1.05,39.79,1108,144,5729.76,482,289,193,19178.78,11499.31,7679.47,0.274862326569855,0.387011474813335,0.29,16,4.72,910.96,1937.38,923.0,553.42,1685.67,0.15,0.5,0.3,0.2,44087.32,5099.47,4.602409747292419,0.4350180505415162,0.2608303249097473,0.17418772563176896,0.020662630434328963,0.145,0.087,0.944,3.2,1163.4,0.12996389891696752,0.6958483754512634,0.11566749804705753,39.79,0.8,8.734041450777202,1476.42,964,0.8700361010830325
Indian,25913,Bombay Bistro,Full-service,North Shore,1.03,39.72,1516,220,8738.4,648,389,259,25738.56,15451.08,10287.48,0.383225433982443,0.51841914053075,0.27,5,1.48,383.32,859.47,-4417.88,-2652.09,628.51,0.17,0.5,0.3,0.2,60215.520000000004,-5581.99,-3.682051451187335,0.42744063324538256,0.25659630606860157,0.170844327176781,0.006365800710514498,0.135,0.081,0.296,1.0,1561.48,0.14511873350923482,0.6840369393139841,-0.0927001875928332,39.720000000000006,0.8,2.426679536679537,-7069.97,1296,0.8548812664907651
Indian,26333,Curry Bistro,Cafe,South Auckland,1.05,39.15,1282,147,5755.05,568,340,227,22237.2,13311.0,8887.05,0.230716460198164,0.444402274116874,0.27,14,4.13,937.51,1869.71,1220.41,730.52,1949.73,0.13,0.5,0.3,0.2,50190.3,5770.37,4.50106864274571,0.44305772230889234,0.26521060842433697,0.17706708268330731,0.018679107317549407,0.135,0.081,0.8260000000000001,2.8000000000000003,1346.1000000000001,0.11466458658346333,0.7082683307332293,0.1149698248466337,39.150000000000006,0.8,8.589118942731277,1950.93,1135,0.8853354134165367
Indian,26401,Tandoori House,QSR,South Auckland,1.05,39.1,510,37,1446.7,236,142,95,9227.6,5552.2,3714.5,0.204883327204734,0.423674208926968,0.31,13,3.84,364.8,537.37,566.97,341.14,1014.92,0.08,0.5,0.3,0.2,19941.0,2460.4,4.824313725490196,0.4627450980392157,0.2784313725490196,0.18627450980392157,0.01829396720324959,0.155,0.093,0.768,2.6,535.5,0.07254901960784314,0.7411764705882352,0.12338398274910987,39.1,0.8,10.68336842105263,908.11,473,0.9274509803921569
Indian,25270,Royal Grill,Cafe,North Shore,1.03,44.24,1636,148,6547.52,744,446,298,32914.56,19731.04,13183.52,0.228769693505019,0.427074353815988,0.27,7,2.07,616.86,2253.37,2440.81,1463.17,3920.33,0.1,0.5,0.3,0.2,72376.64,10077.68,6.159951100244499,0.4547677261613692,0.2726161369193154,0.1821515892420538,0.008522915681081631,0.135,0.081,0.414,1.4000000000000001,1685.0800000000002,0.09046454767726161,0.7273838630806846,0.1392394010001017,44.24,0.8,13.155469798657718,3903.98,1488,0.9095354523227384
Indian,25959,Tandoori House,Cafe,North Shore,1.03,32.04,524,60,1922.4,232,139,93,7433.28,4453.56,2979.72,0.219312045294791,0.381069437088445,0.27,4,1.18,109.74,768.23,963.49,577.26,1081.01,0.13,0.5,0.3,0.2,16788.960000000003,3389.99,6.469446564885496,0.44274809160305334,0.26526717557251905,0.1774809160305343,0.006536438230837406,0.135,0.081,0.236,0.8,539.72,0.11450381679389311,0.7080152671755724,0.2019178078928057,32.040000000000006,0.8,11.623763440860214,1540.75,464,0.8854961832061069
Indian,26445,Bombay Grill,Full-service,West Auckland,1.04,42.58,1038,158,6727.64,440,264,176,18735.2,11241.12,7494.08,0.395378248509951,0.512961703492329,0.32,6,1.77,311.52,616.66,-4277.99,-2566.8,375.39,0.18,0.5,0.3,0.2,44198.04,-5852.74,-5.638477842003853,0.42389210019267826,0.254335260115607,0.16955684007707128,0.007048276348905969,0.16,0.096,0.35400000000000004,1.2000000000000002,1079.52,0.15221579961464354,0.6782273603082851,-0.13242080418045687,42.58,0.8,2.132897727272727,-6844.79,880,0.8477842003853564
Indian,26689,Tandoori Cafe,Full-service,North Shore,1.03,42.48,927,191,8113.68,368,221,147,15632.64,9388.08,6244.56,0.355269491649233,0.45088061185088,0.33,18,5.31,780.57,1572.84,-2128.39,-1278.19,429.94,0.26,0.5,0.3,0.2,39378.96,-1403.8,-1.5143473570658037,0.3969795037756203,0.238403451995685,0.15857605177993528,0.01982200647249191,0.165,0.099,1.062,3.6,954.8100000000001,0.20604099244875945,0.6353829557713053,-0.03564847827367711,42.48,0.8,2.9247619047619047,-3406.58,736,0.7939590075512406
Indian,26285,Bombay Corner,Cafe,CBD,0.99,31.62,1649,189,5976.18,730,438,292,23082.6,13849.56,9233.04,0.26230069629848,0.39293724889867,0.3,8,2.36,689.12,2060.36,1033.22,619.93,2494.08,0.13,0.5,0.3,0.2,52141.38,6207.59,3.7644572468162525,0.4426925409338993,0.2656155245603396,0.17707701637355977,0.013216374403592693,0.15,0.09,0.472,1.6,1632.51,0.11461491813220134,0.7083080654942389,0.11905304385883152,31.619999999999997,0.8,8.5413698630137,1653.15,1460,0.8853850818677986
Indian,25479,Curry Bistro,QSR,North Shore,1.03,39.98,641,68,2718.64,286,172,115,11434.28,6876.56,4597.7,0.265662389323115,0.358416500827298,0.29,4,1.18,135.7,1021.99,982.45,590.84,1592.67,0.12,0.5,0.3,0.2,25627.18,4187.950000000001,6.533463338533543,0.4461778471138846,0.2683307332293292,0.17940717628705147,0.005295159280108072,0.145,0.087,0.236,0.8,660.23,0.10608424336973478,0.7145085803432137,0.16341829260964338,39.980000000000004,0.8,13.849304347826088,1573.29,573,0.8939157566302652
Indian,26207,Bombay Eatery,QSR,CBD,0.99,38.65,604,74,2860.1,265,159,106,10242.25,6145.35,4096.9,0.257352492902428,0.40286834645085,0.32,16,4.72,500.32,971.8,202.58,121.55,891.72,0.14,0.5,0.3,0.2,23344.6,2187.6499999999996,3.6219370860927147,0.43874172185430466,0.2632450331125828,0.17549668874172186,0.021431937150347406,0.16,0.096,0.944,3.2,597.96,0.12251655629139073,0.7019867549668874,0.09371117945906118,38.65,0.8,8.412452830188679,324.13,530,0.8774834437086093
Indian,25724,Spice House,Ghost Kitchen,South Auckland,1.05,41.71,1373,113,4713.23,630,378,252,26277.3,15766.38,10510.92,0.266961202840321,0.253399959648959,0.28,7,2.07,521.64,2260.65,5245.97,3147.58,4519.81,0.09,0.5,0.3,0.2,57267.829999999994,15174.010000000002,11.051718863801895,0.45884923525127463,0.2753095411507648,0.18353969410050985,0.009108778872885527,0.14,0.084,0.414,1.4000000000000001,1441.65,0.08230152949745084,0.7341587764020394,0.2649656884152936,41.709999999999994,0.8,17.93575396825397,8393.55,1260,0.9176984705025492
Indian,25238,Spice Bistro,Full-service,CBD,0.99,32.21,485,87,2802.27,199,119,80,6409.79,3832.99,2576.8,0.351886709034443,0.498530267947353,0.29,9,2.66,212.8,419.17,-900.04,-538.22,172.65,0.22,0.5,0.3,0.2,15621.849999999999,-846.4399999999999,-1.7452371134020617,0.4103092783505155,0.24536082474226806,0.16494845360824745,0.013621946184350767,0.145,0.087,0.532,1.8,480.15,0.1793814432989691,0.6556701030927835,-0.05418308330959522,32.209999999999994,0.8,2.158125,-1438.26,398,0.8206185567010309
Indian,26492,Curry Eatery,QSR,North Shore,1.03,37.39,940,122,4561.58,409,245,164,15292.51,9160.55,6131.96,0.224889688119292,0.40166338889394,0.29,9,2.66,436.24,1703.51,1276.11,764.42,1853.72,0.15,0.5,0.3,0.2,35146.6,5597.76,5.9550638297872345,0.43510638297872345,0.26063829787234044,0.17446808510638298,0.012412011403663513,0.145,0.087,0.532,1.8,968.2,0.12978723404255318,0.6957446808510638,0.15926889087422397,37.39,0.8,11.303170731707317,2040.5299999999997,818,0.8702127659574468
Indian,25320,Tandoori Corner,Full-service,South Auckland,1.05,34.11,1716,416,14189.76,650,390,260,22171.5,13302.9,8868.6,0.359559498040471,0.476637484016828,0.27,17,5.02,1305.2,2324.33,-2354.55,-1412.73,147.5,0.32,0.5,0.3,0.2,58532.76,-1295.4500000000003,-0.7549242424242426,0.3787878787878788,0.22727272727272727,0.15151515151515152,0.02229862388173734,0.135,0.081,1.004,3.4000000000000004,1801.8000000000002,0.24242424242424243,0.6060606060606061,-0.022132050496166594,34.11,0.8,0.5673076923076923,-3767.28,1300,0.7575757575757576
Indian,26399,Curry Diner,QSR,West Auckland,1.04,33.57,1622,160,5371.2,731,439,292,24539.67,14737.23,9802.44,0.258429350443184,0.361078180908225,0.29,15,4.43,1293.56,2043.7,2220.66,1333.61,2436.19,0.11,0.5,0.3,0.2,54450.54,8034.16,4.95324290998767,0.4506781750924784,0.27065351418002465,0.18002466091245375,0.02375660553595979,0.145,0.087,0.886,3.0,1686.88,0.09864364981504316,0.721331689272503,0.14754968453940034,33.57,0.8,8.343116438356164,3554.2699999999995,1462,0.9013563501849569
Indian,25767,Tandoori Eatery,QSR,CBD,0.99,30.55,1366,112,3421.6,627,376,251,19154.85,11486.8,7668.05,0.277970379982144,0.371558752236888,0.29,8,2.36,592.36,1199.17,1158.31,694.62,2095.07,0.09,0.5,0.3,0.2,41731.3,5147.17,3.768060029282577,0.45900439238652996,0.27525622254758414,0.18374816983894582,0.014194621303434112,0.145,0.087,0.472,1.6,1352.34,0.08199121522693996,0.7342606149341141,0.12334075382267026,30.55,0.8,8.346892430278885,1852.9299999999998,1254,0.91800878477306
Indian,25404,Curry Kitchen,Cafe,CBD,0.99,39.42,1547,127,5006.34,710,426,284,27988.2,16792.92,11195.28,0.205401578303427,0.443159784423187,0.28,14,4.13,1172.92,1759.42,1999.44,1199.66,2761.53,0.09,0.5,0.3,0.2,60982.74,7720.050000000001,4.990336134453782,0.4589528118939884,0.275371687136393,0.18358112475759536,0.019233638895202153,0.14,0.084,0.8260000000000001,2.8000000000000003,1531.53,0.08209437621202327,0.7343244990303813,0.12659401660207464,39.42,0.8,9.723697183098592,3199.1000000000004,1420,0.9179056237879767
Indian,25202,Bombay Corner,Ghost Kitchen,North Shore,1.03,40.04,1418,92,3683.68,663,398,265,26546.52,15935.92,10610.6,0.291234462964348,0.259023642307147,0.3,18,5.31,1407.15,1656.71,3975.13,2386.27,3364.88,0.07,0.5,0.3,0.2,56776.72,11382.990000000002,8.027496473906913,0.4675599435825106,0.28067700987306066,0.18688293370944994,0.024783925524405073,0.15,0.09,1.062,3.6,1460.54,0.06488011283497884,0.7482369534555713,0.20048692492275005,40.04,0.8,12.69766037735849,6361.4,1326,0.9351198871650211
Indian,25325,Tandoori Grill,QSR,West Auckland,1.04,34.01,1213,89,3026.89,562,337,225,19113.62,11461.37,7652.25,0.279793931487948,0.408069194294512,0.27,6,1.77,398.25,944.8,805.39,482.95,1990.3,0.08,0.5,0.3,0.2,41254.13,4223.44,3.481813685078318,0.46331409727947237,0.2778235779060182,0.18549051937345426,0.009653578926522023,0.135,0.081,0.35400000000000004,1.2000000000000002,1261.52,0.07337180544105523,0.7411376751854906,0.10237617421576943,34.01,0.8,8.845777777777778,1288.34,1124,0.9266281945589447
Indian,26621,Tandoori Eatery,QSR,CBD,0.99,40.33,628,72,2903.76,278,167,111,11211.74,6735.11,4476.63,0.26501995574683,0.399025585385971,0.33,16,4.72,523.92,975.53,66.76,40.1,980.02,0.13,0.5,0.3,0.2,25327.24,2062.41,3.2840923566878977,0.44267515923566875,0.2659235668789809,0.1767515923566879,0.020686028165721963,0.165,0.099,0.944,3.2,621.72,0.11464968152866242,0.7085987261146496,0.08143050723252908,40.330000000000005,0.8,8.82900900900901,106.86000000000001,556,0.8853503184713376
Indian,26096,Spice Grill,Full-service,South Auckland,1.05,45.37,1762,229,10389.73,766,460,307,34753.42,20870.2,13928.59,0.373291050165426,0.50635389033705,0.28,6,1.77,543.39,1250.46,-5548.21,-3331.82,1132.99,0.15,0.5,0.3,0.2,79941.93999999999,-6496.58,-3.687048808172531,0.4347332576617481,0.261066969353008,0.17423382519863795,0.006797308146387241,0.14,0.084,0.35400000000000004,1.2000000000000002,1850.1000000000001,0.12996594778660614,0.695800227014756,-0.08126622896567184,45.36999999999999,0.8,3.6905211726384364,-8880.03,1533,0.8700340522133939
Indian,26097,Royal Grill,Ghost Kitchen,West Auckland,1.04,38.59,633,57,2199.63,288,173,115,11113.92,6676.07,4437.85,0.283717413037084,0.223925864184275,0.28,7,2.07,238.05,1083.0,2360.12,1417.71,1946.96,0.1,0.5,0.3,0.2,24427.47,6807.79,10.75480252764613,0.4549763033175355,0.273301737756714,0.18167456556082148,0.009745176229875628,0.14,0.084,0.414,1.4000000000000001,658.32,0.09004739336492891,0.7282780410742495,0.2786940276663936,38.59,0.8,16.93008695652174,3777.83,576,0.909952606635071
Indian,26219,Royal Kitchen,QSR,North Shore,1.03,36.34,1293,128,4651.52,582,350,233,21149.88,12719.0,8467.22,0.273164425063878,0.437278969050385,0.31,15,4.43,1032.19,1346.88,-432.38,-260.02,1419.55,0.11,0.5,0.3,0.2,46987.62,2074.03,1.6040448569218873,0.45011600928074247,0.27068832173240526,0.18020108275328692,0.021967275635582307,0.155,0.093,0.886,3.0,1331.79,0.09899458623356536,0.7208043310131478,0.04413992451628748,36.34,0.8,6.092489270386266,-692.4,1165,0.9010054137664346
Indian,25047,Tandoori Eatery,QSR,West Auckland,1.04,44.82,734,78,3495.96,328,197,131,14700.96,8829.54,5871.42,0.244568080697209,0.403566297888756,0.32,14,4.13,541.03,1230.11,468.46,281.36,1524.92,0.12,0.5,0.3,0.2,32897.88,3504.85,4.7749999999999995,0.44686648501362397,0.2683923705722071,0.17847411444141692,0.016445740576596427,0.16,0.096,0.8260000000000001,2.8000000000000003,763.36,0.10626702997275206,0.7152588555858311,0.106537260151718,44.81999999999999,0.8,11.640610687022901,749.8199999999999,656,0.8937329700272479
Indian,25697,Royal House,QSR,South Auckland,1.05,41.5,883,87,3610.5,398,239,159,16517.0,9918.5,6598.5,0.220556069426239,0.42173113625031,0.31,17,5.02,798.18,1291.52,788.07,473.24,1562.19,0.11,0.5,0.3,0.2,36644.5,4115.02,4.660271800679502,0.4507361268403171,0.2706681766704417,0.18006795016987542,0.021781713490428303,0.155,0.093,1.004,3.4000000000000004,927.1500000000001,0.0985277463193658,0.7214043035107588,0.11229570604046993,41.5,0.8,9.825094339622641,1261.31,796,0.9014722536806342
Indian,26465,Tandoori Diner,QSR,North Shore,1.03,34.89,1339,143,4989.27,598,359,239,20864.22,12525.51,8338.71,0.216410799063742,0.360744556062855,0.3,17,5.02,1199.78,2109.69,2563.06,1538.69,2326.2,0.12,0.5,0.3,0.2,46717.71,8537.64,6.376131441374159,0.44660194174757284,0.2681105302464526,0.17849141150112022,0.025681481391104145,0.15,0.09,1.004,3.4000000000000004,1379.17,0.10679611650485438,0.7147124719940254,0.1827495397355735,34.89,0.8,9.733054393305439,4101.75,1196,0.8932038834951457
Indian,26222,Bombay Tavern,Cafe,CBD,0.99,35.06,1469,145,5083.7,662,397,265,23209.72,13918.82,9290.9,0.257371511384845,0.422914584865794,0.32,5,1.48,392.2,1625.33,-6.64,-3.98,2578.23,0.11,0.5,0.3,0.2,51503.14000000001,4192.94,2.85428182437032,0.45064669843430905,0.27025187202178347,0.1803948264125255,0.007615069683129998,0.16,0.096,0.296,1.0,1454.31,0.09870660313138188,0.7208985704560925,0.08141134695865143,35.06,0.8,9.729169811320755,-10.62,1324,0.9012933968686181
Indian,26613,Royal Kitchen,Cafe,West Auckland,1.04,35.71,478,58,2071.18,210,126,84,7499.1,4499.46,2999.64,0.216459960769862,0.374055620725267,0.29,17,5.02,421.68,848.12,896.03,537.62,806.63,0.14,0.5,0.3,0.2,17069.38,3088.4,6.4610878661087865,0.4393305439330544,0.2635983263598326,0.17573221757322174,0.024703884968288244,0.145,0.087,1.004,3.4000000000000004,497.12,0.1213389121338912,0.7029288702928871,0.18093217211169943,35.71,0.8,9.602738095238095,1433.65,420,0.8786610878661087
Indian,26104,Curry Grill,Full-service,North Shore,1.03,37.2,1558,203,7551.6,678,406,271,25221.6,15103.2,10081.2,0.394597242539749,0.46595036315266,0.27,6,1.77,479.67,1053.09,-3292.62,-1971.69,926.18,0.15,0.5,0.3,0.2,57957.59999999999,-3285.0399999999995,-2.1084980744544284,0.4351732991014121,0.2605905006418486,0.1739409499358152,0.008276222617913788,0.135,0.081,0.35400000000000004,1.2000000000000002,1604.74,0.1302952503209243,0.6957637997432607,-0.056680055764904,37.199999999999996,0.8,3.4176383763837634,-5264.3099999999995,1355,0.8697047496790757
Indian,26145,Spice Grill,QSR,South Auckland,1.05,40.64,1020,84,3413.76,468,281,187,19019.52,11419.84,7599.68,0.235223977230489,0.353703589946963,0.31,14,4.13,772.31,1403.3,1922.35,1154.23,2351.71,0.09,0.5,0.3,0.2,41452.799999999996,6831.589999999999,6.69763725490196,0.45882352941176474,0.2754901960784314,0.18333333333333335,0.018631069553805776,0.155,0.093,0.8260000000000001,2.8000000000000003,1071.0,0.0823529411764706,0.7343137254901961,0.164804066311564,40.63999999999999,0.8,12.575989304812834,3076.58,936,0.9176470588235294
Indian,25458,Royal Bistro,Full-service,CBD,0.99,32.89,1708,319,10491.91,694,417,278,22825.66,13715.13,9143.42,0.358053909707814,0.541396578447893,0.3,12,3.54,984.12,1054.96,-4552.59,-2735.49,-64.75,0.23,0.5,0.3,0.2,56176.119999999995,-6297.87,-3.687277517564403,0.4063231850117096,0.24414519906323184,0.16276346604215458,0.017518475822110892,0.15,0.09,0.7080000000000001,2.4000000000000004,1690.92,0.186768149882904,0.6504683840749416,-0.11210938028471885,32.89,0.8,-0.2329136690647482,-7288.08,1389,0.813231850117096
Indian,26107,Tandoori Tavern,Cafe,North Shore,1.03,39.73,971,119,4727.87,426,256,170,16924.98,10170.88,6754.1,0.220234274100512,0.356106535042636,0.3,4,1.18,200.6,2003.01,2092.93,1257.72,2660.84,0.14,0.5,0.3,0.2,38577.829999999994,8014.5,8.253861997940268,0.4387229660144182,0.26364572605561276,0.1750772399588054,0.005199877753621705,0.15,0.09,0.236,0.8,1000.13,0.12255406797116376,0.702368692070031,0.20774885471785223,39.73,0.8,15.652000000000001,3350.6499999999996,852,0.8774459320288363
Indian,25744,Spice Bistro,Cafe,West Auckland,1.04,45.96,506,66,3033.36,220,132,88,10111.2,6066.72,4044.48,0.263840750865638,0.350082896370441,0.31,17,5.02,441.76,1171.11,769.22,461.53,1119.72,0.15,0.5,0.3,0.2,23255.760000000002,3521.58,6.959644268774704,0.43478260869565216,0.2608695652173913,0.17391304347826086,0.01899572407007984,0.155,0.093,1.004,3.4000000000000004,526.24,0.13043478260869565,0.6956521739130435,0.15142829131363583,45.96,0.8,12.72409090909091,1230.75,440,0.8695652173913043
Indian,25866,Spice Corner,QSR,West Auckland,1.04,42.39,1697,208,8817.12,744,447,298,31538.16,18948.33,12632.22,0.269348163623363,0.408116451813839,0.27,8,2.36,703.28,2843.83,1656.87,995.46,3371.06,0.14,0.5,0.3,0.2,71935.83,8867.22,5.225232763700648,0.4384207424867413,0.26340601060695346,0.17560400707130228,0.00977649107544877,0.135,0.081,0.472,1.6,1764.88,0.12256923983500295,0.7018267530936948,0.12326569388300655,42.39,0.8,11.31228187919463,2652.33,1489,0.8774307601649971
Indian,25746,Bombay Kitchen,Cafe,CBD,0.99,36.31,1164,151,5482.81,506,304,203,18372.86,11038.24,7370.93,0.219539311733097,0.379697456932627,0.27,14,4.13,838.39,2197.31,2402.49,1443.4,2115.61,0.15,0.5,0.3,0.2,42264.840000000004,8158.8099999999995,7.009286941580756,0.4347079037800687,0.26116838487972505,0.17439862542955326,0.019836582842854722,0.135,0.081,0.8260000000000001,2.8000000000000003,1152.36,0.12972508591065293,0.6958762886597937,0.19304012507796076,36.31,0.8,10.421724137931035,3845.89,1013,0.8702749140893471
Indian,26232,Tandoori Kitchen,QSR,North Shore,1.03,37.99,625,51,1937.49,287,172,115,10903.13,6534.28,4368.85,0.275574485715479,0.429182407120243,0.32,14,4.13,474.95,572.03,-269.93,-161.77,814.92,0.09,0.5,0.3,0.2,23743.75,955.2499999999999,1.5283999999999998,0.45919999999999994,0.2752,0.18400000000000002,0.020003158725980522,0.16,0.096,0.8260000000000001,2.8000000000000003,643.75,0.0816,0.7343999999999999,0.04023163990523822,37.99,0.8,7.086260869565217,-431.70000000000005,574,0.9184
Indian,25949,Spice Grill,Cafe,North Shore,1.03,34.8,945,116,4036.8,414,249,166,14407.2,8665.2,5776.8,0.27771425018087,0.398123694886453,0.29,14,4.13,685.58,1308.58,492.18,296.02,1187.04,0.14,0.5,0.3,0.2,32886.0,3283.8199999999997,3.4749417989417988,0.4380952380952381,0.2634920634920635,0.17566137566137566,0.02084716900808855,0.145,0.087,0.8260000000000001,2.8000000000000003,973.35,0.12275132275132275,0.7015873015873016,0.09985464939487927,34.8,0.8,7.150843373493975,788.2,829,0.8772486772486773
Indian,26477,Bombay Tavern,Cafe,West Auckland,1.04,45.86,1100,100,4586.0,500,300,200,22930.0,13758.0,9172.0,0.218355244267732,0.397347188158892,0.3,5,1.48,296.0,1762.39,1932.94,1159.77,3228.78,0.1,0.5,0.3,0.2,50446.0,8083.880000000001,7.348981818181819,0.45454545454545453,0.2727272727272727,0.18181818181818182,0.0058676604686199105,0.15,0.09,0.296,1.0,1144.0,0.09090909090909091,0.7272727272727273,0.16024818617928083,45.86,0.8,16.143900000000002,3092.71,1000,0.9090909090909091
Indian,25547,Spice Kitchen,QSR,CBD,0.99,30.69,1054,129,3959.01,462,278,185,14178.78,8531.82,5677.65,0.206030499003828,0.407672602171078,0.32,14,4.13,764.05,1529.35,940.01,565.63,1429.21,0.14,0.5,0.3,0.2,32347.260000000002,4464.2,4.235483870967742,0.4383301707779886,0.2637571157495256,0.17552182163187854,0.023620238622993103,0.16,0.096,0.8260000000000001,2.8000000000000003,1043.46,0.12239089184060721,0.7020872865275142,0.13800859794616296,30.69,0.8,7.72545945945946,1505.6399999999999,925,0.8776091081593927
Indian,26075,Bombay Cafe,Full-service,South Auckland,1.05,33.96,2027,491,16674.36,768,461,307,26081.28,15655.56,10425.72,0.351224799279589,0.532647073408589,0.32,18,5.31,1630.17,1936.36,-5317.24,-3191.73,-419.45,0.32,0.5,0.3,0.2,68836.92,-6992.06,-3.4494622594967934,0.37888505180069065,0.22742969906265417,0.1514553527380365,0.023681623175470373,0.16,0.096,1.062,3.6,2128.35,0.24222989639861867,0.6063147508633449,-0.10157427148105988,33.96,0.8,-1.36628664495114,-8508.97,1536,0.7577701036013813
Indian,25332,Spice Tavern,QSR,CBD,0.99,30.89,614,70,2162.3,272,163,109,8402.08,5035.07,3367.01,0.246180343739688,0.441651750309393,0.29,10,2.95,321.55,675.0,186.26,111.62,729.52,0.13,0.5,0.3,0.2,18966.46,1702.4,2.772638436482085,0.4429967426710098,0.26547231270358307,0.17752442996742673,0.016953611796824503,0.145,0.087,0.5900000000000001,2.0,607.86,0.11400651465798047,0.7084690553745928,0.0897584472800934,30.889999999999997,0.8,6.692844036697248,297.88,544,0.8859934853420195
Indian,25078,Spice Eatery,Full-service,CBD,0.99,34.5,954,184,6348.0,385,231,154,13282.5,7969.5,5313.0,0.380056269501802,0.466577301663347,0.3,6,1.77,272.58,973.57,-1947.66,-1168.6,542.26,0.24,0.5,0.3,0.2,32913.0,-1600.43,-1.6775995807127884,0.40356394129979034,0.24213836477987422,0.16142557651991615,0.008281833925804392,0.15,0.09,0.35400000000000004,1.2000000000000002,944.46,0.1928721174004193,0.6457023060796646,-0.04862607480326923,34.5,0.8,3.521168831168831,-3116.26,770,0.8071278825995807
Indian,26535,Curry Diner,Cafe,CBD,0.99,38.14,1607,159,6064.26,724,434,290,27613.36,16552.76,11060.6,0.204376494511962,0.383977796067484,0.31,11,3.25,942.5,2496.33,2806.78,1682.52,3610.55,0.11,0.5,0.3,0.2,61290.98,10596.18,6.593764779091475,0.4505289359054138,0.27006845052893586,0.1804604853764779,0.015377466635384194,0.155,0.093,0.65,2.2,1590.93,0.09894212818917236,0.7205973864343496,0.17288318770559713,38.14,0.8,12.450172413793105,4489.3,1448,0.9010578718108276
Indian,26643,Royal Grill,Full-service,CBD,0.99,33.57,1667,289,9701.73,689,413,276,23129.73,13864.41,9265.32,0.39728331787046,0.474615921708755,0.28,17,5.02,1385.52,1242.8,-3513.39,-2105.99,-198.63,0.21,0.5,0.3,0.2,55961.189999999995,-4575.21,-2.7445770845830832,0.4133173365326935,0.24775044991001802,0.16556688662267546,0.024758587156563327,0.14,0.084,1.004,3.4000000000000004,1650.33,0.1733653269346131,0.6610677864427115,-0.08175683898072933,33.57,0.8,-0.7196739130434783,-5619.379999999999,1378,0.826634673065387
Indian,25756,Spice Diner,Cafe,North Shore,1.03,32.1,616,66,2118.6,275,165,110,8827.5,5296.5,3531.0,0.227221258115023,0.372634863946587,0.31,7,2.07,227.7,847.74,795.75,477.45,1185.21,0.12,0.5,0.3,0.2,19773.6,3306.15,5.367126623376624,0.44642857142857145,0.26785714285714285,0.17857142857142858,0.011515353805073432,0.155,0.093,0.414,1.4000000000000001,634.48,0.10714285714285715,0.7142857142857143,0.16720020633572036,32.099999999999994,0.8,10.774636363636365,1273.2,550,0.8928571428571429
Indian,26606,Tandoori Diner,QSR,CBD,0.99,36.96,1185,145,5359.2,520,312,208,19219.2,11531.52,7687.68,0.224772080108523,0.37316050613299,0.29,5,1.48,307.84,2154.76,2153.85,1292.31,2783.13,0.14,0.5,0.3,0.2,43797.6,8384.05,7.0751476793248935,0.4388185654008439,0.26329113924050634,0.17552742616033756,0.007028695636290573,0.145,0.087,0.296,1.0,1173.15,0.12236286919831224,0.7021097046413503,0.19142715582588998,36.96,0.8,13.380432692307693,3446.16,1040,0.8776371308016878
Indian,25759,Spice Cafe,QSR,North Shore,1.03,30.99,1553,178,5516.22,688,412,275,21321.12,12767.88,8522.25,0.270179027989507,0.355104209878482,0.32,16,4.72,1298.0,2067.02,1166.62,698.62,1895.43,0.13,0.5,0.3,0.2,48127.47,5827.69,3.752537025112685,0.44301352221506757,0.2652929813264649,0.17707662588538312,0.02697004434265919,0.16,0.096,0.944,3.2,1599.5900000000001,0.11461687057308435,0.7083065035415325,0.12108864230760519,30.990000000000002,0.8,6.892472727272727,1865.2399999999998,1375,0.8853831294269157
Indian,26487,Spice House,Full-service,CBD,0.99,37.63,781,141,5305.83,320,192,128,12041.6,7224.96,4816.64,0.377514863258693,0.46494656840805,0.3,9,2.66,340.48,835.87,-1715.46,-1029.28,418.33,0.22,0.5,0.3,0.2,29389.03,-1490.54,-1.9085019206145966,0.4097311139564661,0.24583866837387966,0.16389244558258645,0.011585275186013285,0.15,0.09,0.532,1.8,773.1899999999999,0.18053777208706787,0.6555697823303458,-0.05071756366235973,37.629999999999995,0.8,3.268203125,-2744.74,640,0.8194622279129321
Indian,25153,Curry Grill,Cafe,CBD,0.99,40.16,850,84,3373.44,383,230,153,15381.28,9236.8,6144.48,0.259762070644647,0.447379531897604,0.3,3,0.89,136.17,987.94,-109.85,-65.97,1663.29,0.11,0.5,0.3,0.2,34136.0,2475.41,2.9122470588235294,0.4505882352941177,0.27058823529411763,0.18,0.003989043824701195,0.15,0.09,0.17800000000000002,0.6000000000000001,841.5,0.09882352941176471,0.7211764705882353,0.07251611202249823,40.16,0.8,10.871176470588235,-175.82,766,0.9011764705882352
Indian,25033,Spice Diner,Full-service,West Auckland,1.04,34.95,618,153,5347.35,232,140,93,8108.4,4893.0,3250.35,0.371757352666464,0.462851057504304,0.32,16,4.72,438.96,884.41,-1253.63,-756.5,98.62,0.33,0.5,0.3,0.2,21599.1,-1027.1000000000004,-1.661974110032363,0.37540453074433655,0.226537216828479,0.1504854368932039,0.02032306901676459,0.16,0.096,0.944,3.2,642.72,0.2475728155339806,0.6019417475728156,-0.047552907297063324,34.949999999999996,0.8,1.0604301075268818,-2010.13,465,0.7524271844660194
Indian,26126,Spice Eatery,QSR,South Auckland,1.05,39.42,1685,139,5479.38,773,464,309,30471.66,18290.88,12180.78,0.230952102020383,0.362889633560553,0.31,3,0.89,275.01,2225.5,2930.1,1758.82,4672.31,0.09,0.5,0.3,0.2,66422.7,11586.73,6.87639762611276,0.4587537091988131,0.2753709198813057,0.18338278931750743,0.004140301433094409,0.155,0.093,0.17800000000000002,0.6000000000000001,1769.25,0.0824925816023739,0.7341246290801188,0.17443931065735058,39.42,0.8,15.120744336569581,4688.92,1546,0.9175074183976261
Indian,26653,Curry Tavern,Cafe,North Shore,1.03,40.32,968,88,3548.16,440,264,176,17740.8,10644.48,7096.32,0.265767632648349,0.375899662310258,0.27,14,4.13,726.88,1271.42,1567.09,940.26,1815.96,0.1,0.5,0.3,0.2,39029.759999999995,5594.7300000000005,5.779679752066116,0.4545454545454546,0.27272727272727276,0.18181818181818182,0.018623737373737376,0.135,0.081,0.8260000000000001,2.8000000000000003,997.0400000000001,0.09090909090909091,0.7272727272727273,0.14334523194608426,40.31999999999999,0.8,10.317954545454546,2507.35,880,0.9090909090909091
Indian,25440,Bombay Bistro,QSR,North Shore,1.03,33.12,792,97,3212.64,348,208,139,11525.76,6888.96,4603.68,0.244969292469323,0.365438399394043,0.29,16,4.72,656.08,1251.62,1147.88,686.09,1137.48,0.14,0.5,0.3,0.2,26231.04,4223.07,5.332159090909091,0.4393939393939394,0.2626262626262626,0.1755050505050505,0.025011589323183526,0.145,0.087,0.944,3.2,815.76,0.12247474747474747,0.702020202020202,0.16099514163372858,33.120000000000005,0.8,8.183309352517986,1833.9700000000003,695,0.8775252525252525
Indian,26236,Royal Grill,QSR,CBD,0.99,40.75,599,64,2608.0,268,160,107,10921.0,6520.0,4360.25,0.211037353798747,0.438833950948901,0.3,8,2.36,252.52,913.14,547.46,326.84,1274.13,0.12,0.5,0.3,0.2,24409.25,3061.5699999999997,5.111135225375626,0.44741235392320533,0.2671118530884808,0.17863105175292154,0.010345258457347113,0.15,0.09,0.472,1.6,593.01,0.10684474123539232,0.7145242070116862,0.12542663129756138,40.75,0.8,11.907757009345795,874.3,535,0.8931552587646077
Indian,26665,Royal Grill,Full-service,South Auckland,1.05,43.01,1756,304,13075.04,726,436,290,31225.26,18752.36,12472.9,0.38189453529194,0.513519361917861,0.28,14,4.13,1197.7,1367.47,-5477.34,-3289.42,106.79,0.21,0.5,0.3,0.2,75525.56,-7292.5,-4.152904328018224,0.4134396355353075,0.24829157175398633,0.16514806378132119,0.015858207473072695,0.14,0.084,0.8260000000000001,2.8000000000000003,1843.8000000000002,0.173120728929385,0.6617312072892938,-0.09655671536894266,43.01,0.8,0.36824137931034484,-8766.76,1452,0.826879271070615
Indian,25578,Spice Cafe,QSR,West Auckland,1.04,32.96,934,114,3757.44,410,246,164,13513.6,8108.16,5405.44,0.202443747427315,0.354591334611177,0.28,7,2.07,339.48,1664.41,2202.24,1321.35,2054.94,0.14,0.5,0.3,0.2,30784.64,7242.9400000000005,7.754753747323341,0.4389721627408994,0.2633832976445396,0.17558886509635974,0.011027577389243468,0.14,0.084,0.414,1.4000000000000001,971.36,0.12205567451820129,0.7023554603854391,0.2352777229163635,32.96,0.8,12.530121951219513,3523.5899999999997,820,0.8779443254817987
Indian,25929,Bombay Grill,QSR,CBD,0.99,40.71,1586,144,5862.24,721,433,288,29351.91,17627.43,11724.48,0.261057219300419,0.387353183235973,0.28,11,3.25,936.0,2061.1,2101.29,1261.94,3186.21,0.1,0.5,0.3,0.2,64566.06,8610.54,5.429092055485499,0.4546027742749054,0.27301387137452715,0.1815889029003783,0.014496780506662478,0.14,0.084,0.65,2.2,1570.1399999999999,0.09079445145018915,0.7276166456494325,0.13336015857247602,40.71,0.8,11.063229166666666,3363.23,1442,0.9092055485498108
Indian,25525,Spice Bistro,Cafe,South Auckland,1.05,39.22,1707,169,6628.18,769,461,308,30160.18,18080.42,12079.76,0.221280722506344,0.383297110931016,0.32,14,4.13,1272.04,2620.93,2274.75,1363.66,3504.56,0.11,0.5,0.3,0.2,66948.54,9763.9,5.7199179847686,0.450497949619215,0.27006444053895723,0.1804335090802578,0.019000264979639588,0.16,0.096,0.8260000000000001,2.8000000000000003,1792.3500000000001,0.09900410076157001,0.7205623901581723,0.1458418660063386,39.22,0.8,11.378441558441558,3638.41,1538,0.90099589923843
Indian,26147,Spice Grill,Full-service,South Auckland,1.05,44.16,993,246,10863.36,374,224,149,16515.84,9891.84,6579.84,0.392545880540274,0.520224752998911,0.28,6,1.77,263.73,947.6,-3183.77,-1906.86,310.23,0.33,0.5,0.3,0.2,43850.880000000005,-3832.7999999999997,-3.8598187311178247,0.3766364551863041,0.22557905337361528,0.1500503524672709,0.006014246464381102,0.14,0.084,0.35400000000000004,1.2000000000000002,1042.65,0.24773413897280966,0.6022155085599193,-0.08740531546915363,44.160000000000004,0.8,2.082080536912752,-5090.63,747,0.7522658610271903
Indian,26619,Tandoori Bistro,Cafe,CBD,0.99,42.55,973,119,5063.45,427,256,171,18168.85,10892.8,7276.05,0.241101745236665,0.381717206002213,0.3,17,5.02,858.42,1909.84,1402.29,840.72,1885.97,0.14,0.5,0.3,0.2,41401.15,6038.820000000001,6.20639260020555,0.4388489208633093,0.26310380267214795,0.17574511819116134,0.020734206658510692,0.15,0.09,1.004,3.4000000000000004,963.27,0.12230215827338128,0.7019527235354572,0.14586116569225735,42.550000000000004,0.8,11.029064327485381,2243.01,854,0.8776978417266187
Indian,26419,Spice Kitchen,Full-service,South Auckland,1.05,33.27,660,160,5323.2,250,150,100,8317.5,4990.5,3327.0,0.356647593807429,0.510117775341496,0.29,17,5.02,502.0,709.23,-1303.9,-782.34,-58.73,0.32,0.5,0.3,0.2,21958.2,-1435.7400000000002,-2.175363636363637,0.3787878787878788,0.22727272727272727,0.15151515151515152,0.02286161889408057,0.145,0.087,1.004,3.4000000000000004,693.0,0.2424242424242424,0.6060606060606061,-0.06538514085854033,33.27,0.8,-0.5872999999999999,-2086.2400000000002,500,0.7575757575757576
Indian,26501,Tandoori Corner,Ghost Kitchen,North Shore,1.03,35.43,1511,137,4853.91,687,412,275,24340.41,14597.16,9743.25,0.250613305682782,0.236551172996406,0.32,6,1.77,486.75,2489.26,4693.7,2814.85,4509.93,0.1,0.5,0.3,0.2,53534.729999999996,14507.74,9.601416280608868,0.45466578424884185,0.27266710787557913,0.18199867637326275,0.009092228540239207,0.16,0.096,0.35400000000000004,1.2000000000000002,1556.33,0.09066843150231635,0.727332892124421,0.2709967903078992,35.43,0.8,16.399745454545457,7508.549999999999,1374,0.9093315684976837
Indian,25329,Bombay Cafe,Cafe,North Shore,1.03,34.77,817,81,2816.37,368,221,147,12795.36,7684.17,5111.19,0.20891814365983,0.436058595543727,0.27,15,4.43,651.21,999.88,1087.9,653.33,1163.38,0.11,0.5,0.3,0.2,28407.09,3904.4900000000002,4.77905752753978,0.45042839657282746,0.27050183598531213,0.17992656058751527,0.022924206597719092,0.135,0.081,0.886,3.0,841.51,0.09914320685434516,0.7209302325581395,0.1374477287184291,34.77,0.8,7.914149659863947,1741.23,736,0.9008567931456548
Indian,25936,Royal Cafe,QSR,West Auckland,1.04,40.36,1412,128,5166.08,642,385,257,25911.12,15538.6,10372.52,0.259702173862606,0.402220298838802,0.28,10,2.95,758.15,1746.54,1504.85,902.44,2748.57,0.1,0.5,0.3,0.2,56988.31999999999,6902.4,4.888385269121812,0.45467422096317284,0.27266288951841366,0.18201133144475923,0.013303603264668971,0.14,0.084,0.5900000000000001,2.0,1468.48,0.0906515580736544,0.7273371104815866,0.12111955572650678,40.35999999999999,0.8,10.694824902723736,2407.29,1284,0.9093484419263456
Indian,25169,Bombay Eatery,Cafe,North Shore,1.03,33.38,1202,109,3638.42,546,328,219,18225.48,10948.64,7310.22,0.240091151744127,0.410124057391658,0.28,7,2.07,453.33,1272.66,1271.86,764.05,2103.67,0.1,0.5,0.3,0.2,40122.76,5412.24,4.502695507487521,0.454242928452579,0.27287853577371046,0.1821963394342762,0.011298574674324498,0.14,0.084,0.414,1.4000000000000001,1238.06,0.09068219633943428,0.7271214642262894,0.1348920164016633,33.38,0.8,9.60579908675799,2035.9099999999999,1093,0.9093178036605657
Indian,26262,Curry Corner,Full-service,CBD,0.99,30.28,957,237,7176.36,360,216,144,10900.8,6540.48,4360.32,0.389117768767756,0.534674153849483,0.27,3,0.89,128.16,546.9,-2112.49,-1267.49,204.13,0.33,0.5,0.3,0.2,28977.96,-2628.95,-2.747074190177638,0.37617554858934166,0.225705329153605,0.15047021943573669,0.004422671575224757,0.135,0.081,0.17800000000000002,0.6000000000000001,947.43,0.2476489028213166,0.6018808777429467,-0.0907223972978084,30.279999999999998,0.8,1.4175694444444444,-3379.9799999999996,720,0.7523510971786834
Indian,25211,Curry Tavern,Cafe,South Auckland,1.05,35.75,911,104,3718.0,404,242,161,14443.0,8651.5,5755.75,0.24738922284916,0.375637275981717,0.31,16,4.72,759.92,1401.59,967.3,579.42,1409.85,0.13,0.5,0.3,0.2,32568.25,4358.16,4.783929747530187,0.4434687156970362,0.265642151481888,0.17672886937431395,0.02333315422228704,0.155,0.093,0.944,3.2,956.5500000000001,0.1141602634467618,0.7091108671789242,0.1338162167141311,35.75,0.8,8.756832298136645,1546.7199999999998,807,0.8858397365532382
Indian,26306,Bombay Eatery,Cafe,South Auckland,1.05,40.07,1218,100,4007.0,559,335,224,22399.13,13423.45,8975.68,0.275403123795986,0.396439639991149,0.31,4,1.18,264.32,1314.93,406.71,243.73,2681.11,0.09,0.5,0.3,0.2,48805.26,4646.4800000000005,3.814844006568145,0.45894909688013136,0.27504105090311987,0.1839080459770115,0.005415809689365449,0.155,0.093,0.236,0.8,1278.9,0.08210180623973727,0.7339901477832512,0.09520449230267394,40.07,0.8,11.969241071428572,650.4399999999999,1118,0.9178981937602627
Indian,25482,Spice Eatery,Full-service,North Shore,1.03,31.8,888,154,4897.2,367,220,147,11670.6,6996.0,4674.6,0.392120596475434,0.483421585988253,0.3,13,3.84,564.48,609.49,-2048.68,-1228.09,17.31,0.21,0.5,0.3,0.2,28238.4,-2649.97,-2.9842004504504502,0.4132882882882883,0.24774774774774774,0.16554054054054054,0.019989801121876594,0.15,0.09,0.768,2.6,914.64,0.1734234234234234,0.661036036036036,-0.09384278146070597,31.8,0.8,0.11775510204081632,-3276.7699999999995,734,0.8265765765765766
Indian,25457,Royal Diner,Full-service,CBD,0.99,39.01,1062,275,10727.75,394,236,157,15369.94,9206.36,6124.57,0.384822722373065,0.492451391811483,0.27,3,0.89,139.73,1316.57,-2263.59,-1355.86,611.91,0.35,0.5,0.3,0.2,41428.62,-1690.9700000000003,-1.592250470809793,0.3709981167608286,0.2222222222222222,0.147834274952919,0.0033727891491437557,0.135,0.081,0.17800000000000002,0.6000000000000001,1051.3799999999999,0.2589453860640301,0.5932203389830509,-0.040816469387587616,39.010000000000005,0.8,3.897515923566879,-3619.45,787,0.7410546139359698
Indian,26630,Spice House,Ghost Kitchen,South Auckland,1.05,43.17,655,59,2547.03,298,179,119,12864.66,7727.43,5137.23,0.276819002674893,0.345801801141351,0.32,4,1.18,140.42,961.2,738.16,443.39,1798.26,0.1,0.5,0.3,0.2,28276.350000000002,3941.01,6.0168091603053435,0.45496183206106866,0.2732824427480916,0.18167938931297706,0.004965987477167314,0.16,0.096,0.236,0.8,687.75,0.0900763358778626,0.7282442748091602,0.13937477786206492,43.17,0.8,15.111428571428572,1181.55,596,0.9099236641221374
Indian,25424,Curry House,Cafe,West Auckland,1.04,34.46,1146,122,4204.12,512,307,205,17643.52,10579.22,7064.3,0.267271007932723,0.403685403359123,0.31,15,4.43,908.15,1383.34,336.0,201.47,1416.31,0.12,0.5,0.3,0.2,39491.16,3337.12,2.9119720767888304,0.44677137870855144,0.2678883071553228,0.1788830715532286,0.022996285751038965,0.155,0.093,0.886,3.0,1191.8400000000001,0.10645724258289702,0.7146596858638742,0.08450296218191615,34.46,0.8,6.908829268292683,537.47,1024,0.893542757417103
Indian,25905,Curry Grill,Full-service,West Auckland,1.04,40.99,1249,273,11190.27,488,293,195,20003.12,12010.07,7993.05,0.36133549696533,0.464482245361432,0.29,9,2.66,518.7,1949.15,-2316.72,-1390.98,873.55,0.28,0.5,0.3,0.2,51196.51,-884.9999999999998,-0.708566853482786,0.3907125700560448,0.23458767013610887,0.15612489991993594,0.010131549982606236,0.145,0.087,0.532,1.8,1298.96,0.21857485988791034,0.6253002401921537,-0.01728633455678912,40.99,0.8,4.479743589743589,-3707.7,976,0.7814251401120896
Indian,25906,Royal Cafe,Cafe,North Shore,1.03,39.25,932,107,4199.75,412,248,165,16171.0,9734.0,6476.25,0.249628631453961,0.400936816562898,0.28,14,4.13,681.45,1467.54,1122.83,675.88,1581.58,0.13,0.5,0.3,0.2,36581.0,4847.83,5.201534334763949,0.44206008583690987,0.26609442060085836,0.17703862660944206,0.018628523003745116,0.14,0.084,0.8260000000000001,2.8000000000000003,959.96,0.1148068669527897,0.7081545064377682,0.1325231677646866,39.25,0.8,9.585333333333333,1798.71,825,0.8851931330472103
Indian,25705,Tandoori Diner,Cafe,West Auckland,1.04,40.63,1108,100,4063.0,504,302,202,20477.52,12270.26,8207.26,0.258585739787668,0.373463932843879,0.28,6,1.77,357.54,1494.98,1801.0,1079.17,2662.32,0.1,0.5,0.3,0.2,45018.04,7037.469999999999,6.351507220216606,0.4548736462093863,0.27256317689530685,0.18231046931407943,0.007942149413879414,0.14,0.084,0.35400000000000004,1.2000000000000002,1152.32,0.09025270758122743,0.7274368231046932,0.15632555304495707,40.63,0.8,13.17980198019802,2880.17,1008,0.9097472924187726
Indian,25465,Royal House,Cafe,South Auckland,1.05,33.66,1408,139,4678.74,634,381,254,21340.44,12824.46,8549.64,0.277729024235159,0.425745386769995,0.29,6,1.77,449.58,1387.37,139.26,83.69,2085.61,0.11,0.5,0.3,0.2,47393.28,3695.9300000000003,2.624950284090909,0.4502840909090909,0.2705965909090909,0.18039772727272727,0.009486154999189759,0.145,0.087,0.35400000000000004,1.2000000000000002,1478.4,0.09872159090909091,0.7208806818181818,0.07798426274779885,33.66,0.8,8.211062992125985,222.95,1269,0.9012784090909091
Indian,25923,Spice Bistro,Cafe,South Auckland,1.05,42.83,775,70,2998.1,352,212,141,15076.16,9079.96,6039.03,0.239987723380327,0.36103519462049,0.3,10,2.95,415.95,1196.17,1492.19,898.71,1993.48,0.1,0.5,0.3,0.2,33193.25,5580.55,7.200709677419355,0.45419354838709675,0.27354838709677415,0.18193548387096772,0.012531162209184096,0.15,0.09,0.5900000000000001,2.0,813.75,0.09032258064516129,0.7277419354838709,0.16812303706325835,42.83,0.8,14.138156028368794,2390.9,705,0.9096774193548387
Indian,26072,Tandoori Diner,Full-service,North Shore,1.03,36.89,736,182,6713.98,277,166,111,10218.53,6123.74,4094.79,0.364053797861561,0.454439165024087,0.31,14,4.13,458.43,1218.63,-1313.01,-786.86,284.8,0.33,0.5,0.3,0.2,27151.04,-596.4399999999998,-0.8103804347826085,0.37635869565217395,0.22554347826086954,0.15081521739130435,0.016884436102631795,0.155,0.093,0.8260000000000001,2.8000000000000003,758.08,0.24728260869565216,0.6019021739130435,-0.021967482645232,36.89,0.8,2.5657657657657658,-2099.87,554,0.7527173913043478
Indian,25587,Tandoori Kitchen,QSR,CBD,0.99,43.07,533,39,1679.73,247,148,99,10638.29,6374.36,4263.93,0.229685053378344,0.443937585805543,0.3,11,3.25,321.75,548.23,280.61,168.14,1069.9,0.08,0.5,0.3,0.2,22956.31,2066.88,3.8778236397748596,0.4634146341463415,0.27767354596622884,0.18574108818011256,0.014015754274097186,0.15,0.09,0.65,2.2,527.67,0.07317073170731707,0.7410881801125704,0.09003537589447085,43.07,0.8,10.807070707070707,448.75,494,0.926829268292683
Indian,26212,Curry Bistro,Ghost Kitchen,West Auckland,1.04,43.43,695,51,2214.93,322,193,129,13984.46,8381.99,5602.47,0.269806259451434,0.235637369006872,0.27,18,5.31,684.99,1095.41,3140.3,1882.23,2085.75,0.08,0.5,0.3,0.2,30183.85,8203.69,11.803870503597123,0.4633093525179856,0.2776978417266187,0.18561151079136692,0.022693924068665862,0.135,0.081,1.062,3.6,722.8000000000001,0.07338129496402877,0.7410071942446043,0.2717907092700236,43.43,0.8,16.16860465116279,5022.530000000001,644,0.9266187050359712
Indian,26331,Tandoori Corner,Cafe,South Auckland,1.05,41.72,706,64,2670.08,321,193,128,13392.12,8051.96,5340.16,0.26964652242139,0.428811986558139,0.32,5,1.48,189.44,805.14,-247.2,-148.63,1420.84,0.1,0.5,0.3,0.2,29454.32,1830.15,2.5922804532577906,0.45467422096317284,0.273371104815864,0.1813031161473088,0.00643165416821709,0.16,0.096,0.296,1.0,741.3000000000001,0.0906515580736544,0.7280453257790369,0.06213519782497101,41.72,0.8,11.1003125,-395.83,642,0.9093484419263456
Indian,26080,Curry Eatery,Cafe,West Auckland,1.04,37.43,1137,148,5539.64,494,297,198,18490.42,11116.71,7411.14,0.269055720474571,0.420033977157436,0.32,13,3.84,760.32,1722.33,-168.07,-101.05,1543.88,0.15,0.5,0.3,0.2,42557.909999999996,2997.09,2.635963060686016,0.43447669305189096,0.2612137203166227,0.1741424802110818,0.017865538979710237,0.16,0.096,0.768,2.6,1182.48,0.1301671064204046,0.6956904133685137,0.07042380605626546,37.43,0.8,7.7973737373737375,-269.12,989,0.8698328935795955
Indian,26211,Spice House,Cafe,South Auckland,1.05,42.61,1597,183,7797.63,707,424,283,30125.27,18066.64,12058.63,0.272716872952878,0.392648420785554,0.32,4,1.18,333.94,2609.36,440.87,264.4,3701.3,0.13,0.5,0.3,0.2,68048.17,7015.93,4.393193487789605,0.4427050720100188,0.2654978083907326,0.17720726361928615,0.004907406033108606,0.16,0.096,0.236,0.8,1676.8500000000001,0.11458985597996243,0.7082028804007515,0.10310240525204425,42.61,0.8,13.07879858657244,705.27,1414,0.8854101440200376
Indian,26648,Royal Eatery,Ghost Kitchen,CBD,0.99,29.97,1033,49,1468.53,492,295,197,14745.24,8841.15,5904.09,0.271228667744435,0.334657383756712,0.3,4,1.18,232.46,578.77,1387.73,832.08,2094.42,0.05,0.5,0.3,0.2,30959.01,4893.0,4.736689254598257,0.4762826718296225,0.2855759922555663,0.19070667957405615,0.007508638034614157,0.15,0.09,0.236,0.8,1022.67,0.04743465634075508,0.7618586640851888,0.1580476895094514,29.97,0.8,10.631573604060915,2219.81,984,0.952565343659245
Indian,26083,Curry Diner,QSR,West Auckland,1.04,40.8,1301,139,5671.2,581,349,232,23704.8,14239.2,9465.6,0.209401438068599,0.427624624571763,0.27,3,0.89,206.48,2058.5,2203.93,1323.87,3229.29,0.12,0.5,0.3,0.2,53080.799999999996,8815.59,6.776010760953113,0.44657955418908535,0.2682551883166795,0.17832436587240585,0.0038899187653539512,0.135,0.081,0.17800000000000002,0.6000000000000001,1353.04,0.10684089162182937,0.7148347425057648,0.16607869512139983,40.8,0.8,13.919353448275862,3527.7999999999997,1162,0.8931591083781706
Indian,25854,Spice Grill,Full-service,CBD,0.99,35.89,661,86,3086.54,288,172,115,10336.32,6173.08,4127.35,0.359750429727137,0.467440707026981,0.28,9,2.66,305.9,533.38,-1107.96,-661.7,407.34,0.15,0.5,0.3,0.2,23723.29,-828.9400000000003,-1.2540695915279882,0.4357034795763994,0.26021180030257185,0.17397881996974282,0.012894501563653269,0.14,0.084,0.532,1.8,654.39,0.13010590015128592,0.6959152798789713,-0.034942033756700706,35.89,0.8,3.542086956521739,-1769.66,575,0.869894099848714
Indian,25677,Royal Bistro,Full-service,CBD,0.99,41.47,1154,252,10450.44,451,271,180,18702.97,11238.37,7464.6,0.360269789479207,0.468195636197925,0.32,18,5.31,955.8,1792.61,-2776.74,-1668.51,324.64,0.28,0.5,0.3,0.2,47856.380000000005,-2328.0,-2.017331022530329,0.39081455805892545,0.23483535528596186,0.1559792027729636,0.019972258662272403,0.16,0.096,1.062,3.6,1142.46,0.21837088388214904,0.6256499133448874,-0.048645551544015654,41.470000000000006,0.8,1.8035555555555556,-4445.25,902,0.7816291161178509
Indian,25845,Spice Eatery,Cafe,South Auckland,1.05,37.31,1195,137,5111.47,529,317,212,19736.99,11827.27,7909.72,0.264910599030554,0.378957715001889,0.29,7,2.07,438.84,1820.36,1305.24,782.16,2378.06,0.13,0.5,0.3,0.2,44585.450000000004,6285.82,5.260100418410041,0.4426778242677824,0.26527196652719665,0.17740585774058576,0.009842672889922608,0.145,0.087,0.414,1.4000000000000001,1254.75,0.11464435146443513,0.7079497907949791,0.14098366171026644,37.31,0.8,11.217264150943397,2087.4,1058,0.8853556485355648
Indian,25519,Bombay Diner,QSR,South Auckland,1.05,45.41,1552,141,6402.81,706,423,282,32059.46,19208.43,12805.62,0.242675538398325,0.386734868190251,0.29,12,3.54,998.28,2372.81,2583.66,1548.0,3747.35,0.1,0.5,0.3,0.2,70476.31999999999,10251.82,6.60555412371134,0.4548969072164949,0.2725515463917526,0.18170103092783507,0.014164757751256026,0.145,0.087,0.7080000000000001,2.4000000000000004,1629.6000000000001,0.09085051546391754,0.7274484536082475,0.14546474617289892,45.41,0.8,13.288475177304964,4131.66,1411,0.9091494845360825
Indian,26298,Spice Diner,Full-service,North Shore,1.03,36.98,1431,238,8801.24,596,358,239,22040.08,13238.84,8838.22,0.364159197977278,0.48434071210213,0.28,13,3.84,917.76,1333.39,-2832.15,-1701.19,421.23,0.2,0.5,0.3,0.2,52918.380000000005,-2778.72,-1.941802935010482,0.416491963661775,0.25017470300489164,0.16701607267645,0.017342934534277123,0.14,0.084,0.768,2.6,1473.93,0.1663172606568833,0.6666666666666666,-0.052509543942955164,36.980000000000004,0.8,1.762468619246862,-4533.34,1193,0.8336827393431167
Indian,25114,Royal Bistro,Ghost Kitchen,CBD,0.99,43.57,1288,95,4139.15,596,358,239,25967.72,15598.06,10413.23,0.275923362467438,0.285576167376712,0.28,15,4.43,1058.77,1815.02,4115.9,2472.3,3507.44,0.08,0.5,0.3,0.2,56118.16,11910.660000000002,9.247406832298138,0.46273291925465837,0.2779503105590062,0.1855590062111801,0.018866798198657973,0.14,0.084,0.886,3.0,1275.12,0.07375776397515527,0.7406832298136645,0.21224252541423314,43.57,0.8,14.675481171548117,6588.2,1193,0.9262422360248447
Indian,25562,Curry Diner,Ghost Kitchen,South Auckland,1.05,32.78,506,37,1212.86,234,141,94,7670.52,4621.98,3081.32,0.26702246327186,0.211608359671663,0.28,7,2.07,194.58,632.35,1851.43,1115.6,1411.93,0.08,0.5,0.3,0.2,16586.68,5011.31,9.903774703557312,0.4624505928853755,0.2786561264822134,0.1857707509881423,0.011731099894614233,0.14,0.084,0.414,1.4000000000000001,531.3000000000001,0.07312252964426877,0.7411067193675889,0.3021285754593445,32.78,0.8,15.020531914893617,2967.0299999999997,469,0.9268774703557312
Indian,26291,Royal Corner,Full-service,North Shore,1.03,44.35,580,108,4789.8,236,142,94,10466.6,6297.7,4168.9,0.399440882727504,0.479600088461302,0.27,9,2.66,250.04,579.37,-1559.95,-938.62,254.23,0.23,0.5,0.3,0.2,25723.0,-1664.97,-2.8706379310344827,0.40689655172413797,0.24482758620689654,0.16206896551724137,0.009720483613886405,0.135,0.081,0.532,1.8,597.4,0.18620689655172415,0.6517241379310345,-0.06472689810675271,44.35,0.8,2.7045744680851063,-2498.57,472,0.8137931034482758
Indian,25110,Spice Grill,QSR,West Auckland,1.04,42.87,1145,131,5615.97,507,304,203,21735.09,13032.48,8702.61,0.203999982159585,0.391077820281498,0.32,13,3.84,779.52,2274.03,1845.79,1106.75,2744.36,0.13,0.5,0.3,0.2,49086.15,7970.93,6.961510917030568,0.4427947598253275,0.26550218340611353,0.17729257641921398,0.01588065065196598,0.16,0.096,0.768,2.6,1190.8,0.11441048034934498,0.708296943231441,0.16238653876908252,42.870000000000005,0.8,13.519014778325124,2952.54,1014,0.885589519650655
Indian,25216,Curry Tavern,Full-service,North Shore,1.03,33.9,1230,160,5424.0,535,321,214,18136.5,10881.9,7254.6,0.378257887647487,0.507687572110444,0.28,13,3.84,821.76,618.63,-3009.67,-1805.8,5.66,0.15,0.5,0.3,0.2,41697.0,-4191.18,-3.4074634146341465,0.4349593495934959,0.26097560975609757,0.17398373983739837,0.01970789265414778,0.14,0.084,0.768,2.6,1266.9,0.13008130081300814,0.6959349593495935,-0.1005151449744586,33.9,0.8,0.026448598130841123,-4815.47,1070,0.8699186991869918
Indian,25931,Spice Kitchen,Ghost Kitchen,West Auckland,1.04,41.49,1376,65,2696.85,656,393,262,27217.44,16305.57,10870.38,0.261336358601693,0.305998752755113,0.32,18,5.31,1391.22,1166.83,3066.45,1837.07,3312.01,0.05,0.5,0.3,0.2,57090.24,9382.36,6.81857558139535,0.47674418604651164,0.2856104651162791,0.19040697674418605,0.024368788780709277,0.16,0.096,1.062,3.6,1431.04,0.047238372093023256,0.7623546511627907,0.16434262669065677,41.49,0.8,12.641259541984734,4903.5199999999995,1311,0.9527616279069767
Indian,26593,Royal Diner,Full-service,South Auckland,1.05,39.21,1106,235,9214.35,436,261,174,17095.56,10233.81,6822.54,0.393314447952434,0.477627313928679,0.29,4,1.18,205.32,1189.19,-2751.39,-1647.05,675.18,0.27,0.5,0.3,0.2,43366.26,-2534.07,-2.29120253164557,0.39421338155515373,0.23598553345388787,0.15732368896925858,0.004734556311750194,0.145,0.087,0.236,0.8,1161.3,0.21247739602169982,0.6301989150090416,-0.058434137506900526,39.21,0.8,3.8803448275862067,-4398.44,871,0.7875226039783002
Indian,26258,Curry Grill,QSR,South Auckland,1.05,43.82,587,67,2935.94,260,156,104,11393.2,6835.92,4557.28,0.215669532846659,0.445533280982636,0.32,6,1.77,184.08,994.69,214.16,128.5,1359.91,0.13,0.5,0.3,0.2,25722.34,2697.26,4.5949914821124365,0.44293015332197616,0.2657580919931857,0.17717206132879046,0.00715642511528889,0.16,0.096,0.35400000000000004,1.2000000000000002,616.35,0.1141396933560477,0.708688245315162,0.10486059977435958,43.82,0.8,13.076057692307693,342.65999999999997,520,0.8858603066439523
Indian,26676,Bombay Cafe,Full-service,CBD,0.99,32.14,1671,255,8195.7,708,425,283,22755.12,13659.5,9095.62,0.38263470812235,0.490592550532892,0.33,16,4.72,1335.76,1038.99,-4624.46,-2775.98,-182.68,0.18,0.5,0.3,0.2,53705.94,-6544.130000000001,-3.9162956313584685,0.42369838420107714,0.25433871932974267,0.16935966487133453,0.024871736720370224,0.165,0.099,0.944,3.2,1654.29,0.1526032315978456,0.6780371035308198,-0.121851139743574,32.14,0.8,-0.6455123674911661,-7400.4400000000005,1416,0.8473967684021544
Indian,25814,Tandoori Cafe,Ghost Kitchen,CBD,0.99,37.47,753,35,1311.45,359,215,144,13451.73,8056.05,5395.68,0.276370377407875,0.282053983747028,0.33,10,2.95,424.8,579.1,1500.89,898.86,1957.8,0.05,0.5,0.3,0.2,28214.91,4936.650000000001,6.555976095617531,0.47675962815405043,0.2855245683930943,0.1912350597609562,0.01505586939671259,0.165,0.099,0.5900000000000001,2.0,745.47,0.04648074369189907,0.7622841965471447,0.17496600201808196,37.47,0.8,13.595833333333333,2399.75,718,0.953519256308101
Indian,25154,Spice Tavern,QSR,CBD,0.99,40.4,576,70,2828.0,253,152,101,10221.2,6140.8,4080.4,0.223648589961231,0.447242902149446,0.3,6,1.77,178.77,930.72,297.52,178.75,1164.12,0.14,0.5,0.3,0.2,23270.4,2571.1099999999997,4.463732638888889,0.4392361111111111,0.2638888888888889,0.1753472222222222,0.007682291666666666,0.15,0.09,0.35400000000000004,1.2000000000000002,570.24,0.12152777777777778,0.703125,0.11048843165566555,40.400000000000006,0.8,11.525940594059405,476.27,506,0.8784722222222222
Indian,26001,Curry Kitchen,QSR,CBD,0.99,39.73,567,51,2026.23,258,155,103,10250.34,6158.15,4092.19,0.215525405351073,0.392081076465547,0.32,17,5.02,517.06,795.08,742.06,445.81,1088.69,0.1,0.5,0.3,0.2,22526.91,3071.64,5.417354497354497,0.45502645502645506,0.27336860670194,0.18165784832451498,0.022952992665216842,0.16,0.096,1.004,3.4000000000000004,561.33,0.08994708994708994,0.728395061728395,0.13635425364597276,39.73,0.8,10.56980582524272,1187.87,516,0.91005291005291
Indian,26203,Curry Grill,Cafe,CBD,0.99,43.47,1048,112,4868.64,468,281,187,20343.96,12215.07,8128.89,0.238891417346895,0.389279943495058,0.3,5,1.48,276.76,1810.3,1461.28,877.39,2745.79,0.12,0.5,0.3,0.2,45556.56,6894.76,6.578969465648855,0.44656488549618323,0.2681297709923664,0.1784351145038168,0.006075085563967078,0.15,0.09,0.296,1.0,1037.52,0.1068702290076336,0.7146946564885497,0.151345053270045,43.47,0.8,14.68336898395722,2338.67,936,0.8931297709923665
Indian,26324,Tandoori Cafe,Cafe,West Auckland,1.04,42.44,1518,174,7384.56,672,403,269,28519.68,17103.32,11416.36,0.212132799457759,0.350313313887455,0.33,15,4.43,1191.67,3231.14,3067.4,1839.53,3803.6,0.13,0.5,0.3,0.2,64423.92,11941.67,7.86671277997365,0.4426877470355731,0.2654808959156785,0.17720685111989462,0.018497322112656294,0.165,0.099,0.886,3.0,1578.72,0.11462450592885376,0.7081686429512517,0.18536081008420474,42.44,0.8,14.139776951672863,4906.93,1344,0.8853754940711462
Indian,26067,Spice Tavern,Cafe,South Auckland,1.05,41.39,1707,222,9188.58,742,446,297,30711.38,18459.94,12292.83,0.2530756329,0.366731766890734,0.31,5,1.48,439.56,3493.43,2155.71,1295.75,4234.08,0.15,0.5,0.3,0.2,70652.73,11178.97,6.548898652606912,0.434680726420621,0.2612770943175161,0.1739894551845343,0.006221415648057761,0.155,0.093,0.296,1.0,1792.3500000000001,0.13005272407732865,0.6959578207381372,0.158224176192484,41.39,0.8,14.256161616161616,3451.46,1485,0.8699472759226714
Indian,26228,Curry Kitchen,QSR,West Auckland,1.04,43.04,892,88,3787.52,402,241,161,17302.08,10372.64,6929.44,0.218910074550658,0.4394827040378,0.27,15,4.43,713.23,1293.84,1238.95,742.76,1653.92,0.11,0.5,0.3,0.2,38391.68,4929.47,5.526311659192825,0.45067264573991034,0.2701793721973094,0.1804932735426009,0.018577723090002836,0.135,0.081,0.886,3.0,927.6800000000001,0.09865470852017937,0.7208520179372198,0.12839943446079985,43.04,0.8,10.272795031055901,1981.71,804,0.9013452914798207
Indian,25837,Spice Diner,Full-service,South Auckland,1.05,46.04,1817,277,12753.08,770,462,308,35450.8,21270.48,14180.32,0.383247677085456,0.541258347406983,0.28,3,0.89,274.12,962.78,-7249.9,-4349.94,796.41,0.18,0.5,0.3,0.2,83654.68,-9840.65,-5.415877820583379,0.4237754540451294,0.25426527242707764,0.16951018161805173,0.003276804119028368,0.14,0.084,0.17800000000000002,0.6000000000000001,1907.8500000000001,0.15244909190974135,0.6780407264722069,-0.11763418376592918,46.04,0.8,2.5857467532467533,-11599.84,1540,0.8475509080902587
Indian,25477,Tandoori Tavern,Full-service,CBD,0.99,40.21,854,142,5709.82,356,214,142,14314.76,8604.94,5709.82,0.359316235629376,0.523824895638973,0.31,13,3.84,545.28,667.24,-2764.77,-1661.97,121.96,0.2,0.5,0.3,0.2,34339.340000000004,-3637.54,-4.259414519906323,0.41686182669789223,0.2505854800936768,0.16627634660421542,0.015879163664764665,0.155,0.093,0.768,2.6,845.46,0.16627634660421542,0.667447306791569,-0.10592923451644672,40.21000000000001,0.8,0.8588732394366196,-4426.74,712,0.8337236533957846
Indian,26297,Royal Eatery,Full-service,West Auckland,1.04,33.78,829,114,3850.92,358,214,143,12093.24,7228.92,4830.54,0.390697826922406,0.501871643401682,0.32,5,1.48,211.64,413.71,-2570.65,-1536.65,307.31,0.16,0.5,0.3,0.2,28003.620000000003,-3386.28,-4.084776839565742,0.4318455971049457,0.25814234016887816,0.17249698431845595,0.0075575943395889515,0.16,0.096,0.296,1.0,862.1600000000001,0.13751507840772015,0.6899879372738238,-0.12092293782018182,33.78,0.8,2.149020979020979,-4107.3,715,0.8624849215922799
Japanese,25083,Lotus Tavern,Cafe,North Shore,1.03,35.12,1745,266,9341.92,813,444,222,28552.56,15593.28,7796.64,0.252295018173754,0.389916495326906,0.3,6,1.77,392.94,3342.43,1650.01,901.11,2396.61,0.18,0.55,0.3,0.15,61284.4,8290.16,4.750808022922636,0.4659025787965616,0.2544412607449857,0.12722063037249284,0.006411745892918916,0.165,0.09,0.2655,0.8999999999999999,1797.3500000000001,0.1524355300859599,0.7203438395415473,0.13527357696248962,35.12,0.8500000000000001,10.795540540540541,2551.12,1479,0.8475644699140401
Japanese,26362,Dragon Tavern,QSR,CBD,0.99,39.27,1525,187,7343.49,736,401,201,28902.72,15747.27,7893.27,0.257398884221911,0.438255575997755,0.27,4,1.18,237.18,2234.96,992.68,540.85,2165.1,0.14,0.55,0.3,0.15,59886.75,5933.59,3.89087868852459,0.48262295081967216,0.26295081967213113,0.1318032786885246,0.0039604753973124275,0.14850000000000002,0.081,0.177,0.6,1509.75,0.12262295081967213,0.7455737704918034,0.09908018050737434,39.27,0.8500000000000001,10.771641791044775,1533.53,1338,0.8773770491803279
Japanese,25365,Red Diner,Cafe,South Auckland,1.05,43.2,1430,141,6091.2,709,387,193,30628.8,16718.4,8337.6,0.20925327219069,0.410766398208216,0.28,5,1.48,285.64,2314.54,3062.28,1671.51,2882.48,0.11,0.55,0.3,0.15,61776.0,9930.81,6.944622377622378,0.49580419580419577,0.27062937062937065,0.13496503496503498,0.004623802123802124,0.15400000000000003,0.084,0.222,0.75,1501.5,0.0986013986013986,0.7664335664335664,0.16075514763014762,43.2,0.8500000000000001,14.935129533678756,4733.79,1289,0.9013986013986014
Japanese,25003,Red Bistro,Cafe,North Shore,1.03,41.86,885,147,6153.42,406,221,111,16995.16,9251.06,4646.46,0.239052445217967,0.388262916076928,0.32,12,3.54,392.94,2293.29,895.38,487.39,1338.72,0.2,0.55,0.3,0.15,37046.1,5014.78,5.666418079096045,0.45875706214689266,0.24971751412429377,0.12542372881355932,0.010606784519827998,0.17600000000000002,0.096,0.531,1.7999999999999998,911.5500000000001,0.16610169491525426,0.7084745762711865,0.1353659359554717,41.86,0.8500000000000001,12.06054054054054,1382.77,738,0.8338983050847457
Japanese,26180,Lotus Bistro,Full-service,CBD,0.99,33.85,792,168,5686.8,343,187,94,11610.55,6329.95,3181.9,0.39263733754633,0.54255966336932,0.28,6,1.77,166.38,368.52,-2498.56,-1362.19,39.82,0.27,0.55,0.3,0.15,26809.2,-3452.41,-4.359103535353535,0.43308080808080807,0.2361111111111111,0.11868686868686869,0.006206078510362114,0.15400000000000003,0.084,0.2655,0.8999999999999999,784.08,0.21212121212121213,0.6691919191919192,-0.12877706160571742,33.85,0.8500000000000001,0.42361702127659573,-3860.75,624,0.7878787878787878
Japanese,25250,Dragon Grill,Full-service,West Auckland,1.04,45.53,683,94,4279.82,324,177,88,14751.72,8058.81,4006.64,0.391819321340881,0.461220926861279,0.32,7,2.07,182.16,628.96,-2552.64,-1394.5,406.65,0.16,0.55,0.3,0.15,31096.99,-2911.5299999999997,-4.262855051244509,0.4743777452415812,0.2591508052708638,0.1288433382137628,0.005857801671480101,0.17600000000000002,0.096,0.31049999999999994,1.05,710.32,0.13762811127379207,0.733528550512445,-0.0936273896605427,45.53,0.8500000000000001,4.621022727272727,-3947.14,589,0.862371888726208
Japanese,25930,Sakura Cafe,Full-service,West Auckland,1.04,31.68,1749,228,7223.04,837,456,228,26516.16,14446.08,7223.04,0.375493482733145,0.48394751935266,0.32,10,2.95,672.6,1015.26,-4758.09,-2592.22,342.66,0.15,0.55,0.3,0.15,55408.32,-5992.389999999999,-3.42618067467124,0.47855917667238423,0.2607204116638079,0.13036020583190394,0.012138971186998632,0.17600000000000002,0.096,0.4425,1.5,1818.96,0.13036020583190394,0.7392795883361921,-0.10814964250856188,31.68,0.8500000000000001,1.5028947368421053,-7350.3099999999995,1521,0.869639794168096
Japanese,25473,Red Grill,Cafe,North Shore,1.03,39.93,488,74,2954.82,228,124,62,9104.04,4951.32,2475.66,0.259624504745007,0.425284618884325,0.33,12,3.54,219.48,931.04,-135.73,-73.82,560.58,0.18,0.55,0.3,0.15,19485.84,1282.0700000000002,2.62719262295082,0.4672131147540984,0.2540983606557377,0.12704918032786885,0.01126356369548349,0.18150000000000002,0.099,0.531,1.7999999999999998,502.64,0.15163934426229508,0.7213114754098361,0.06579495674807964,39.93,0.8500000000000001,9.041612903225808,-209.54999999999998,414,0.8483606557377049
Japanese,25781,Lotus Bistro,QSR,South Auckland,1.05,43.17,1546,127,5482.59,780,426,213,33672.6,18390.42,9195.21,0.260186133980751,0.359269827604294,0.31,9,2.66,566.58,2086.37,2375.4,1297.33,2932.6,0.09,0.55,0.3,0.15,66740.82,8691.7,5.622056921086676,0.5045278137128072,0.27554980595084083,0.13777490297542042,0.008489257398995097,0.1705,0.093,0.399,1.3499999999999999,1623.3000000000002,0.08214747736093143,0.780077619663648,0.13023064445417362,43.17,0.8500000000000001,13.768075117370891,3672.73,1419,0.9178525226390686
Japanese,25591,Sakura Cafe,Cafe,CBD,0.99,31.33,1419,226,7080.58,656,358,179,20552.48,11216.14,5608.07,0.243087902143598,0.432264998438768,0.32,3,0.89,159.31,2298.69,95.51,52.12,1661.33,0.19,0.55,0.3,0.15,44457.27,4107.65,2.894749823819591,0.46229739252995067,0.2522903453136011,0.12614517265680056,0.0035834409085398183,0.17600000000000002,0.096,0.1335,0.44999999999999996,1404.81,0.15926708949964766,0.7145877378435518,0.09239546197955925,31.33,0.8500000000000001,9.281173184357542,147.63,1193,0.8407329105003524
Japanese,25935,Lotus Diner,Ghost Kitchen,West Auckland,1.04,34.42,956,45,1548.9,501,273,137,17244.42,9396.66,4715.54,0.283478420670144,0.258798870642204,0.29,9,2.66,364.42,708.97,2892.28,1576.03,1793.99,0.05,0.55,0.3,0.15,32905.52,6971.2699999999995,7.292123430962342,0.5240585774058577,0.28556485355648537,0.14330543933054393,0.011074737612412752,0.1595,0.087,0.399,1.3499999999999999,994.24,0.047071129707112976,0.8096234309623431,0.21185715952824938,34.419999999999995,0.8500000000000001,13.094817518248176,4468.31,911,0.952928870292887
Japanese,25131,Lotus Tavern,Full-service,South Auckland,1.05,36.41,541,78,2839.98,255,139,69,9284.55,5060.99,2512.29,0.351876991952304,0.454915027273819,0.33,5,1.48,102.12,548.71,-1270.05,-692.3,383.27,0.17,0.55,0.3,0.15,19697.809999999998,-1030.37,-1.9045656192236597,0.4713493530499076,0.2569316081330869,0.12754158964879853,0.005184332674546054,0.18150000000000002,0.099,0.222,0.75,568.0500000000001,0.14417744916820704,0.7282809611829945,-0.05230886073121834,36.41,0.8500000000000001,5.55463768115942,-1962.35,463,0.8558225508317929
Japanese,26110,Dragon Eatery,Full-service,South Auckland,1.05,35.71,1487,325,11605.75,639,349,174,22818.69,12462.79,6213.54,0.380318438797258,0.490250560082495,0.32,7,2.07,360.18,1502.14,-4348.53,-2375.02,444.04,0.28,0.55,0.3,0.15,53100.770000000004,-4777.37,-3.21275722932078,0.42972427706792193,0.2347007397444519,0.11701412239408203,0.006782952488259586,0.17600000000000002,0.096,0.31049999999999994,1.05,1561.3500000000001,0.21856086079354403,0.6644250168123738,-0.08996799858081153,35.71,0.8500000000000001,2.551954022988506,-6723.549999999999,1162,0.7814391392064559
Japanese,25639,Golden Bistro,Full-service,CBD,0.99,31.51,1902,482,15187.82,781,426,213,24609.31,13423.26,6711.63,0.388843120273668,0.536920781154186,0.32,10,2.95,628.35,1127.48,-6048.08,-3298.95,-130.1,0.34,0.55,0.3,0.15,59932.020000000004,-8349.65,-4.389931650893796,0.4106203995793901,0.22397476340694006,0.11198738170347003,0.010484378801181738,0.17600000000000002,0.096,0.4425,1.5,1882.98,0.25341745531019977,0.6345951629863301,-0.1393186813993588,31.51,0.8500000000000001,-0.6107981220657277,-9347.029999999999,1420,0.7465825446898002
Japanese,26471,Lotus Grill,Full-service,South Auckland,1.05,39.24,545,91,3570.84,250,136,68,9810.0,5336.64,2668.32,0.383506984834094,0.549688297254033,0.28,6,1.77,120.36,238.55,-2091.45,-1137.75,57.9,0.2,0.55,0.3,0.15,21385.8,-2932.7499999999995,-5.381192660550458,0.45871559633027525,0.24954128440366974,0.12477064220183487,0.005628033554975731,0.15400000000000003,0.084,0.2655,0.8999999999999999,572.25,0.1669724770642202,0.708256880733945,-0.13713538890291688,39.24,0.8500000000000001,0.8514705882352941,-3229.2,454,0.8330275229357799
Japanese,25539,Sakura Bistro,Cafe,South Auckland,1.05,44.31,993,106,4696.86,488,266,133,21623.28,11786.46,5893.23,0.226003334764391,0.433048424171284,0.27,6,1.77,235.41,1601.39,1534.13,836.23,1773.88,0.12,0.55,0.3,0.15,43999.83,5745.630000000001,5.786132930513596,0.4914400805639476,0.26787512588116813,0.13393756294058407,0.0053502479441397835,0.14850000000000002,0.081,0.2655,0.8999999999999999,1042.65,0.1067472306143001,0.7593152064451157,0.13058300452524477,44.31,0.8500000000000001,13.337443609022557,2370.36,887,0.8932527693856999
Japanese,26082,Lotus House,QSR,North Shore,1.03,44.67,1615,185,8263.95,787,429,214,35155.29,19163.43,9559.38,0.205233752653003,0.39976404812187,0.3,12,3.54,757.56,3264.28,3339.83,1820.57,3018.42,0.13,0.55,0.3,0.15,72142.05,11443.1,7.085510835913313,0.4873065015479876,0.2656346749226006,0.1325077399380805,0.010500949169035257,0.165,0.09,0.531,1.7999999999999998,1663.45,0.11455108359133127,0.7529411764705882,0.15861900237101662,44.67,0.8500000000000001,14.104766355140187,5160.4,1430,0.8854489164086687
Japanese,25981,Sakura Bistro,Cafe,CBD,0.99,30.58,533,77,2354.66,251,137,68,7675.58,4189.46,2079.44,0.233391352258623,0.369862145278603,0.31,7,2.07,140.76,934.2,665.83,363.42,684.25,0.17,0.55,0.3,0.15,16299.140000000001,2647.7000000000003,4.967542213883678,0.4709193245778611,0.2570356472795497,0.1275797373358349,0.008636038465833166,0.1705,0.093,0.31049999999999994,1.05,527.67,0.14446529080675422,0.7279549718574109,0.1624441534952151,30.580000000000002,0.8500000000000001,10.0625,1029.25,456,0.8555347091932458
Japanese,26288,Sakura House,Cafe,CBD,0.99,42.78,1287,138,5903.64,632,345,172,27036.96,14759.1,7358.16,0.215248873904347,0.37668758155778,0.31,10,2.95,507.4,2409.06,2651.34,1447.33,2495.2,0.12,0.55,0.3,0.15,55057.86,9002.93,6.995283605283605,0.49106449106449107,0.2680652680652681,0.13364413364413363,0.009215759566390702,0.1705,0.093,0.4425,1.5,1274.1299999999999,0.10722610722610723,0.7591297591297591,0.16351761583178134,42.78,0.8500000000000001,14.506976744186046,4098.67,1149,0.8927738927738927
Japanese,25315,Lotus Corner,Cafe,South Auckland,1.05,38.18,1620,186,7101.48,789,430,215,30124.02,16417.4,8208.7,0.268077057916671,0.382454255479388,0.31,14,4.13,887.95,2481.74,1188.96,647.97,1980.73,0.13,0.55,0.3,0.15,61851.600000000006,6299.4,3.8885185185185183,0.487037037037037,0.2654320987654321,0.13271604938271606,0.014356136300435234,0.1705,0.093,0.6194999999999999,2.1,1701.0,0.1148148148148148,0.752469135802469,0.10184700153270083,38.18000000000001,0.8500000000000001,9.212697674418605,1836.93,1434,0.8851851851851852
Japanese,25739,Lotus Bistro,Cafe,South Auckland,1.05,47.19,905,89,4199.91,449,245,122,21188.31,11561.55,5757.18,0.205470814295113,0.378765724389814,0.27,17,5.02,612.44,1746.17,3088.48,1685.25,1781.19,0.11,0.55,0.3,0.15,42706.950000000004,8301.09,9.172475138121547,0.49613259668508286,0.27071823204419887,0.13480662983425415,0.014340523029623983,0.14850000000000002,0.081,0.7529999999999999,2.55,950.25,0.09834254143646408,0.7668508287292817,0.19437328116383865,47.190000000000005,0.8500000000000001,14.599918032786885,4773.73,816,0.901657458563536
Japanese,26252,Lotus Grill,Cafe,CBD,0.99,42.21,1414,151,6373.71,695,379,189,29335.95,15997.59,7977.69,0.253951702620834,0.41522876501549,0.28,6,1.77,334.53,2108.55,1490.84,812.99,2304.65,0.12,0.55,0.3,0.15,59684.94,6717.030000000001,4.750374823196606,0.4915134370579915,0.268033946251768,0.13366336633663364,0.005604931495281723,0.15400000000000003,0.084,0.2655,0.8999999999999999,1399.86,0.10678925035360678,0.7595473833097596,0.11254145518115626,42.21,0.8500000000000001,12.193915343915345,2303.83,1263,0.8932107496463932
Japanese,25887,Sakura Kitchen,Cafe,North Shore,1.03,37.46,773,106,3970.76,367,200,100,13747.82,7492.0,3746.0,0.276952433399856,0.35245865508914,0.27,3,0.89,89.0,1471.52,1382.88,753.61,1299.23,0.16,0.55,0.3,0.15,28956.58,4907.24,6.348305304010349,0.4747736093143596,0.258732212160414,0.129366106080207,0.003073567389519066,0.14850000000000002,0.081,0.1335,0.44999999999999996,796.19,0.1371280724450194,0.7335058214747735,0.16946890827577013,37.46,0.8500000000000001,12.9923,2136.4900000000002,667,0.8628719275549805
Japanese,25714,Red Bistro,Full-service,West Auckland,1.04,46.29,617,123,5693.67,272,148,74,12590.88,6850.92,3425.46,0.373254712729249,0.484985151165165,0.28,12,3.54,261.96,807.14,-1740.56,-947.07,223.63,0.25,0.55,0.3,0.15,28560.93,-1656.8600000000001,-2.6853484602917344,0.4408427876823338,0.23987034035656402,0.11993517017828201,0.009171970240464858,0.15400000000000003,0.084,0.531,1.7999999999999998,641.6800000000001,0.1993517017828201,0.6807131280388978,-0.05801141629491757,46.29,0.8500000000000001,3.022027027027027,-2687.63,494,0.8006482982171799
Japanese,26134,Dragon Eatery,Cafe,South Auckland,1.05,34.23,761,127,4347.21,349,190,95,11946.27,6503.7,3251.85,0.230217788554728,0.36566522968933,0.29,15,4.43,420.85,1756.78,1363.27,742.18,893.28,0.2,0.55,0.3,0.15,26049.03,4755.51,6.249027595269383,0.45860709592641263,0.24967148488830487,0.12483574244415244,0.016156071838375557,0.1595,0.087,0.6645,2.25,799.0500000000001,0.1668856767411301,0.7082785808147175,0.18255996480483153,34.23,0.8500000000000001,9.402947368421053,2105.45,634,0.8331143232588699
Japanese,25822,Golden House,QSR,West Auckland,1.04,36.27,623,61,2212.47,309,169,84,11207.43,6129.63,3046.68,0.25074455788359,0.400507799116895,0.27,3,0.89,74.76,771.59,882.56,482.69,987.76,0.11,0.55,0.3,0.15,22596.21,3124.6000000000004,5.015409309791333,0.49598715890850725,0.27126805778491175,0.1348314606741573,0.003308519437551696,0.14850000000000002,0.081,0.1335,0.44999999999999996,647.9200000000001,0.09791332263242375,0.767255216693419,0.13827982657268634,36.269999999999996,0.8500000000000001,11.75904761904762,1365.25,562,0.9020866773675762
Japanese,25932,Dragon Kitchen,QSR,South Auckland,1.05,36.85,586,67,2468.95,285,156,78,10502.25,5748.6,2874.3,0.213268913924694,0.407166295778006,0.31,5,1.48,115.44,937.13,730.59,399.9,975.54,0.13,0.55,0.3,0.15,21594.100000000002,3043.16,5.193105802047781,0.48634812286689416,0.2662116040955631,0.13310580204778155,0.005345904668404795,0.1705,0.093,0.222,0.75,615.3000000000001,0.11433447098976107,0.7525597269624573,0.14092553058474303,36.85,0.8500000000000001,12.506923076923076,1130.49,519,0.8856655290102389
Japanese,26017,Dragon Corner,Cafe,CBD,0.99,37.8,1640,226,8542.8,778,424,212,29408.4,16027.2,8013.6,0.239885733164847,0.439995340863243,0.3,6,1.77,375.24,2734.71,591.67,322.45,2190.07,0.16,0.55,0.3,0.15,61991.99999999999,5838.9,3.5603048780487803,0.4743902439024391,0.2585365853658537,0.12926829268292686,0.006053039101819591,0.165,0.09,0.2655,0.8999999999999999,1623.6,0.1378048780487805,0.7329268292682929,0.09418795973674023,37.8,0.8500000000000001,10.330518867924528,914.1199999999999,1414,0.8621951219512195
Japanese,25044,Lotus Eatery,Cafe,West Auckland,1.04,33.95,764,111,3768.45,359,196,98,12188.05,6654.2,3327.1,0.268164317701012,0.374643553234637,0.32,9,2.66,260.68,1346.06,453.3,247.48,927.73,0.17,0.55,0.3,0.15,25937.8,2974.5699999999997,3.893416230366492,0.4698952879581152,0.25654450261780104,0.12827225130890052,0.010050197009769526,0.17600000000000002,0.096,0.399,1.3499999999999999,794.5600000000001,0.14528795811518325,0.7264397905759162,0.11468089043789373,33.949999999999996,0.8500000000000001,9.466632653061225,700.78,653,0.8547120418848168
Japanese,26137,Dragon Diner,Cafe,West Auckland,1.04,39.63,1415,162,6420.06,689,376,188,27305.07,14900.88,7450.44,0.255555464010686,0.416871739597991,0.33,8,2.36,443.68,2103.04,-66.27,-36.17,1996.88,0.13,0.55,0.3,0.15,56076.45,3997.48,2.8250742049469966,0.48692579505300354,0.2657243816254417,0.13286219081272085,0.007912055773858723,0.18150000000000002,0.099,0.354,1.2,1471.6000000000001,0.11448763250883394,0.7526501766784452,0.0712862529635881,39.629999999999995,0.8500000000000001,10.621702127659574,-102.44,1253,0.8855123674911661
Japanese,26664,Red Tavern,Full-service,West Auckland,1.04,36.95,1303,277,10235.15,564,308,154,20839.8,11380.6,5690.3,0.378453951561823,0.458881443110295,0.31,11,3.25,500.5,1664.9,-3070.44,-1676.77,425.11,0.27,0.55,0.3,0.15,48145.85,-2657.2,-2.0392939370683036,0.4328472755180353,0.23637759017651575,0.11818879508825787,0.010395496185029447,0.1705,0.093,0.4875,1.65,1355.1200000000001,0.21258633921719108,0.6692248656945511,-0.055190634291429064,36.949999999999996,0.8500000000000001,2.7604545454545457,-4747.21,1026,0.7874136607828089
Japanese,25252,Sakura Kitchen,QSR,West Auckland,1.04,33.06,561,55,1818.3,278,152,76,9190.68,5025.12,2512.56,0.252470248676837,0.392187587521039,0.32,15,4.43,336.68,646.12,324.82,177.6,556.14,0.11,0.55,0.3,0.15,18546.66,1704.6799999999998,3.0386452762923346,0.49554367201426025,0.2709447415329768,0.1354723707664884,0.01815313377179503,0.17600000000000002,0.096,0.6645,2.25,583.44,0.09803921568627451,0.7664884135472371,0.09191304525990124,33.06,0.8500000000000001,7.317631578947368,502.41999999999996,506,0.9019607843137255
Japanese,26344,Lotus Eatery,QSR,West Auckland,1.04,44.93,1297,96,4313.28,661,360,180,29698.73,16174.8,8087.4,0.2715962324664,0.416869679139927,0.3,8,2.36,424.8,1343.73,342.55,186.56,2094.7,0.08,0.55,0.3,0.15,58274.21,3967.54,3.059013107170393,0.5096376252891287,0.27756360832690824,0.13878180416345412,0.007289674111412236,0.165,0.09,0.354,1.2,1348.88,0.07401696222050887,0.787201233616037,0.06808397745760947,44.93,0.8500000000000001,11.63722222222222,529.11,1201,0.9259830377794911
Japanese,26261,Golden Cafe,QSR,West Auckland,1.04,35.8,578,71,2541.8,279,152,76,9988.2,5441.6,2720.8,0.202562803775072,0.444152637058869,0.29,9,2.66,202.16,897.98,632.1,344.37,759.06,0.14,0.55,0.3,0.15,20692.399999999998,2633.5099999999998,4.556245674740484,0.48269896193771633,0.26297577854671284,0.13148788927335642,0.009769770543774526,0.1595,0.087,0.399,1.3499999999999999,601.12,0.12283737024221456,0.7456747404844292,0.1272694322553208,35.8,0.8500000000000001,9.987631578947367,976.47,507,0.8771626297577855
Japanese,26304,Lotus Grill,Full-service,West Auckland,1.04,34.19,1016,183,6256.77,458,250,125,15659.02,8547.5,4273.75,0.384006747975945,0.516593751544133,0.32,17,5.02,627.5,621.92,-3454.39,-1885.58,-202.69,0.22,0.55,0.3,0.15,34737.04,-4920.739999999999,-4.843248031496062,0.4507874015748031,0.24606299212598426,0.12303149606299213,0.018064291027675358,0.17600000000000002,0.096,0.7529999999999999,2.55,1056.64,0.18011811023622049,0.6968503937007874,-0.14165685965182984,34.19,0.8500000000000001,-1.62152,-5339.969999999999,833,0.8198818897637795
Japanese,26264,Red House,QSR,South Auckland,1.05,36.64,980,97,3554.08,486,265,132,17807.04,9709.6,4836.48,0.206409751083702,0.390127849741839,0.3,7,2.07,273.24,1433.94,1842.36,1004.58,1678.1,0.11,0.55,0.3,0.15,35907.2,5958.98,6.080591836734693,0.49591836734693884,0.27040816326530615,0.1346938775510204,0.007609615898761252,0.165,0.09,0.31049999999999994,1.05,1029.0,0.0989795918367347,0.766326530612245,0.1659550173781303,36.64,0.8500000000000001,12.712878787878788,2846.94,883,0.9010204081632653
Japanese,26455,Dragon Bistro,Cafe,West Auckland,1.04,43.12,527,80,3449.6,246,134,67,10607.52,5778.08,2889.04,0.26350287489593,0.391973115503788,0.29,7,2.07,138.69,1188.47,578.36,315.04,856.65,0.18,0.55,0.3,0.15,22724.24,2938.52,5.575939278937382,0.4667931688804554,0.25426944971537,0.127134724857685,0.006103174407592948,0.1595,0.087,0.31049999999999994,1.05,548.08,0.15180265654648956,0.7210626185958253,0.12931213541134928,43.120000000000005,0.8500000000000001,12.785820895522388,893.4000000000001,447,0.8481973434535104
Japanese,26428,Golden Corner,Ghost Kitchen,South Auckland,1.05,35.81,1422,105,3760.05,724,395,198,25926.44,14144.95,7090.38,0.296076073311269,0.216479023674037,0.3,8,2.36,467.28,1832.82,4859.78,2651.4,2988.89,0.08,0.55,0.3,0.15,50921.82,12332.89,8.672918424753867,0.5091420534458508,0.2777777777777778,0.13924050632911392,0.009176419853021749,0.165,0.09,0.354,1.2,1493.1000000000001,0.07383966244725738,0.7869198312236286,0.24219263961892956,35.81,0.8500000000000001,15.09540404040404,7511.18,1317,0.9261603375527426
Japanese,25836,Golden Kitchen,Cafe,North Shore,1.03,34.88,601,59,2057.92,298,163,81,10394.24,5685.44,2825.28,0.243954891506583,0.390905472170562,0.31,6,1.77,143.37,751.43,573.13,313.49,888.25,0.11,0.55,0.3,0.15,20962.879999999997,2526.3,4.203494176372712,0.4958402662229618,0.2712146422628952,0.13477537437603995,0.006839232013921752,0.1705,0.093,0.2655,0.8999999999999999,619.03,0.09816971713810317,0.767054908485857,0.12051302111160302,34.879999999999995,0.8500000000000001,10.966049382716049,886.62,542,0.9018302828618968
Japanese,25838,Dragon Bistro,Full-service,CBD,0.99,32.01,1516,242,7746.42,701,382,191,22439.01,12227.82,6113.91,0.375022406829521,0.47810488587711,0.32,9,2.66,508.06,1137.74,-3884.81,-2116.97,389.91,0.19,0.55,0.3,0.15,48527.16,-4474.129999999999,-2.9512730870712396,0.4624010554089709,0.2519788918205805,0.12598944591029024,0.010469600940998813,0.17600000000000002,0.096,0.399,1.3499999999999999,1500.84,0.15963060686015831,0.7143799472295514,-0.09219847194849233,32.010000000000005,0.8500000000000001,2.041413612565445,-6001.78,1274,0.8403693931398417
Japanese,25397,Red Cafe,QSR,South Auckland,1.05,36.9,944,101,3726.9,464,253,126,17121.6,9335.7,4649.4,0.207561242450029,0.427623540931381,0.31,15,4.43,558.18,1359.63,938.52,511.74,1137.99,0.12,0.55,0.3,0.15,34833.6,3947.88,4.182076271186441,0.4915254237288135,0.2680084745762712,0.13347457627118645,0.016024183546920215,0.1705,0.093,0.6645,2.25,991.2,0.10699152542372882,0.7595338983050848,0.11333540030315559,36.9,0.8500000000000001,9.031666666666666,1450.26,843,0.8930084745762712
Japanese,25824,Golden Corner,Ghost Kitchen,North Shore,1.03,34.11,1304,50,1705.5,690,376,188,23535.9,12825.36,6412.68,0.266505319287535,0.293576010724064,0.3,12,3.54,665.52,750.28,3293.11,1794.51,2155.54,0.04,0.55,0.3,0.15,44479.44,7993.4400000000005,6.129938650306749,0.5291411042944786,0.2883435582822086,0.1441717791411043,0.014962418591600973,0.165,0.09,0.531,1.7999999999999998,1343.1200000000001,0.03834355828220859,0.8174846625766872,0.17971089564077244,34.11,0.8500000000000001,11.46563829787234,5087.62,1254,0.9616564417177914
Japanese,26069,Dragon Cafe,Ghost Kitchen,South Auckland,1.05,36.49,673,32,1167.68,353,192,96,12880.97,7006.08,3503.04,0.283546177088283,0.223205912869889,0.31,8,2.36,226.56,575.96,2360.41,1283.85,1501.31,0.05,0.55,0.3,0.15,24557.77,5721.529999999999,8.50153046062407,0.5245170876671619,0.2852897473997028,0.1426448736998514,0.009225593366172905,0.1705,0.093,0.354,1.2,706.65,0.04754829123328381,0.8098068350668648,0.23298247357150095,36.49,0.8500000000000001,15.638645833333333,3644.2599999999998,641,0.9524517087667161
Japanese,25182,Red Grill,QSR,South Auckland,1.05,36.11,871,100,3611.0,424,231,116,15310.64,8341.41,4188.76,0.210995952431113,0.449590543820523,0.33,18,5.31,615.96,1225.62,144.13,78.52,805.76,0.13,0.55,0.3,0.15,31451.809999999998,2254.0299999999997,2.5878645235361653,0.486796785304248,0.26521239954075776,0.13318025258323768,0.019584246502824483,0.18150000000000002,0.099,0.7964999999999999,2.6999999999999997,914.5500000000001,0.1148105625717566,0.7520091848450058,0.07166614576394809,36.11,0.8500000000000001,6.946206896551724,222.64999999999998,771,0.8851894374282434
Japanese,25627,Golden House,QSR,CBD,0.99,41.78,822,88,3676.64,404,220,110,16879.12,9191.6,4595.8,0.229561720807105,0.378747975663282,0.28,12,3.54,389.4,1440.1,1885.23,1026.61,1410.73,0.12,0.55,0.3,0.15,34343.16,5762.67,7.010547445255474,0.49148418491484175,0.26763990267639903,0.13381995133819952,0.01133850233933045,0.15400000000000003,0.084,0.531,1.7999999999999998,813.78,0.10705596107055959,0.7591240875912408,0.167796731576244,41.78,0.8500000000000001,12.824818181818182,2911.84,734,0.8929440389294404
Japanese,25858,Dragon Cafe,QSR,CBD,0.99,30.34,1390,181,5491.54,665,363,181,20176.1,11013.42,5491.54,0.233027175273746,0.432163921068422,0.28,9,2.66,481.46,1838.62,1105.83,603.63,1357.16,0.15,0.55,0.3,0.15,42172.6,4905.24,3.52894964028777,0.4784172661870503,0.26115107913669067,0.1302158273381295,0.011416417294641544,0.15400000000000003,0.084,0.399,1.3499999999999999,1376.1,0.1302158273381295,0.7395683453237409,0.11631343573789617,30.34,0.8500000000000001,7.498121546961326,1709.46,1209,0.8697841726618705
Japanese,25793,Golden Bistro,QSR,North Shore,1.03,44.46,1322,109,4846.14,667,364,182,29654.82,16183.44,8091.72,0.220565613862127,0.364827864221297,0.32,9,2.66,484.12,2009.24,2805.54,1531.06,2870.76,0.09,0.55,0.3,0.15,58776.12,9216.6,6.971709531013616,0.5045385779122541,0.27534039334341903,0.13767019667170952,0.008236678433350143,0.17600000000000002,0.096,0.399,1.3499999999999999,1361.66,0.08245083207261725,0.7798789712556732,0.15680858144430085,44.46,0.8500000000000001,15.773406593406595,4336.6,1213,0.9175491679273827
Japanese,25874,Lotus House,Cafe,South Auckland,1.05,37.47,1752,201,7531.47,853,465,233,31961.91,17423.55,8730.51,0.26584056744352,0.435349240200594,0.32,11,3.25,757.25,2250.48,-677.27,-369.2,1851.52,0.13,0.55,0.3,0.15,65647.43999999999,3055.5299999999997,1.7440239726027396,0.48687214611872154,0.26541095890410965,0.13299086757990872,0.011535103272877056,0.17600000000000002,0.096,0.4875,1.65,1839.6000000000001,0.1147260273972603,0.7522831050228311,0.046544541569328524,37.46999999999999,0.8500000000000001,7.946437768240343,-1046.47,1551,0.8852739726027398
Japanese,26155,Sakura Eatery,Cafe,West Auckland,1.04,32.14,1366,208,6685.12,637,347,174,20473.18,11152.58,5592.36,0.275439679753035,0.368579049757682,0.3,17,5.02,873.48,2379.78,1146.11,624.34,1117.3,0.18,0.55,0.3,0.15,43903.24,5267.530000000001,3.856171303074671,0.4663250366032211,0.2540263543191801,0.1273792093704246,0.019895570349705398,0.165,0.09,0.7529999999999999,2.55,1420.64,0.15226939970717424,0.7203513909224013,0.11998043880132767,32.14,0.8500000000000001,6.421264367816092,1770.4499999999998,1158,0.8477306002928258
Japanese,26398,Red Kitchen,Cafe,South Auckland,1.05,33.94,1485,182,6177.08,717,391,195,24334.98,13270.54,6618.3,0.214547459892929,0.38085606188979,0.31,14,4.13,805.35,2499.22,2302.0,1255.35,1872.39,0.14,0.55,0.3,0.15,50400.9,7928.96,5.339367003367004,0.48282828282828283,0.2632996632996633,0.13131313131313133,0.01597888132950007,0.1705,0.093,0.6194999999999999,2.1,1559.25,0.12255892255892255,0.7461279461279462,0.15731782567374789,33.94,0.8500000000000001,9.602,3557.35,1303,0.8774410774410775
Japanese,26361,Dragon House,Full-service,CBD,0.99,39.28,1715,273,10723.44,793,433,216,31149.04,17008.24,8484.48,0.371044463047292,0.529919120436534,0.27,18,5.31,1146.96,1062.01,-5325.35,-2907.79,-306.69,0.19,0.55,0.3,0.15,67365.2,-7477.82,-4.360244897959183,0.4623906705539359,0.25247813411078723,0.1259475218658892,0.017026001555699385,0.14850000000000002,0.081,0.7964999999999999,2.6999999999999997,1697.85,0.15918367346938778,0.714868804664723,-0.11100419801321751,39.28,0.8500000000000001,-1.419861111111111,-8233.14,1442,0.8408163265306122
Japanese,25484,Lotus House,Full-service,CBD,0.99,43.35,1617,343,14869.05,701,382,191,30388.35,16559.7,8279.85,0.389593648060691,0.469132607383654,0.31,13,3.84,733.44,2100.61,-5127.31,-2794.06,436.29,0.27,0.55,0.3,0.15,70096.95,-5384.47,-3.32991341991342,0.43351886209029067,0.23623995052566482,0.11811997526283241,0.01046322272224398,0.1705,0.093,0.576,1.95,1600.83,0.21212121212121213,0.6697588126159555,-0.07681461176270865,43.35,0.8500000000000001,2.284240837696335,-7921.370000000001,1274,0.7878787878787878
Japanese,26548,Lotus Corner,Cafe,West Auckland,1.04,40.76,799,79,3220.04,396,216,108,16140.96,8804.16,4402.08,0.27363631747663,0.390719757275656,0.31,13,3.84,414.72,1080.79,413.92,225.77,1062.81,0.11,0.55,0.3,0.15,32567.239999999998,2783.29,3.4834668335419274,0.4956195244055069,0.27033792240300375,0.13516896120150187,0.012734269161279864,0.1705,0.093,0.576,1.95,830.96,0.09887359198998749,0.7659574468085106,0.0854628761909207,40.76,0.8500000000000001,9.840833333333332,639.69,720,0.9011264080100125
Japanese,26366,Dragon Diner,QSR,CBD,0.99,36.78,773,76,2795.28,383,209,105,14086.74,7687.02,3861.9,0.211343498751521,0.407948419544846,0.28,14,4.13,433.65,1064.19,1418.65,774.15,1036.61,0.11,0.55,0.3,0.15,28430.940000000002,4293.6,5.554463130659768,0.4954721862871927,0.2703751617076326,0.13583441138421734,0.01525274929355132,0.15400000000000003,0.084,0.6194999999999999,2.1,765.27,0.09831824062095731,0.7658473479948253,0.15101857342739985,36.78,0.8500000000000001,9.87247619047619,2192.8,697,0.9016817593790427
Japanese,26608,Dragon Grill,QSR,CBD,0.99,36.8,661,54,1987.2,334,182,91,12291.2,6697.6,3348.8,0.244970485251397,0.350810357718728,0.3,6,1.77,161.07,803.26,1280.98,698.02,1192.58,0.09,0.55,0.3,0.15,24324.8,3974.8399999999997,6.013373676248109,0.5052950075642966,0.2753403933434191,0.13767019667170954,0.0066216371768729855,0.165,0.09,0.2655,0.8999999999999999,654.39,0.0816944024205749,0.7806354009077158,0.1634068933763073,36.8,0.8500000000000001,13.105274725274725,1979.0,607,0.9183055975794251
Japanese,25191,Red Kitchen,QSR,West Auckland,1.04,43.31,809,93,4027.83,394,215,107,17064.14,9311.65,4634.17,0.21593373876065,0.364275915338658,0.28,13,3.84,410.88,1690.84,2385.4,1301.68,1534.5,0.13,0.55,0.3,0.15,35037.79,6912.42,8.544400494437577,0.48702101359703337,0.2657601977750309,0.13226205191594562,0.011726767013558789,0.15400000000000003,0.084,0.576,1.95,841.36,0.11495673671199011,0.7527812113720643,0.19728470317334512,43.31,0.8500000000000001,14.341121495327103,3687.08,716,0.8850432632880099
Japanese,26056,Red Kitchen,QSR,North Shore,1.03,44.7,661,60,2682.0,331,180,90,14795.7,8046.0,4023.0,0.209457493200898,0.384090273454785,0.29,5,1.48,133.2,1090.1,1722.99,936.97,1501.96,0.1,0.55,0.3,0.15,29546.7,5252.02,7.945567322239032,0.5007564296520424,0.2723146747352496,0.1361573373676248,0.004508117657809501,0.1595,0.087,0.222,0.75,680.83,0.0907715582450832,0.773071104387292,0.17775318394270764,44.7,0.8500000000000001,16.688444444444446,2659.96,601,0.9092284417549168
Japanese,25561,Red Eatery,QSR,North Shore,1.03,33.82,765,69,2333.58,383,209,104,12953.06,7068.38,3517.28,0.24942880243063,0.417320055817254,0.27,12,3.54,368.16,777.67,819.3,447.08,803.98,0.1,0.55,0.3,0.15,25872.3,2848.0299999999997,3.7229150326797384,0.5006535947712418,0.273202614379085,0.13594771241830067,0.014229890655256781,0.14850000000000002,0.081,0.531,1.7999999999999998,787.95,0.09019607843137255,0.7738562091503268,0.11008027890833053,33.82,0.8500000000000001,7.7305769230769235,1266.3799999999999,696,0.9098039215686274
Japanese,26206,Sakura House,Ghost Kitchen,South Auckland,1.05,38.27,492,23,880.21,258,141,70,9873.66,5396.07,2678.9,0.278013643261511,0.205571948923171,0.29,18,5.31,371.7,454.55,2235.54,1221.75,1011.72,0.05,0.55,0.3,0.15,18828.84,4923.56,10.007235772357724,0.524390243902439,0.2865853658536585,0.14227642276422764,0.019740993072329467,0.1595,0.087,0.7964999999999999,2.6999999999999997,516.6,0.0467479674796748,0.8109756097560975,0.2614903520344323,38.27,0.8500000000000001,14.453142857142858,3457.29,469,0.9532520325203252
Japanese,25884,Sakura Corner,QSR,CBD,0.99,40.79,755,92,3752.68,365,199,99,14888.35,8117.21,4038.21,0.260912698004395,0.355794575531036,0.29,15,4.43,438.57,1438.37,1388.97,757.28,1109.25,0.14,0.55,0.3,0.15,30796.449999999997,4693.87,6.217046357615894,0.4834437086092716,0.2635761589403974,0.13112582781456955,0.014240927119846607,0.1595,0.087,0.6645,2.25,747.45,0.12185430463576159,0.747019867549669,0.15241594404549877,40.79,0.8500000000000001,11.204545454545455,2146.25,663,0.8781456953642384
Japanese,26695,Red Grill,Full-service,South Auckland,1.05,43.8,801,155,6789.0,355,194,97,15549.0,8497.2,4248.6,0.384673320793081,0.4865216211183,0.31,15,4.43,429.71,874.46,-2817.4,-1539.65,117.53,0.24,0.55,0.3,0.15,35083.8,-3365.06,-4.201073657927591,0.4431960049937578,0.2421972534332085,0.12109862671660425,0.012248103113117734,0.1705,0.093,0.6645,2.25,841.0500000000001,0.19350811485642944,0.6853932584269663,-0.09591492369697695,43.800000000000004,0.8500000000000001,1.2116494845360826,-4357.05,646,0.8064918851435705
Japanese,25523,Golden Kitchen,QSR,West Auckland,1.04,39.26,1523,125,4907.5,769,419,210,30190.94,16449.94,8244.6,0.245123394969851,0.414689913997427,0.28,5,1.48,310.8,1669.47,1817.09,990.07,2493.9,0.09,0.55,0.3,0.15,59792.98,6970.530000000001,4.576841759684833,0.5049244911359159,0.27511490479317136,0.13788575180564674,0.005197934607039154,0.15400000000000003,0.084,0.222,0.75,1583.92,0.08207485226526592,0.7800393959290872,0.11657773203476395,39.260000000000005,0.8500000000000001,11.875714285714286,2807.16,1398,0.9179251477347341
Japanese,25926,Golden Corner,Full-service,North Shore,1.03,35.24,1402,298,10501.52,607,331,166,21390.68,11664.44,5849.84,0.357645330461673,0.513063861546107,0.29,11,3.25,539.5,1357.75,-3437.68,-1874.58,216.83,0.27,0.55,0.3,0.15,49406.479999999996,-3737.68,-2.6659629101283877,0.4329529243937233,0.23609129814550645,0.11840228245363767,0.010919620260338322,0.1595,0.087,0.4875,1.65,1444.06,0.2125534950071327,0.6690442225392298,-0.07565161492986346,35.239999999999995,0.8500000000000001,1.3062048192771085,-5312.26,1104,0.7874465049928673
Japanese,26048,Sakura Tavern,QSR,North Shore,1.03,41.53,544,58,2408.74,267,146,73,11088.51,6063.38,3031.69,0.201183567494154,0.428493036120199,0.32,9,2.66,194.18,892.01,558.01,305.13,928.53,0.12,0.55,0.3,0.15,22592.32,2683.6800000000003,4.933235294117647,0.4908088235294118,0.26838235294117646,0.13419117647058823,0.008594956162094021,0.17600000000000002,0.096,0.399,1.3499999999999999,560.32,0.10661764705882353,0.7591911764705882,0.11878726930213454,41.53,0.8500000000000001,12.71958904109589,863.14,486,0.8933823529411765
Japanese,26278,Golden Diner,Full-service,West Auckland,1.04,32.39,1420,246,7967.94,646,352,176,20923.94,11401.28,5700.64,0.353880775603466,0.513588660839014,0.33,10,2.95,519.2,1056.0,-4131.84,-2251.4,236.31,0.21,0.55,0.3,0.15,45993.799999999996,-5090.929999999999,-3.5851619718309853,0.45492957746478874,0.247887323943662,0.123943661971831,0.011288478012253828,0.18150000000000002,0.099,0.4425,1.5,1476.8,0.17323943661971833,0.7028169014084508,-0.110687310028743,32.38999999999999,0.8500000000000001,1.3426704545454546,-6383.24,1174,0.8267605633802817
Japanese,26240,Dragon Bistro,QSR,North Shore,1.03,44.24,1665,178,7874.72,818,446,223,36188.32,19731.04,9865.52,0.229306232444942,0.405727084749378,0.31,11,3.25,724.75,2874.01,1989.15,1084.55,2875.84,0.12,0.55,0.3,0.15,73659.6,8823.55,5.299429429429429,0.49129129129129123,0.26786786786786787,0.13393393393393394,0.00983917914297661,0.1705,0.093,0.4875,1.65,1714.95,0.1069069069069069,0.7591591591591591,0.11978818782616249,44.24,0.8500000000000001,12.896143497757848,3073.7,1487,0.893093093093093
Japanese,26049,Sakura House,Full-service,West Auckland,1.04,42.53,811,205,8718.65,333,182,91,14162.49,7740.46,3870.23,0.395120665139984,0.492510938178748,0.28,3,0.89,80.99,979.7,-2374.08,-1297.55,353.9,0.34,0.55,0.3,0.15,34491.83,-2338.0299999999997,-2.8828976572133165,0.41060419235511714,0.22441430332922316,0.11220715166461158,0.0023480922873619636,0.15400000000000003,0.084,0.1335,0.44999999999999996,843.44,0.2527743526510481,0.6350184956843403,-0.06778503779010854,42.53,0.8500000000000001,3.889010989010989,-3671.63,606,0.7472256473489519
Japanese,26051,Sakura Cafe,Full-service,West Auckland,1.04,38.36,1671,395,15152.2,702,383,191,26928.72,14691.88,7326.76,0.353888594929595,0.531871801638044,0.27,12,3.54,676.14,1730.98,-4194.43,-2288.41,160.87,0.31,0.55,0.3,0.15,64099.56,-4590.990000000001,-2.747450628366248,0.42010771992818674,0.22920406941950927,0.11430281268701377,0.01054827833451587,0.14850000000000002,0.081,0.531,1.7999999999999998,1737.8400000000001,0.23638539796529026,0.649311789347696,-0.0716228005309241,38.36,0.8500000000000001,0.8422513089005236,-6482.84,1276,0.7636146020347098
Japanese,26418,Lotus Eatery,QSR,West Auckland,1.04,43.92,959,110,4831.2,467,255,127,20510.64,11199.6,5577.84,0.254194249343127,0.394716511690058,0.32,3,0.89,113.03,1696.18,637.66,348.19,1845.29,0.13,0.55,0.3,0.15,42119.28,4527.32,4.720875912408759,0.4869655891553702,0.2659019812304484,0.132429614181439,0.0026835691398333496,0.17600000000000002,0.096,0.1335,0.44999999999999996,997.36,0.11470281543274244,0.7528675703858185,0.10748806722242166,43.92,0.8500000000000001,14.529842519685038,985.8499999999999,849,0.8852971845672576
Japanese,26029,Sakura Grill,QSR,South Auckland,1.05,38.48,1000,99,3809.52,496,270,135,19086.08,10389.6,5194.8,0.269834992289543,0.40424062886741,0.33,5,1.48,199.8,1241.62,-77.79,-42.34,1493.31,0.11,0.55,0.3,0.15,38480.00000000001,2614.8,2.6148000000000002,0.49599999999999994,0.26999999999999996,0.13499999999999998,0.005192307692307691,0.18150000000000002,0.099,0.222,0.75,1050.0,0.09899999999999998,0.7659999999999999,0.06795218295218294,38.480000000000004,0.8500000000000001,11.061555555555556,-120.13000000000001,901,0.901
Japanese,25019,Dragon House,Cafe,West Auckland,1.04,39.08,1642,149,5822.92,821,448,224,32084.68,17507.84,8753.92,0.229025999736041,0.363543053902686,0.28,13,3.84,860.16,2372.44,4088.58,2231.04,2706.46,0.1,0.55,0.3,0.15,64169.36,11398.52,6.941851400730816,0.5,0.2728380024360536,0.1364190012180268,0.013404528267073256,0.15400000000000003,0.084,0.576,1.95,1707.68,0.0907429963459196,0.7728380024360536,0.17763181680478035,39.08,0.8500000000000001,12.082410714285714,6319.62,1493,0.9092570036540804
Japanese,25008,Golden Bistro,Ghost Kitchen,CBD,0.99,33.6,1402,115,3864.0,708,386,193,23788.8,12969.6,6484.8,0.296795365330763,0.275661605480127,0.28,6,1.77,341.61,1652.03,3509.87,1913.57,2430.92,0.09,0.55,0.3,0.15,47107.200000000004,9506.39,6.780592011412268,0.5049928673323822,0.275320970042796,0.137660485021398,0.007251757693091502,0.15400000000000003,0.084,0.2655,0.8999999999999999,1387.98,0.08202567760342368,0.7803138373751782,0.20180333367298414,33.6,0.8500000000000001,12.595440414507772,5423.44,1287,0.9179743223965763
Japanese,25168,Sakura Grill,QSR,CBD,0.99,36.66,441,40,1466.4,221,120,60,8101.86,4399.2,2199.6,0.269316739570349,0.397792466287501,0.3,3,0.89,53.4,488.15,266.48,144.69,678.83,0.1,0.55,0.3,0.15,16167.06,1578.15,3.5785714285714287,0.5011337868480725,0.272108843537415,0.1360544217687075,0.003303012421553455,0.165,0.09,0.1335,0.44999999999999996,436.59,0.090702947845805,0.7732426303854876,0.09761515080664018,36.66,0.8500000000000001,11.313833333333333,411.17,401,0.909297052154195
Japanese,25575,Red Cafe,Ghost Kitchen,North Shore,1.03,46.05,1595,118,5433.9,812,443,222,37392.6,20400.15,10223.1,0.262201234011445,0.206482939631678,0.31,3,0.89,197.58,2887.12,8275.57,4514.88,5234.11,0.08,0.55,0.3,0.15,73449.75,20911.68,13.110771159874608,0.509090909090909,0.27774294670846394,0.13918495297805644,0.0026900023485444133,0.1705,0.093,0.1335,0.44999999999999996,1642.8500000000001,0.07398119122257053,0.786833855799373,0.2847072998886994,46.05,0.8500000000000001,23.57707207207207,12790.45,1477,0.9260188087774295
Japanese,26181,Lotus Diner,QSR,South Auckland,1.05,39.53,1365,167,6601.51,659,359,180,26050.27,14191.27,7115.4,0.225995636582375,0.425437678606249,0.33,8,2.36,424.8,2301.07,483.67,263.48,2055.39,0.14,0.55,0.3,0.15,53958.450000000004,5103.610000000001,3.7389084249084252,0.48278388278388273,0.263003663003663,0.13186813186813184,0.007872724290634738,0.18150000000000002,0.099,0.354,1.2,1433.25,0.12234432234432234,0.7457875457875457,0.09458407348617316,39.53,0.8500000000000001,11.418833333333332,747.1500000000001,1198,0.8776556776556776
Japanese,26425,Red Bistro,Cafe,West Auckland,1.04,45.01,1064,138,6211.38,509,278,139,22910.09,12512.78,6256.39,0.219707919154316,0.39908913038671,0.31,11,3.25,451.75,2367.8,1631.27,890.95,1933.2,0.15,0.55,0.3,0.15,47890.64,6823.22,6.4128007518797,0.4783834586466166,0.26127819548872183,0.13063909774436092,0.009432949737151143,0.1705,0.093,0.4875,1.65,1106.56,0.12969924812030076,0.7396616541353385,0.14247502225904687,45.01,0.8500000000000001,13.90791366906475,2522.2200000000003,926,0.8703007518796992
Japanese,26385,Sakura House,Ghost Kitchen,CBD,0.99,34.19,1437,106,3624.14,732,399,200,25027.08,13641.81,6838.0,0.29333988414146,0.2669478087686,0.31,14,4.13,826.0,1593.58,3246.32,1769.51,2180.75,0.08,0.55,0.3,0.15,49131.03,8790.16,6.1170215727209465,0.5093945720250522,0.2776617954070981,0.13917884481558804,0.016812185700157314,0.1705,0.093,0.6194999999999999,2.1,1422.6299999999999,0.07376478775226165,0.7870563674321504,0.17891259352795982,34.19,0.8500000000000001,10.90375,5015.83,1331,0.9262352122477383
Japanese,26518,Lotus Tavern,Cafe,CBD,0.99,30.07,566,60,1804.2,278,152,76,8359.46,4570.64,2285.32,0.250124883279204,0.39169642527122,0.32,12,3.54,269.04,646.23,319.15,174.5,549.51,0.12,0.55,0.3,0.15,17019.62,1689.39,2.9847879858657245,0.4911660777385159,0.26855123674911663,0.13427561837455831,0.015807638478414914,0.17600000000000002,0.096,0.531,1.7999999999999998,560.34,0.10600706713780919,0.7597173144876325,0.09926132310827153,30.069999999999997,0.8500000000000001,7.230394736842105,493.65,506,0.8939929328621908
Japanese,26213,Golden House,QSR,North Shore,1.03,34.81,1428,117,4072.77,721,393,197,25098.01,13680.33,6857.57,0.224662753120065,0.401254094415344,0.27,7,2.07,407.79,1523.55,2612.28,1423.89,2157.51,0.09,0.55,0.3,0.15,49708.68,7717.2300000000005,5.40422268907563,0.5049019607843137,0.27521008403361347,0.1379551820728291,0.008203597440125146,0.14850000000000002,0.081,0.31049999999999994,1.05,1470.8400000000001,0.0819327731092437,0.7801120448179271,0.15524914361033124,34.81,0.8500000000000001,10.951827411167514,4036.17,1311,0.9180672268907563
Japanese,26037,Dragon Diner,QSR,CBD,0.99,41.15,1458,132,5431.8,729,398,199,29998.35,16377.7,8188.85,0.272327847611159,0.424706685147248,0.28,10,2.95,587.05,1645.65,688.93,376.12,1893.89,0.1,0.55,0.3,0.15,59996.700000000004,4604.59,3.1581550068587108,0.49999999999999994,0.2729766803840878,0.1364883401920439,0.009784704825432065,0.15400000000000003,0.084,0.4425,1.5,1443.42,0.0905349794238683,0.7729766803840877,0.07674738777299418,41.150000000000006,0.8500000000000001,9.517035175879398,1065.05,1326,0.9094650205761317
Japanese,26473,Dragon Tavern,Full-service,South Auckland,1.05,39.32,1364,338,13290.16,564,308,154,22176.48,12110.56,6055.28,0.360700103011914,0.503687460254878,0.3,15,4.43,682.22,1802.31,-3645.54,-1990.83,138.95,0.33,0.55,0.3,0.15,53632.479999999996,-3695.11,-2.709024926686217,0.41348973607038125,0.22580645161290325,0.11290322580645162,0.012720276966494932,0.165,0.09,0.6645,2.25,1432.2,0.24780058651026396,0.6392961876832846,-0.06889686995641447,39.32,0.8500000000000001,0.9022727272727272,-5636.37,1026,0.7521994134897361
Japanese,25676,Lotus Corner,Cafe,South Auckland,1.05,37.75,1449,231,8720.25,670,365,183,25292.5,13778.75,6908.25,0.232736262306571,0.377446999866515,0.28,12,3.54,647.82,3399.3,2777.54,1513.14,2045.13,0.19,0.55,0.3,0.15,54699.75,9735.11,6.7185024154589374,0.46238785369220153,0.25189786059351277,0.12629399585921325,0.01184319855209576,0.15400000000000003,0.084,0.531,1.7999999999999998,1521.45,0.15942028985507245,0.7142857142857143,0.17797357391944205,37.75,0.8500000000000001,11.175573770491804,4290.68,1218,0.8405797101449275
Japanese,26202,Lotus Cafe,Ghost Kitchen,North Shore,1.03,39.39,742,48,1890.72,382,208,104,15046.98,8193.12,4096.56,0.282787777285557,0.325283242308069,0.28,10,2.95,306.8,741.03,1684.19,917.05,1298.76,0.07,0.55,0.3,0.15,29227.38,4641.030000000001,6.254757412398923,0.5148247978436657,0.2803234501347709,0.14016172506738545,0.010497006573972761,0.15400000000000003,0.084,0.4425,1.5,764.26,0.0646900269541779,0.7951482479784365,0.1587904902868475,39.39,0.8500000000000001,12.488076923076923,2601.24,694,0.9353099730458221
Japanese,26554,Sakura Kitchen,Cafe,West Auckland,1.04,42.93,1272,146,6267.78,619,338,169,26573.67,14510.34,7255.17,0.259760280065238,0.409047899232246,0.33,17,5.02,848.38,2075.84,31.67,17.29,1554.47,0.13,0.55,0.3,0.15,54606.95999999999,3679.2700000000004,2.8925078616352207,0.4866352201257862,0.2657232704402516,0.1328616352201258,0.015536114810273272,0.18150000000000002,0.099,0.7529999999999999,2.55,1322.88,0.1147798742138365,0.7523584905660378,0.06737730868006571,42.92999999999999,0.8500000000000001,9.198047337278107,48.96,1126,0.8852201257861635
Japanese,25787,Lotus Cafe,QSR,West Auckland,1.04,44.71,990,90,4023.9,495,270,135,22131.45,12071.7,6035.85,0.263192797061056,0.371279262425378,0.29,15,4.43,598.05,1470.85,1671.54,911.75,1608.22,0.1,0.55,0.3,0.15,44262.9,5662.36,5.719555555555555,0.5,0.2727272727272727,0.13636363636363635,0.013511315345356946,0.1595,0.087,0.6645,2.25,1029.6000000000001,0.09090909090909091,0.7727272727272727,0.12792564427545414,44.71,0.8500000000000001,11.912740740740741,2583.29,900,0.9090909090909091
Japanese,26438,Lotus Eatery,Full-service,CBD,0.99,33.54,613,84,2817.36,291,159,79,9760.14,5332.86,2649.66,0.360813741094898,0.505782615067437,0.27,7,2.07,163.53,375.85,-1333.2,-728.45,189.94,0.16,0.55,0.3,0.15,20560.02,-1495.8600000000001,-2.4402283849918436,0.4747145187601957,0.2593800978792822,0.12887438825448613,0.007953786037173116,0.14850000000000002,0.081,0.31049999999999994,1.05,606.87,0.1370309951060359,0.734094616639478,-0.07275576580178425,33.54,0.8500000000000001,2.4043037974683545,-2061.65,529,0.8629690048939641
Japanese,25873,Sakura Grill,Full-service,West Auckland,1.04,35.04,1885,339,11878.56,850,464,232,29784.0,16258.56,8129.28,0.354307648574468,0.476819817721844,0.32,4,1.18,273.76,2005.96,-4501.18,-2457.11,1099.05,0.22,0.55,0.3,0.15,66050.4,-3853.2799999999997,-2.044180371352785,0.4509283819628648,0.24615384615384617,0.12307692307692308,0.00414471373375483,0.17600000000000002,0.096,0.177,0.6,1960.4,0.17984084880636605,0.697082228116711,-0.05833848091760232,35.04,0.8500000000000001,4.7372844827586205,-6958.290000000001,1546,0.8201591511936339
Japanese,26034,Golden House,QSR,West Auckland,1.04,46.27,531,69,3192.63,254,139,69,11752.58,6431.53,3192.63,0.209463530443609,0.448409099434502,0.29,17,5.02,346.38,1092.29,612.63,335.26,745.91,0.15,0.55,0.3,0.15,24569.37,2786.09,5.246873822975518,0.4783427495291902,0.2617702448210923,0.12994350282485875,0.014098041585925892,0.1595,0.087,0.7529999999999999,2.55,552.24,0.12994350282485875,0.7401129943502825,0.11339688400638682,46.269999999999996,0.8500000000000001,10.810289855072464,947.89,462,0.8700564971751412
Japanese,25184,Dragon Cafe,QSR,North Shore,1.03,41.57,1243,152,6318.64,600,327,164,24942.0,13593.39,6817.48,0.227811310086399,0.426582223828882,0.28,16,4.72,774.08,2183.76,1636.36,891.81,1582.09,0.14,0.55,0.3,0.15,51671.509999999995,6294.02,5.063572003218021,0.48270313757039424,0.26307320997586486,0.13193885760257443,0.014980789220210521,0.15400000000000003,0.084,0.708,2.4,1280.29,0.12228479485116656,0.7457763475462591,0.12180832338749151,41.56999999999999,0.8500000000000001,9.646890243902439,2528.17,1091,0.8777152051488335
Japanese,25348,Red Tavern,Cafe,South Auckland,1.05,39.66,1327,221,8764.86,608,332,166,24113.28,13167.12,6583.56,0.260996655020863,0.356645783153363,0.32,5,1.48,245.68,3351.31,1503.65,821.07,2271.59,0.2,0.55,0.3,0.15,52628.82,7947.62,5.989163526752073,0.45817633760361715,0.2501883948756594,0.1250941974378297,0.004668164705193847,0.17600000000000002,0.096,0.222,0.75,1393.3500000000001,0.16654107008289376,0.7083647324792766,0.1510126960855288,39.66,0.8500000000000001,13.684277108433736,2324.7200000000003,1106,0.8334589299171062
Japanese,25643,Red Bistro,Ghost Kitchen,CBD,0.99,43.23,1096,62,2680.26,569,310,155,24597.87,13401.3,6700.65,0.29654417039128,0.272076312650461,0.31,15,4.43,686.65,1156.21,2985.68,1626.64,2203.87,0.06,0.55,0.3,0.15,47380.079999999994,7972.4,7.274087591240876,0.5191605839416059,0.28284671532846717,0.14142335766423358,0.014492377387290187,0.1705,0.093,0.6645,2.25,1085.04,0.056569343065693445,0.8020072992700731,0.16826480664448015,43.23,0.8500000000000001,14.218516129032258,4612.32,1034,0.9434306569343066
Japanese,25226,Red Corner,Cafe,West Auckland,1.04,37.52,767,105,3939.6,364,199,99,13657.28,7466.48,3714.48,0.238916006330401,0.408436138019897,0.29,17,5.02,496.98,1389.29,855.6,467.76,812.92,0.16,0.55,0.3,0.15,28777.84,3525.5699999999997,4.596571056062581,0.4745762711864407,0.25945241199478486,0.1290743155149935,0.017269537950033775,0.1595,0.087,0.7529999999999999,2.55,797.6800000000001,0.13689700130378096,0.7340286831812256,0.12250988955390675,37.52,0.8500000000000001,8.211313131313132,1323.3600000000001,662,0.863102998696219
Japanese,26365,Lotus Grill,QSR,North Shore,1.03,38.36,864,78,2992.08,432,236,118,16571.52,9052.96,4526.48,0.276877369564027,0.428101296280511,0.31,11,3.25,383.5,882.73,-248.22,-135.6,951.91,0.1,0.55,0.3,0.15,33143.03999999999,1450.82,1.6791898148148148,0.5000000000000001,0.2731481481481482,0.1365740740740741,0.011571056849341524,0.1705,0.093,0.4875,1.65,889.9200000000001,0.09027777777777779,0.7731481481481483,0.043774499864828335,38.35999999999999,0.8500000000000001,8.067033898305084,-383.82,786,0.9097222222222222
Japanese,25635,Sakura Bistro,QSR,West Auckland,1.04,40.27,1232,101,4067.27,622,339,170,25047.94,13651.53,6845.9,0.201740783452988,0.427386291883886,0.3,11,3.25,552.5,1508.44,1775.22,967.52,1986.46,0.09,0.55,0.3,0.15,49612.64,6237.64,5.063019480519481,0.5048701298701298,0.27516233766233766,0.137987012987013,0.011136274949287117,0.165,0.09,0.4875,1.65,1281.28,0.08198051948051949,0.7800324675324676,0.12572683090438244,40.269999999999996,0.8500000000000001,11.685058823529411,2742.74,1131,0.9180194805194806
Japanese,25080,Dragon Cafe,QSR,South Auckland,1.05,43.46,1609,132,5736.72,812,443,222,35289.52,19252.78,9648.12,0.23662826968357,0.389586268132552,0.27,7,2.07,459.54,2144.3,3662.54,1998.16,3146.79,0.09,0.55,0.3,0.15,69927.14,10951.79,6.806581727781231,0.5046612802983219,0.2753262896208825,0.1379738968303294,0.006571697340975192,0.14850000000000002,0.081,0.31049999999999994,1.05,1689.45,0.08203853325046613,0.7799875699192044,0.15661715894572553,43.46,0.8500000000000001,14.17472972972973,5660.7,1477,0.9179614667495338
Japanese,26660,Sakura Cafe,Full-service,South Auckland,1.05,38.45,1361,217,8343.65,629,343,172,24185.05,13188.35,6613.4,0.380893691664096,0.473209341964684,0.31,5,1.48,254.56,1217.31,-3968.84,-2164.25,710.31,0.19,0.55,0.3,0.15,52330.45,-4205.470000000001,-3.089985304922852,0.4621601763409258,0.25202057310800885,0.12637766348273327,0.0048644718323652865,0.1705,0.093,0.222,0.75,1429.05,0.1594415870683321,0.7141807494489347,-0.08036372704610797,38.449999999999996,0.8500000000000001,4.129709302325581,-6133.09,1144,0.8405584129316679
Japanese,26328,Sakura House,Cafe,North Shore,1.03,36.91,1525,175,6459.25,743,405,202,27424.13,14948.55,7455.82,0.226427937857807,0.432532472116873,0.28,4,1.18,238.36,2202.86,1673.96,912.45,2304.37,0.13,0.55,0.3,0.15,56287.75000000001,7093.64,4.651567213114754,0.48721311475409834,0.26557377049180325,0.1324590163934426,0.004234669177574161,0.15400000000000003,0.084,0.177,0.6,1570.75,0.11475409836065573,0.7527868852459015,0.1260245790602751,36.910000000000004,0.8500000000000001,11.407772277227723,2586.41,1350,0.8852459016393442
Japanese,26084,Lotus Eatery,Cafe,South Auckland,1.05,40.42,1561,203,8205.26,747,407,204,30193.74,16450.94,8245.68,0.224783056583256,0.39191586538218,0.31,3,0.89,181.56,3145.09,2213.23,1205.87,2979.02,0.15,0.55,0.3,0.15,63095.62,9543.21,6.113523382447148,0.478539397821909,0.26073030108904544,0.13068545803971812,0.002877537299736495,0.1705,0.093,0.1335,0.44999999999999996,1639.0500000000002,0.13004484304932734,0.7392696989109545,0.15124995998137428,40.42,0.8500000000000001,14.603039215686275,3419.1,1358,0.8699551569506726
Japanese,26326,Golden Kitchen,Cafe,South Auckland,1.05,44.18,1483,134,5920.12,742,405,202,32781.56,17892.9,8924.36,0.2578007145226,0.38243853955064,0.29,11,3.25,656.5,2129.83,2286.87,1248.22,2554.13,0.1,0.55,0.3,0.15,65518.94,8219.05,5.542178017532029,0.5003371544167228,0.2730950775455159,0.13621038435603508,0.010020003376122995,0.1595,0.087,0.4875,1.65,1557.15,0.09035738368172623,0.7734322319622386,0.125445405557538,44.18,0.8500000000000001,12.64420792079208,3535.09,1349,0.9096426163182738
Japanese,25680,Dragon Cafe,Cafe,South Auckland,1.05,37.7,991,121,4561.7,479,261,130,18058.3,9839.7,4901.0,0.219805196989328,0.412271771416999,0.31,7,2.07,269.1,1678.35,1045.99,569.95,1534.09,0.14,0.55,0.3,0.15,37360.7,4828.38,4.872230070635721,0.48335015136226034,0.2633703329969728,0.1311806256306761,0.007202755837015903,0.1705,0.093,0.31049999999999994,1.05,1040.55,0.12209889001009082,0.7467204843592331,0.1292368719001518,37.699999999999996,0.8500000000000001,11.800692307692307,1615.94,870,0.8779011099899092
Japanese,25990,Red Grill,Cafe,South Auckland,1.05,41.45,841,134,5554.3,389,212,106,16124.05,8787.4,4393.7,0.258344795964658,0.386462966701947,0.32,17,5.02,532.12,1972.84,567.44,309.25,1028.49,0.19,0.55,0.3,0.15,34859.45,3878.0199999999995,4.611200951248513,0.4625445897740785,0.2520808561236623,0.12604042806183116,0.015264727355136126,0.17600000000000002,0.096,0.7529999999999999,2.55,883.0500000000001,0.15933412604042807,0.7146254458977408,0.11124730883591107,41.449999999999996,0.8500000000000001,9.702735849056603,876.69,707,0.8406658739595719
Japanese,26572,Lotus House,QSR,West Auckland,1.04,32.31,639,78,2520.18,309,168,84,9983.79,5428.08,2714.04,0.222789005693048,0.391756868897937,0.32,4,1.18,99.12,971.41,653.48,355.29,947.02,0.14,0.55,0.3,0.15,20646.090000000004,2927.2,4.580907668231611,0.4835680751173708,0.2629107981220657,0.13145539906103285,0.004800909034107668,0.17600000000000002,0.096,0.177,0.6,664.5600000000001,0.12206572769953049,0.7464788732394365,0.14177987212106502,32.31000000000001,0.8500000000000001,11.274047619047618,1008.77,561,0.8779342723004695
Japanese,26332,Golden Bistro,Cafe,North Shore,1.03,37.55,1449,210,7885.5,681,372,186,25571.55,13968.6,6984.3,0.27624335212633,0.388164146267809,0.28,9,2.66,494.76,2646.31,1421.59,776.55,1849.12,0.17,0.55,0.3,0.15,54409.950000000004,6693.57,4.61944099378882,0.46997929606625255,0.25672877846790887,0.12836438923395443,0.009093189756652964,0.15400000000000003,0.084,0.399,1.3499999999999999,1492.47,0.14492753623188404,0.7267080745341614,0.12302106508092728,37.550000000000004,0.8500000000000001,9.941505376344086,2198.14,1239,0.855072463768116
Japanese,25626,Golden Diner,Cafe,South Auckland,1.05,31.84,1549,178,5667.52,754,411,206,24007.36,13086.24,6559.04,0.242263051830232,0.423438486363739,0.32,10,2.95,607.7,1894.64,343.27,187.11,1584.98,0.13,0.55,0.3,0.15,49320.16,4010.0,2.588766946417043,0.486765655261459,0.2653324725629438,0.1329890251775339,0.012321533425682317,0.17600000000000002,0.096,0.4425,1.5,1626.45,0.11491284699806327,0.7520981278244028,0.08130549454827396,31.840000000000003,0.8500000000000001,7.694077669902913,530.38,1371,0.8850871530019367
Japanese,26162,Sakura Corner,QSR,North Shore,1.03,43.02,901,74,3183.48,455,248,124,19574.1,10668.96,5334.48,0.274492172040045,0.357641595508903,0.28,10,2.95,365.8,1171.09,1719.9,937.44,1596.58,0.09,0.55,0.3,0.15,38761.01999999999,5425.01,6.021098779134295,0.5049944506104329,0.2752497225305217,0.13762486126526086,0.009437316149059032,0.15400000000000003,0.084,0.4425,1.5,928.03,0.0821309655937847,0.7802441731409546,0.13996045511702224,43.01999999999999,0.8500000000000001,12.875645161290322,2657.34,827,0.9178690344062154
Japanese,25950,Golden Kitchen,QSR,West Auckland,1.04,40.48,1417,163,6598.24,690,376,188,27931.2,15220.48,7610.24,0.263979020509869,0.443158024945296,0.28,18,5.31,998.28,1932.38,359.28,195.78,1230.48,0.13,0.55,0.3,0.15,57360.159999999996,3717.92,2.6237967537050104,0.48694424841213835,0.26534932956951307,0.13267466478475654,0.017403717144443113,0.15400000000000003,0.084,0.7964999999999999,2.6999999999999997,1473.68,0.1150317572335921,0.7522935779816514,0.064817113480855,40.48,0.8500000000000001,6.545106382978724,555.06,1254,0.884968242766408
Japanese,26474,Red Tavern,Cafe,North Shore,1.03,40.01,656,100,4001.0,306,167,83,12243.06,6681.67,3320.83,0.215015463903546,0.429638663143851,0.28,4,1.18,97.94,1421.74,922.46,503.44,1082.1,0.18,0.55,0.3,0.15,26246.559999999998,3929.74,5.9904573170731705,0.46646341463414637,0.2545731707317073,0.12652439024390244,0.0037315366280381125,0.15400000000000003,0.084,0.177,0.6,675.6800000000001,0.15243902439024393,0.7210365853658537,0.1497240019263477,40.01,0.8500000000000001,13.03734939759036,1425.9,556,0.8475609756097561
Japanese,26148,Lotus Tavern,Full-service,West Auckland,1.04,35.97,1488,194,6978.18,712,388,194,25610.64,13956.36,6978.18,0.386351230600849,0.524007843225263,0.27,15,4.43,859.42,625.53,-4619.11,-2517.16,-233.89,0.15,0.55,0.3,0.15,53523.36,-6744.63,-4.532681451612904,0.47849462365591394,0.260752688172043,0.1303763440860215,0.01605691421465319,0.14850000000000002,0.081,0.6645,2.25,1547.52,0.1303763440860215,0.739247311827957,-0.1260128287910176,35.97,0.8500000000000001,-1.205618556701031,-7136.2699999999995,1294,0.8696236559139785
Japanese,25262,Golden Corner,Ghost Kitchen,West Auckland,1.04,46.27,1126,32,1480.64,602,328,164,27854.54,15176.56,7588.28,0.28876749642659,0.316839593322948,0.32,3,0.89,145.96,583.95,2072.18,1129.03,2846.8,0.03,0.55,0.3,0.15,52100.02,6631.96,5.889840142095915,0.5346358792184726,0.2912966252220249,0.14564831261101244,0.0028015344331921567,0.17600000000000002,0.096,0.1335,0.44999999999999996,1171.04,0.028419182948490235,0.8259325044404974,0.12729284940773536,46.269999999999996,0.8500000000000001,17.358536585365854,3201.21,1094,0.9715808170515098
Japanese,25721,Dragon Corner,Cafe,North Shore,1.03,44.47,1361,207,9205.29,635,346,173,28238.45,15386.62,7693.31,0.224978579562157,0.397193155204877,0.31,10,2.95,510.35,3478.02,1915.37,1043.65,2396.4,0.18,0.55,0.3,0.15,60523.670000000006,8833.439999999999,6.490404114621601,0.46656869948567226,0.25422483468038204,0.12711241734019102,0.008432238164010874,0.1705,0.093,0.4425,1.5,1401.83,0.1520940484937546,0.7207935341660543,0.14595017123052845,44.470000000000006,0.8500000000000001,13.852023121387283,2959.02,1154,0.8479059515062454
Japanese,25105,Sakura Grill,Cafe,West Auckland,1.04,44.69,1238,132,5899.08,608,332,166,27171.52,14837.08,7418.54,0.212421130873263,0.440803884435445,0.27,4,1.18,195.88,2045.65,2086.09,1139.12,2376.68,0.12,0.55,0.3,0.15,55326.22,7647.539999999999,6.177334410339256,0.4911147011308562,0.2681744749596123,0.13408723747980614,0.003540455140437933,0.14850000000000002,0.081,0.177,0.6,1287.52,0.10662358642972536,0.7592891760904684,0.13822632379367322,44.69,0.8500000000000001,14.31734939759036,3225.21,1106,0.8933764135702746
Japanese,26663,Sakura Grill,QSR,South Auckland,1.05,43.37,818,94,4076.78,398,217,109,17261.26,9411.29,4727.33,0.273267864510417,0.373013900662772,0.31,7,2.07,225.63,1442.03,754.63,411.44,1446.51,0.13,0.55,0.3,0.15,35476.659999999996,4054.6099999999997,4.956735941320293,0.48655256723716384,0.26528117359413206,0.1332518337408313,0.006359956095077722,0.1705,0.093,0.31049999999999994,1.05,858.9000000000001,0.11491442542787288,0.751833740831296,0.11428950752410176,43.37,0.8500000000000001,13.270733944954129,1166.07,724,0.8850855745721271
Japanese,26604,Lotus House,Full-service,CBD,0.99,38.61,935,168,6486.48,422,230,115,16293.42,8880.3,4440.15,0.395717800490093,0.463533437135629,0.28,6,1.77,203.55,912.96,-2268.88,-1236.59,421.4,0.22,0.55,0.3,0.15,36100.35,-2171.11,-2.322042780748663,0.45133689839572194,0.2459893048128342,0.1229946524064171,0.005638449488716869,0.15400000000000003,0.084,0.2655,0.8999999999999999,925.65,0.17967914438502675,0.6973262032085562,-0.06014096816235854,38.61,0.8500000000000001,3.6643478260869564,-3505.4700000000003,767,0.8203208556149733
Japanese,25544,Golden Grill,QSR,CBD,0.99,37.56,1331,153,5746.68,648,353,177,24338.88,13258.68,6648.12,0.277365746442229,0.43348258768674,0.28,18,5.31,939.87,1661.66,222.74,121.34,982.44,0.13,0.55,0.3,0.15,49992.36000000001,2988.1800000000003,2.245063861758077,0.4868519909842223,0.2652141247182569,0.13298271975957923,0.018800272681665755,0.15400000000000003,0.084,0.7964999999999999,2.6999999999999997,1317.69,0.11495116453794138,0.7520661157024792,0.059772733273644206,37.56000000000001,0.8500000000000001,5.550508474576271,344.08000000000004,1178,0.8850488354620586
Japanese,25222,Golden Kitchen,Ghost Kitchen,South Auckland,1.05,44.92,665,43,1931.56,342,187,93,15362.64,8400.04,4177.56,0.284354734490626,0.235236591240391,0.29,9,2.66,247.38,927.94,2925.18,1599.44,1759.56,0.07,0.55,0.3,0.15,29871.800000000003,7212.119999999999,10.845293233082705,0.5142857142857142,0.281203007518797,0.13984962406015036,0.008281389136242207,0.1595,0.087,0.399,1.3499999999999999,698.25,0.06466165413533834,0.7954887218045112,0.24143573537583937,44.92,0.8500000000000001,18.919999999999998,4524.62,622,0.9353383458646617
Japanese,25749,Sakura Cafe,Full-service,North Shore,1.03,39.47,988,250,9867.5,406,221,111,16024.82,8722.87,4381.17,0.350760559691116,0.522105942294002,0.3,7,2.07,229.77,1254.49,-2770.15,-1507.89,327.22,0.34,0.55,0.3,0.15,38996.36,-2696.33,-2.729078947368421,0.4109311740890688,0.22368421052631582,0.11234817813765183,0.005892088389788175,0.165,0.09,0.31049999999999994,1.05,1017.64,0.25303643724696356,0.6346153846153847,-0.06914312002453563,39.47,0.8500000000000001,2.9479279279279282,-4278.04,738,0.7469635627530364
Japanese,26596,Sakura Eatery,QSR,West Auckland,1.04,35.63,1532,126,4489.38,773,422,211,27541.99,15035.86,7517.93,0.213268640618771,0.39847880192101,0.31,4,1.18,248.98,1743.01,2155.23,1176.59,2669.88,0.09,0.55,0.3,0.15,54585.16,7744.71,5.055293733681462,0.5045691906005222,0.2754569190600522,0.1377284595300261,0.004561313001555734,0.1705,0.093,0.177,0.6,1593.28,0.08224543080939947,0.7800261096605745,0.1418830685849414,35.63,0.8500000000000001,12.65345971563981,3331.8199999999997,1406,0.9177545691906005
Japanese,25343,Dragon Cafe,Cafe,South Auckland,1.05,32.59,1588,219,7137.21,753,411,205,24540.27,13394.49,6680.95,0.276790069248527,0.37885438776575,0.3,14,4.13,846.65,2457.74,1088.5,594.12,1453.97,0.16,0.55,0.3,0.15,51752.92,5594.33,3.5228778337531486,0.47418136020151136,0.258816120906801,0.12909319899244331,0.01635946338873246,0.165,0.09,0.6194999999999999,2.1,1667.4,0.13790931989924435,0.7329974811083124,0.10809689578868208,32.589999999999996,0.8500000000000001,7.0925365853658535,1682.62,1369,0.8620906801007556
Japanese,25991,Lotus Eatery,QSR,South Auckland,1.05,36.46,1302,149,5432.54,634,346,173,23115.64,12615.16,6307.58,0.217342791967094,0.380982106854208,0.27,7,2.07,358.11,2182.12,3043.75,1661.1,2175.49,0.13,0.55,0.3,0.15,47470.92,9062.46,6.960414746543778,0.4869431643625192,0.2657450076804916,0.1328725038402458,0.007543776273979944,0.14850000000000002,0.081,0.31049999999999994,1.05,1367.1000000000001,0.11443932411674347,0.7526881720430109,0.190905505939215,36.46,0.8500000000000001,12.575086705202311,4704.85,1153,0.8855606758832565
Japanese,26570,Sakura Kitchen,Full-service,South Auckland,1.05,36.61,936,162,5930.82,426,232,116,15595.86,8493.52,4246.76,0.398264522547834,0.531748677161522,0.3,8,2.36,273.76,415.08,-3587.25,-1953.62,23.46,0.21,0.55,0.3,0.15,34266.96,-5102.33,-5.451207264957265,0.4551282051282052,0.24786324786324787,0.12393162393162394,0.007989036669725006,0.165,0.09,0.354,1.2,982.8000000000001,0.17307692307692307,0.702991452991453,-0.14889940630858414,36.61,0.8500000000000001,0.20224137931034483,-5540.87,774,0.8269230769230769
Kebabs/Mediterranean,26545,Spice House,Full-service,South Auckland,1.05,40.05,627,125,5006.25,276,151,75,11053.8,6047.55,3003.75,0.36459869047394,0.529629612155259,0.33,17,5.02,376.5,529.52,-2478.57,-1356.03,-58.79,0.25,0.55,0.3,0.15,25111.35,-3363.87,-5.3650239234449755,0.44019138755980863,0.240829346092504,0.11961722488038279,0.014993220197241487,0.18150000000000002,0.099,0.7529999999999999,2.55,658.35,0.19936204146730463,0.6810207336523125,-0.13395815039812675,40.05,0.8500000000000001,-0.7838666666666666,-3834.6000000000004,502,0.8006379585326954
Kebabs/Mediterranean,26602,Mediterranean Bistro,QSR,West Auckland,1.04,33.46,634,47,1572.62,323,176,88,10807.58,5888.96,2944.48,0.201225140802562,0.418291948293336,0.31,13,3.84,337.92,598.36,761.75,415.07,782.4,0.08,0.55,0.3,0.15,21213.64,2557.58,4.03403785488959,0.5094637223974764,0.277602523659306,0.138801261829653,0.01592937374255432,0.1705,0.093,0.576,1.95,659.36,0.07413249211356467,0.7870662460567824,0.1205629962608963,33.46,0.8500000000000001,8.89090909090909,1176.82,587,0.9258675078864353
Kebabs/Mediterranean,25091,Spice Eatery,QSR,West Auckland,1.04,45.92,776,95,4362.4,375,204,102,17220.0,9367.68,4683.84,0.277301201038063,0.378922408702783,0.3,6,1.77,180.54,1499.69,753.83,410.08,1429.65,0.14,0.55,0.3,0.15,35633.92,4093.25,5.274806701030927,0.4832474226804124,0.26288659793814434,0.13144329896907217,0.0050665208879629295,0.165,0.09,0.2655,0.8999999999999999,807.0400000000001,0.12242268041237113,0.7461340206185567,0.11486948390746794,45.919999999999995,0.8500000000000001,14.016176470588237,1163.91,681,0.8775773195876289
Kebabs/Mediterranean,25614,Greek Grill,Ghost Kitchen,West Auckland,1.04,42.6,532,25,1065.0,279,152,76,11885.4,6475.2,3237.6,0.266277984890621,0.221162783249747,0.28,4,1.18,89.68,545.88,2764.06,1505.87,1569.78,0.05,0.55,0.3,0.15,22663.199999999997,6385.589999999999,12.00298872180451,0.5244360902255639,0.28571428571428575,0.14285714285714288,0.0039570757880617044,0.15400000000000003,0.084,0.177,0.6,553.28,0.04699248120300752,0.8101503759398496,0.2817602986339087,42.599999999999994,0.8500000000000001,20.655,4269.93,507,0.9530075187969925
Kebabs/Mediterranean,26105,Spice House,Full-service,South Auckland,1.05,40.7,1617,363,14774.1,690,376,188,28083.0,15303.2,7651.6,0.356935667223297,0.520855247438885,0.32,12,3.54,665.52,1805.53,-5554.56,-3026.83,269.58,0.29,0.55,0.3,0.15,65811.90000000001,-6506.280000000001,-4.023673469387756,0.42671614100185523,0.23252937538651822,0.11626468769325911,0.010112456865703617,0.17600000000000002,0.096,0.531,1.7999999999999998,1697.8500000000001,0.22448979591836732,0.6592455163883734,-0.09886175600461314,40.7,0.8500000000000001,1.433936170212766,-8581.39,1254,0.7755102040816326
Kebabs/Mediterranean,26223,Spice Kitchen,QSR,CBD,0.99,31.53,1159,105,3310.65,580,316,158,18287.4,9963.48,4981.74,0.253054095152766,0.443018969800323,0.31,4,1.18,186.44,1006.2,-111.06,-60.51,1327.64,0.1,0.55,0.3,0.15,36543.270000000004,2162.2700000000004,1.8656341673856778,0.5004314063848144,0.27264883520276095,0.13632441760138048,0.00510189701140593,0.1705,0.093,0.177,0.6,1147.41,0.09059534081104399,0.7730802415875755,0.05917012900049722,31.530000000000005,0.8500000000000001,8.402784810126583,-171.57,1054,0.909404659188956
Kebabs/Mediterranean,25024,Souvlaki Eatery,Ghost Kitchen,West Auckland,1.04,35.37,1141,54,1909.98,598,326,163,21151.26,11530.62,5765.31,0.255490079778247,0.292746339703444,0.27,10,2.95,480.85,862.86,3844.53,2095.85,2123.71,0.05,0.55,0.3,0.15,40357.17,8926.95,7.823794916739702,0.5241016652059597,0.28571428571428575,0.14285714285714288,0.01191485924310352,0.14850000000000002,0.081,0.4425,1.5,1186.64,0.04732690622261174,0.8098159509202454,0.22119861229119883,35.37,0.8500000000000001,13.028895705521473,5940.38,1087,0.9526730937773883
Kebabs/Mediterranean,25289,Greek Bistro,QSR,West Auckland,1.04,34.89,789,65,2267.85,398,217,109,13886.22,7571.13,3803.01,0.254023479968309,0.418164386041462,0.31,17,5.02,547.18,743.43,247.34,134.86,699.49,0.09,0.55,0.3,0.15,27528.21,1825.1200000000001,2.3132065906210393,0.5044359949302915,0.2750316856780735,0.138149556400507,0.01987706429150315,0.1705,0.093,0.7529999999999999,2.55,820.5600000000001,0.08238276299112801,0.779467680608365,0.06629998826658182,34.89,0.8500000000000001,6.417339449541284,382.20000000000005,724,0.917617237008872
Kebabs/Mediterranean,25175,Greek Bistro,Full-service,CBD,0.99,33.4,1342,259,8650.6,596,325,162,19906.4,10855.0,5410.8,0.364125221897848,0.467583471233957,0.3,12,3.54,573.48,1455.82,-2621.85,-1429.7,337.11,0.24,0.55,0.3,0.15,44822.8,-2258.62,-1.6830253353204172,0.44411326378539495,0.24217585692995527,0.12071535022354694,0.012794381430878927,0.165,0.09,0.531,1.7999999999999998,1328.58,0.19299552906110282,0.6862891207153502,-0.050389980099413686,33.400000000000006,0.8500000000000001,2.080925925925926,-4051.55,1083,0.8070044709388972
Kebabs/Mediterranean,25007,Greek Cafe,Cafe,South Auckland,1.05,33.52,734,95,3184.4,351,192,96,11765.52,6435.84,3217.92,0.236895952448249,0.400437305308878,0.31,13,3.84,368.64,1154.88,619.65,338.95,798.39,0.15,0.55,0.3,0.15,24603.68,2911.87,3.967125340599455,0.4782016348773842,0.2615803814713896,0.1307901907356948,0.014983124475688189,0.1705,0.093,0.576,1.95,770.7,0.12942779291553133,0.7397820163487738,0.1183509946479551,33.52,0.8500000000000001,8.3165625,958.5999999999999,639,0.8705722070844687
Kebabs/Mediterranean,26466,Ottoman Bistro,Full-service,South Auckland,1.05,45.45,942,169,7681.05,425,232,116,19316.25,10544.4,5272.2,0.369745925301686,0.515077800536528,0.32,3,0.89,103.24,884.67,-3956.43,-2159.74,503.99,0.22,0.55,0.3,0.15,42813.899999999994,-4727.51,-5.018588110403397,0.451167728237792,0.24628450106157115,0.12314225053078558,0.002411366402032985,0.17600000000000002,0.096,0.1335,0.44999999999999996,989.1,0.1794055201698514,0.6974522292993632,-0.11041998042691745,45.449999999999996,0.8500000000000001,4.344741379310345,-6116.17,773,0.8205944798301487
Kebabs/Mediterranean,25305,Souvlaki Grill,Full-service,West Auckland,1.04,41.02,789,167,6850.34,342,187,93,14028.84,7670.74,3814.86,0.357983699010219,0.51328998929821,0.31,13,3.84,357.12,881.82,-2543.06,-1390.5,133.95,0.27,0.55,0.3,0.15,32364.78,-2917.79,-3.69808618504436,0.4334600760456274,0.2370088719898606,0.11787072243346008,0.011034216824585243,0.1705,0.093,0.576,1.95,820.5600000000001,0.211660329531052,0.6704689480354881,-0.09015324683189566,41.019999999999996,0.8500000000000001,1.4403225806451612,-3933.56,622,0.788339670468948
Kebabs/Mediterranean,26611,Souvlaki House,Cafe,West Auckland,1.04,40.69,1066,79,3214.51,543,296,148,22094.67,12044.24,6022.12,0.259203197583556,0.421712190238759,0.27,16,4.72,698.56,1025.7,1084.51,591.19,1223.01,0.08,0.55,0.3,0.15,43375.54,3924.41,3.681435272045028,0.5093808630393996,0.2776735459662289,0.13883677298311445,0.016104929183590567,0.14850000000000002,0.081,0.708,2.4,1108.64,0.07410881801125704,0.7870544090056284,0.09047518486225185,40.69,0.8500000000000001,8.263581081081082,1675.7,987,0.925891181988743
Kebabs/Mediterranean,25980,Mediterranean Diner,Cafe,North Shore,1.03,43.12,1379,113,4872.56,696,380,190,30011.52,16385.6,8192.8,0.202285920605063,0.376177825545892,0.28,18,5.31,1008.9,2053.96,4247.72,2319.16,2444.66,0.09,0.55,0.3,0.15,59462.479999999996,11065.5,8.024292965917331,0.504713560551124,0.27556200145032633,0.13778100072516317,0.016967001712676632,0.15400000000000003,0.084,0.7964999999999999,2.6999999999999997,1420.3700000000001,0.08194343727338653,0.7802755620014503,0.18609213742850955,43.12,0.8500000000000001,12.866631578947368,6566.88,1266,0.9180565627266135
Kebabs/Mediterranean,26125,Souvlaki Cafe,QSR,South Auckland,1.05,45.72,739,85,3886.2,360,196,98,16459.2,8961.12,4480.56,0.242075206153095,0.362840295652859,0.3,17,5.02,491.96,1535.38,1565.01,852.06,1278.24,0.13,0.55,0.3,0.15,33787.08,5230.6900000000005,7.078064952638702,0.48714479025710417,0.2652232746955345,0.13261163734776726,0.014560595351832711,0.165,0.09,0.7529999999999999,2.55,775.95,0.11502029769959403,0.7523680649526386,0.15481331917407484,45.72,0.8500000000000001,13.04326530612245,2417.0699999999997,654,0.8849797023004059
Kebabs/Mediterranean,26018,Spice Diner,Full-service,West Auckland,1.04,43.73,584,131,5728.63,249,136,68,10888.77,5947.28,2973.64,0.367173612606712,0.522325868345797,0.32,8,2.36,160.48,633.02,-2281.19,-1245.95,168.11,0.29,0.55,0.3,0.15,25538.32,-2726.0099999999998,-4.667825342465753,0.42636986301369867,0.2328767123287671,0.11643835616438356,0.006283890248066435,0.17600000000000002,0.096,0.354,1.2,607.36,0.2243150684931507,0.6592465753424658,-0.1067419470035617,43.73,0.8500000000000001,2.4722058823529416,-3527.1400000000003,453,0.7756849315068494
Kebabs/Mediterranean,25832,Greek Grill,Full-service,North Shore,1.03,44.16,1885,352,15544.32,843,460,230,37226.88,20313.6,10156.8,0.353877747489605,0.474787499988452,0.32,16,4.72,1085.6,2663.28,-5534.34,-3019.93,654.61,0.23,0.55,0.3,0.15,83241.59999999999,-5236.38,-2.777920424403183,0.4472148541114058,0.2440318302387268,0.1220159151193634,0.013041556145004421,0.17600000000000002,0.096,0.708,2.4,1941.55,0.186737400530504,0.6912466843501327,-0.06290580671202861,44.16,0.8500000000000001,2.8461304347826086,-8554.27,1533,0.813262599469496
Kebabs/Mediterranean,25713,Mediterranean Grill,Full-service,CBD,0.99,35.19,1050,144,5067.36,498,272,136,17524.62,9571.68,4785.84,0.386786557815503,0.529788629314862,0.32,13,3.84,522.24,422.74,-4145.89,-2264.42,-122.98,0.16,0.55,0.3,0.15,36949.5,-6110.55,-5.819571428571429,0.47428571428571425,0.2590476190476191,0.12952380952380954,0.014133885438233264,0.17600000000000002,0.096,0.576,1.95,1039.5,0.13714285714285712,0.7333333333333333,-0.16537571550359276,35.19,0.8500000000000001,-0.904264705882353,-6410.31,906,0.8628571428571429
Kebabs/Mediterranean,26475,Greek Tavern,Cafe,South Auckland,1.05,43.63,554,68,2966.84,267,146,73,11649.21,6369.98,3184.99,0.248891774062067,0.402402316173539,0.32,11,3.25,237.25,1034.55,334.4,182.86,873.37,0.14,0.55,0.3,0.15,24171.019999999997,2425.18,4.377581227436822,0.48194945848375453,0.26353790613718414,0.13176895306859207,0.00981547324026872,0.17600000000000002,0.096,0.4875,1.65,581.7,0.12274368231046934,0.7454873646209387,0.10033420186653273,43.629999999999995,0.8500000000000001,11.963972602739727,517.26,486,0.8772563176895307
Kebabs/Mediterranean,26502,Mediterranean House,Ghost Kitchen,CBD,0.99,40.08,491,40,1603.2,248,135,68,9939.84,5410.8,2725.44,0.276130198792089,0.246165007574018,0.3,16,4.72,320.96,765.86,1766.36,961.53,981.0,0.09,0.55,0.3,0.15,19679.28,4474.75,9.113543788187373,0.505091649694501,0.274949083503055,0.1384928716904277,0.016309539779910648,0.165,0.09,0.708,2.4,486.09,0.0814663951120163,0.7800407331975561,0.22738382705058316,40.08,0.8500000000000001,14.426470588235293,2727.89,451,0.9185336048879837
Kebabs/Mediterranean,25288,Mediterranean House,QSR,West Auckland,1.04,45.09,1015,92,4148.28,508,277,138,22905.72,12489.93,6222.42,0.216415446083993,0.364264163793996,0.29,4,1.18,162.84,1739.46,2962.18,1615.2,2446.35,0.1,0.55,0.3,0.15,45766.35,8763.189999999999,8.633684729064038,0.5004926108374385,0.2729064039408867,0.13596059113300493,0.003558072688776798,0.1595,0.087,0.177,0.6,1055.6000000000001,0.09064039408866995,0.7733990147783252,0.1914767072314047,45.089999999999996,0.8500000000000001,17.727173913043476,4577.38,923,0.90935960591133
Kebabs/Mediterranean,25773,Spice Bistro,Full-service,CBD,0.99,37.45,1507,240,8988.0,697,380,190,26102.65,14231.0,7115.5,0.370961641636677,0.509873623633757,0.31,9,2.66,505.4,1071.05,-4981.31,-2715.78,342.52,0.19,0.55,0.3,0.15,56437.15,-6283.52,-4.169555408095555,0.46250829462508297,0.252156602521566,0.126078301260783,0.008955094295158419,0.1705,0.093,0.399,1.3499999999999999,1491.93,0.159256801592568,0.7146648971466489,-0.11133659300655685,37.45,0.8500000000000001,1.802736842105263,-7697.09,1267,0.840743198407432
Kebabs/Mediterranean,25225,Souvlaki Bistro,QSR,West Auckland,1.04,46.53,819,81,3768.93,406,221,111,18891.18,10283.13,5164.83,0.262682405784726,0.401916302880272,0.3,8,2.36,261.96,1264.1,668.77,364.04,1470.33,0.11,0.55,0.3,0.15,38108.07,3767.24,4.599804639804639,0.49572649572649574,0.2698412698412698,0.13553113553113552,0.006874134533709001,0.165,0.09,0.354,1.2,851.76,0.0989010989010989,0.7655677655677655,0.09885675133902083,46.53,0.8500000000000001,13.246216216216215,1032.81,738,0.9010989010989011
Kebabs/Mediterranean,25454,Ottoman Tavern,QSR,West Auckland,1.04,39.95,823,81,3235.95,408,223,111,16299.6,8908.85,4434.45,0.256565088704228,0.421104991156608,0.29,13,3.84,426.24,1043.04,526.96,288.02,1003.12,0.11,0.55,0.3,0.15,32878.85,2861.14,3.4764763061968407,0.4957472660996355,0.2709599027946537,0.13487241798298907,0.012963957072707836,0.1595,0.087,0.576,1.95,855.9200000000001,0.09842041312272175,0.7667071688942892,0.08702068350930765,39.949999999999996,0.8500000000000001,9.037117117117116,814.98,742,0.9015795868772782
Kebabs/Mediterranean,25248,Spice Diner,Ghost Kitchen,South Auckland,1.05,33.77,603,49,1654.73,305,166,83,10299.85,5605.82,2802.91,0.283417476492468,0.303180989366956,0.31,5,1.48,122.84,684.07,1065.02,579.65,1035.89,0.09,0.55,0.3,0.15,20363.31,3364.63,5.579817578772803,0.5058043117744611,0.275290215588723,0.1376451077943615,0.006032418108843798,0.1705,0.093,0.222,0.75,633.15,0.08126036484245439,0.7810945273631841,0.16523001417745936,33.77,0.8500000000000001,12.480602409638555,1644.67,554,0.9187396351575456
Kebabs/Mediterranean,25371,Ottoman Diner,Cafe,CBD,0.99,35.67,711,64,2282.88,356,194,97,12698.52,6919.98,3459.99,0.225877578500658,0.355963769042864,0.31,14,4.13,400.61,954.61,1373.45,748.46,1046.21,0.1,0.55,0.3,0.15,25361.370000000003,4122.73,5.798495077355836,0.50070323488045,0.27285513361462727,0.13642756680731363,0.01579607095358019,0.1705,0.093,0.6194999999999999,2.1,703.89,0.090014064697609,0.7735583684950773,0.16255943586643778,35.67,0.8500000000000001,10.785670103092784,2121.91,647,0.909985935302391
Kebabs/Mediterranean,26629,Souvlaki Grill,Cafe,West Auckland,1.04,38.33,763,99,3794.67,365,199,100,13990.45,7627.67,3833.0,0.257246895227581,0.447942201863043,0.28,17,5.02,502.0,1118.71,207.21,112.97,628.01,0.15,0.55,0.3,0.15,29245.79,2066.9,2.7089121887287027,0.4783748361730013,0.2608125819134993,0.1310615989515072,0.01716486372910426,0.15400000000000003,0.084,0.7529999999999999,2.55,793.52,0.12975098296199214,0.7391874180865007,0.07067342000335775,38.33,0.8500000000000001,6.2801,320.18,664,0.8702490170380078
Kebabs/Mediterranean,25943,Spice Bistro,Cafe,South Auckland,1.05,36.29,880,87,3157.23,436,238,119,15822.44,8637.02,4318.51,0.251256800014526,0.375119053549133,0.28,13,3.84,456.96,1179.62,1481.36,808.63,1156.54,0.11,0.55,0.3,0.15,31935.200000000004,4626.15,5.256988636363636,0.4954545454545454,0.27045454545454545,0.13522727272727272,0.014308975675743378,0.15400000000000003,0.084,0.576,1.95,924.0,0.09886363636363635,0.7659090909090908,0.1448605300733986,36.290000000000006,0.8500000000000001,9.718823529411765,2289.99,793,0.9011363636363636
Kebabs/Mediterranean,25016,Greek House,Ghost Kitchen,CBD,0.99,32.39,1544,101,3271.39,794,433,216,25717.66,14024.87,6996.24,0.253185342159122,0.264860429789405,0.31,13,3.84,829.44,1576.66,4422.26,2411.64,2542.43,0.07,0.55,0.3,0.15,50010.159999999996,10952.99,7.093905440414508,0.5142487046632125,0.2804404145077721,0.13989637305699482,0.01658542984065638,0.1705,0.093,0.576,1.95,1528.56,0.06541450777202072,0.7946891191709845,0.21901529609183415,32.39,0.8500000000000001,11.770509259259258,6833.9,1443,0.9345854922279793
Kebabs/Mediterranean,25740,Mediterranean Corner,QSR,CBD,0.99,41.47,1106,135,5598.45,534,291,146,22144.98,12067.77,6054.62,0.242561650462449,0.398084158846177,0.29,12,3.54,516.84,2011.83,1535.85,836.95,1658.91,0.14,0.55,0.3,0.15,45865.82,6043.54,5.464321880650995,0.48282097649186256,0.2631103074141049,0.13200723327305605,0.011268521962542043,0.1595,0.087,0.531,1.7999999999999998,1094.94,0.1220614828209765,0.7459312839059674,0.1317656590463225,41.47,0.8500000000000001,11.362397260273973,2372.8,971,0.8779385171790235
Kebabs/Mediterranean,25276,Souvlaki Corner,Full-service,West Auckland,1.04,31.87,1282,256,8158.72,564,308,154,17974.68,9815.96,4907.98,0.393898058764171,0.48371247688774,0.32,14,4.13,636.02,998.54,-3551.99,-1939.74,-35.33,0.25,0.55,0.3,0.15,40857.34,-4528.5199999999995,-3.5323868954758186,0.4399375975039002,0.24024960998439937,0.12012480499219969,0.015566847964160174,0.17600000000000002,0.096,0.6194999999999999,2.1,1333.28,0.19968798751950081,0.6801872074882995,-0.11083736728822777,31.869999999999997,0.8500000000000001,-0.2294155844155844,-5491.73,1026,0.8003120124804992
Kebabs/Mediterranean,26124,Mediterranean Tavern,QSR,West Auckland,1.04,32.43,1426,175,5675.25,688,375,188,22311.84,12161.25,6096.84,0.25688427304849,0.368377372855321,0.29,4,1.18,221.84,2126.73,1890.67,1030.52,2062.88,0.14,0.55,0.3,0.15,46245.17999999999,7110.8,4.986535764375876,0.48246844319775606,0.2629733520336606,0.1318373071528752,0.004797040469947355,0.1595,0.087,0.177,0.6,1483.04,0.1227208976157083,0.7454417952314166,0.15376305163046183,32.42999999999999,0.8500000000000001,10.972765957446809,2921.19,1251,0.8772791023842917
Kebabs/Mediterranean,25789,Spice Eatery,QSR,South Auckland,1.05,32.44,1444,166,5385.04,703,383,192,22805.32,12424.52,6228.48,0.273825882058591,0.4353035336826,0.31,7,2.07,397.44,1566.35,-436.25,-237.67,1414.24,0.13,0.55,0.3,0.15,46843.36,2306.67,1.5974168975069252,0.4868421052631579,0.26523545706371193,0.13296398891966757,0.008484446888523794,0.1705,0.093,0.31049999999999994,1.05,1516.2,0.1149584487534626,0.7520775623268697,0.04924219782697057,32.44,0.8500000000000001,7.365833333333334,-673.92,1278,0.8850415512465374
Kebabs/Mediterranean,26350,Ottoman Corner,Cafe,CBD,0.99,43.19,988,121,5225.99,477,260,130,20601.63,11229.4,5614.7,0.257561586480588,0.395663524908014,0.27,5,1.48,192.4,1812.24,1581.69,862.14,1754.64,0.14,0.55,0.3,0.15,42671.72,6010.710000000001,6.083714574898786,0.4827935222672065,0.2631578947368421,0.13157894736842105,0.00450884098414594,0.14850000000000002,0.081,0.222,0.75,978.12,0.12246963562753035,0.7459514170040485,0.14085933259779546,43.19,0.8500000000000001,13.49723076923077,2443.83,867,0.8775303643724697
Kebabs/Mediterranean,25628,Souvlaki Kitchen,Full-service,West Auckland,1.04,33.05,652,99,3271.95,304,166,83,10047.2,5486.3,2743.15,0.38492362027755,0.490895911841653,0.32,11,3.25,269.75,406.31,-1967.44,-1074.32,70.9,0.18,0.55,0.3,0.15,21548.600000000002,-2564.5499999999997,-3.933358895705521,0.4662576687116564,0.254601226993865,0.1273006134969325,0.01251821464039427,0.17600000000000002,0.096,0.4875,1.65,678.08,0.151840490797546,0.7208588957055214,-0.11901237203344994,33.050000000000004,0.8500000000000001,0.8542168674698796,-3041.76,553,0.848159509202454
Kebabs/Mediterranean,26383,Spice Grill,Ghost Kitchen,CBD,0.99,43.64,909,75,3273.0,459,250,125,20030.76,10910.0,5455.0,0.288354203477502,0.245657608332112,0.31,11,3.25,406.25,1525.18,3124.56,1701.83,2135.72,0.09,0.55,0.3,0.15,39668.759999999995,8487.289999999999,9.336952695269526,0.504950495049505,0.27502750275027504,0.13751375137513752,0.010241056186278574,0.1705,0.093,0.4875,1.65,899.91,0.08250825082508252,0.77997799779978,0.21395400309966836,43.63999999999999,0.8500000000000001,17.085759999999997,4826.389999999999,834,0.9174917491749175
Kebabs/Mediterranean,25265,Spice Corner,Cafe,CBD,0.99,44.54,1057,121,5389.34,515,281,140,22938.1,12515.74,6235.6,0.279153475873172,0.393721630284563,0.3,14,4.13,578.2,1762.99,622.19,339.49,1461.62,0.13,0.55,0.3,0.15,47078.78,4186.29,3.960539262062441,0.48722800378429515,0.26584673604541154,0.13245033112582782,0.012281541705201368,0.165,0.09,0.6194999999999999,2.1,1046.43,0.11447492904446548,0.7530747398297066,0.08892095334670949,44.54,0.8500000000000001,10.440142857142856,961.6800000000001,936,0.8855250709555346
Kebabs/Mediterranean,26070,Ottoman Kitchen,Cafe,South Auckland,1.05,40.64,1068,97,3942.08,534,291,146,21701.76,11826.24,5933.44,0.23301796503365,0.408658240712248,0.33,16,4.72,689.12,1412.54,614.68,334.96,1436.97,0.1,0.55,0.3,0.15,43403.52,3799.1499999999996,3.557256554307116,0.5,0.27247191011235955,0.13670411985018727,0.015877053289687106,0.18150000000000002,0.099,0.708,2.4,1121.4,0.09082397003745318,0.7724719101123596,0.08753091915125778,40.63999999999999,0.8500000000000001,9.842260273972602,949.6399999999999,971,0.9091760299625468
Kebabs/Mediterranean,26374,Mediterranean Cafe,Full-service,CBD,0.99,31.57,1365,188,5935.16,647,353,177,20425.79,11144.21,5587.89,0.371638254763093,0.458731450373307,0.3,15,4.43,784.11,1006.78,-2662.9,-1452.87,163.77,0.16,0.55,0.3,0.15,43093.05,-2945.22,-2.1576703296703297,0.473992673992674,0.2586080586080586,0.12967032967032968,0.018195741540689276,0.165,0.09,0.6645,2.25,1351.35,0.1377289377289377,0.7326007326007326,-0.06834559169053941,31.570000000000004,0.8500000000000001,0.9252542372881356,-4115.77,1177,0.8622710622710623
Kebabs/Mediterranean,25996,Mediterranean Tavern,Full-service,South Auckland,1.05,35.33,1777,366,12930.78,776,423,212,27416.08,14944.59,7489.96,0.365926621656399,0.490341197722591,0.28,5,1.48,313.76,1858.57,-3735.93,-2036.47,762.79,0.26,0.55,0.3,0.15,62781.409999999996,-3151.04,-1.773235790658413,0.4366910523353968,0.23804164321890828,0.11930219471018572,0.004997657746138547,0.15400000000000003,0.084,0.222,0.75,1865.8500000000001,0.2059651097355093,0.674732695554305,-0.050190653570858,35.33,0.8500000000000001,3.598066037735849,-5772.4,1411,0.7940348902644907
Kebabs/Mediterranean,25955,Mediterranean Diner,Cafe,South Auckland,1.05,43.46,1369,146,6345.16,673,367,183,29248.58,15949.82,7953.18,0.264182696025819,0.356815892038867,0.31,6,1.77,323.91,2404.82,2018.19,1100.56,2690.36,0.12,0.55,0.3,0.15,59496.740000000005,8213.93,5.999948867786705,0.491599707815924,0.2680788897005113,0.13367421475529584,0.0054441638314973225,0.1705,0.093,0.2655,0.8999999999999999,1437.45,0.1066471877282688,0.7596785975164353,0.13805680781837795,43.46,0.8500000000000001,14.701420765027324,3118.75,1223,0.8933528122717312
Kebabs/Mediterranean,26537,Souvlaki Tavern,Cafe,South Auckland,1.05,42.82,1662,216,9249.12,795,434,217,34041.9,18583.88,9291.94,0.239814326744527,0.414505169214681,0.28,4,1.18,256.06,3197.24,2235.89,1220.6,2955.98,0.15,0.55,0.3,0.15,71166.84000000001,9609.71,5.782015643802647,0.4783393501805054,0.26113116726835134,0.13056558363417567,0.003598024023548045,0.15400000000000003,0.084,0.177,0.6,1745.1000000000001,0.1299638989169675,0.7394705174488566,0.1350307249837143,42.82000000000001,0.8500000000000001,13.622027649769585,3456.49,1446,0.8700361010830325
Kebabs/Mediterranean,25743,Spice Bistro,QSR,North Shore,1.03,36.61,1357,123,4503.03,679,370,185,24858.19,13545.7,6772.85,0.204481605421752,0.414568058564328,0.32,17,5.02,928.7,1715.43,1515.12,825.61,1651.42,0.1,0.55,0.3,0.15,49679.77,5707.58,4.206028002947678,0.5003684598378777,0.27266028002947684,0.13633014001473842,0.0186937258364924,0.17600000000000002,0.096,0.7529999999999999,2.55,1397.71,0.09064112011790715,0.7730287398673545,0.11488740789258887,36.61,0.8500000000000001,8.926594594594595,2340.73,1234,0.9093588798820929
Kebabs/Mediterranean,26540,Mediterranean Grill,Cafe,CBD,0.99,37.77,1177,126,4759.02,578,315,158,21831.06,11897.55,5967.66,0.240826117321849,0.400244645262137,0.28,11,3.25,513.5,1708.15,1723.11,939.06,1628.47,0.12,0.55,0.3,0.15,44455.29000000001,5998.79,5.096677994902294,0.4910790144435004,0.26762956669498716,0.1342395921835174,0.011550931283993421,0.15400000000000003,0.084,0.4875,1.65,1165.23,0.1070518266779949,0.7587085811384876,0.13493984630400563,37.77000000000001,0.8500000000000001,10.306772151898734,2662.17,1051,0.892948173322005
Kebabs/Mediterranean,26662,Souvlaki Diner,QSR,CBD,0.99,41.0,992,106,4346.0,487,266,133,19967.0,10906.0,5453.0,0.252186945099384,0.449155660392717,0.3,9,2.66,353.78,1297.97,-26.81,-14.64,1274.8,0.12,0.55,0.3,0.15,40672.0,2531.3199999999997,2.5517338709677415,0.4909274193548387,0.26814516129032256,0.13407258064516128,0.008698367427222659,0.165,0.09,0.399,1.3499999999999999,982.08,0.10685483870967742,0.7590725806451613,0.06223741148701809,41.0,0.8500000000000001,9.584962406015038,-41.45,886,0.8931451612903226
Kebabs/Mediterranean,26243,Mediterranean Tavern,Full-service,South Auckland,1.05,33.24,865,138,4587.12,400,218,109,13296.0,7246.32,3623.16,0.360161935002543,0.530864983261563,0.27,18,5.31,578.79,499.87,-2141.01,-1166.85,-183.96,0.19,0.55,0.3,0.15,28752.6,-2991.9500000000003,-3.4589017341040464,0.46242774566473993,0.2520231213872832,0.1260115606936416,0.020130005634273074,0.14850000000000002,0.081,0.7964999999999999,2.6999999999999997,908.25,0.15953757225433526,0.7144508670520231,-0.10405841558676435,33.239999999999995,0.8500000000000001,-1.6877064220183486,-3307.86,727,0.8404624277456647
Kebabs/Mediterranean,26609,Greek Grill,Cafe,West Auckland,1.04,39.38,1192,146,5749.48,575,314,157,22643.5,12365.32,6182.66,0.273661237359047,0.37486298813019,0.31,14,4.13,648.41,2020.8,939.16,512.86,1524.65,0.14,0.55,0.3,0.15,46940.96000000001,4997.47,4.192508389261745,0.4823825503355704,0.2634228187919463,0.13171140939597314,0.013813309314509118,0.1705,0.093,0.6194999999999999,2.1,1239.68,0.12248322147651004,0.7458053691275167,0.10646288444036935,39.38,0.8500000000000001,9.711146496815287,1452.02,1046,0.87751677852349
Kebabs/Mediterranean,26367,Greek Kitchen,QSR,North Shore,1.03,44.94,1471,180,8089.2,710,387,194,31907.4,17391.78,8718.36,0.253196105267853,0.357677389797755,0.29,14,4.13,801.22,3147.72,3162.87,1723.99,2591.32,0.14,0.55,0.3,0.15,66106.73999999999,10625.9,7.223589394969408,0.4826648538409246,0.26308633582596874,0.13188307273963293,0.012120095469841656,0.1595,0.087,0.6194999999999999,2.1,1515.13,0.12236573759347384,0.7457511896668934,0.16073852681284845,44.93999999999999,0.8500000000000001,13.357319587628867,4886.86,1291,0.8776342624065262
Kebabs/Mediterranean,26073,Souvlaki Corner,Ghost Kitchen,North Shore,1.03,31.72,464,13,412.36,248,135,68,7866.56,4282.2,2156.96,0.286935223895125,0.337176509120036,0.3,13,3.84,261.12,155.0,596.98,324.97,549.66,0.03,0.55,0.3,0.15,14718.079999999998,1626.6100000000001,3.505625,0.5344827586206897,0.290948275862069,0.14655172413793105,0.01774144453624386,0.165,0.09,0.576,1.95,477.92,0.02801724137931035,0.8254310344827588,0.11051781210592689,31.719999999999995,0.8500000000000001,8.083235294117646,921.95,451,0.9719827586206896
Kebabs/Mediterranean,25415,Greek Tavern,QSR,South Auckland,1.05,33.05,1029,76,2511.8,524,286,143,17318.2,9452.3,4726.15,0.257650163397193,0.444915941148065,0.29,12,3.54,506.22,747.09,128.74,70.27,899.5,0.08,0.55,0.3,0.15,34008.45,1845.6,1.7935860058309037,0.5092322643343052,0.27793974732750243,0.13896987366375121,0.01488512413826564,0.1595,0.087,0.531,1.7999999999999998,1080.45,0.07385811467444121,0.7871720116618076,0.05426886553194868,33.05,0.8500000000000001,6.29020979020979,199.01,953,0.9261418853255587
Kebabs/Mediterranean,26389,Ottoman Bistro,QSR,CBD,0.99,44.53,799,98,4363.94,386,210,105,17188.58,9351.3,4675.65,0.237571332715452,0.408935232157819,0.32,10,2.95,309.75,1542.62,575.7,313.21,1343.06,0.14,0.55,0.3,0.15,35579.47,3774.5899999999997,4.724142678347935,0.4831038798498123,0.26282853566958697,0.13141426783479349,0.008705863240795886,0.17600000000000002,0.096,0.4425,1.5,791.01,0.12265331664580724,0.7459324155193993,0.1060889889590823,44.53,0.8500000000000001,12.79104761904762,888.9100000000001,701,0.8773466833541927
Kebabs/Mediterranean,25011,Greek Cafe,Ghost Kitchen,CBD,0.99,44.49,584,38,1690.62,300,164,82,13347.0,7296.36,3648.18,0.256190317415167,0.24788753275061,0.3,6,1.77,145.14,838.42,2614.97,1429.52,1664.07,0.07,0.55,0.3,0.15,25982.16,6546.98,11.210582191780821,0.5136986301369864,0.2808219178082192,0.1404109589041096,0.005586140644195863,0.165,0.09,0.2655,0.8999999999999999,578.16,0.06506849315068493,0.7945205479452055,0.2519798199995689,44.49,0.8500000000000001,20.293536585365853,4044.49,546,0.934931506849315
Kebabs/Mediterranean,25079,Spice Corner,Cafe,South Auckland,1.05,33.15,1159,133,4408.95,564,308,154,18696.6,10210.2,5105.1,0.221820098869503,0.397894586995244,0.27,13,3.84,591.36,1676.66,2061.96,1126.04,1350.03,0.13,0.55,0.3,0.15,38420.85,6214.69,5.362113891285591,0.48662640207075064,0.2657463330457291,0.13287316652286454,0.015391642818938156,0.14850000000000002,0.081,0.576,1.95,1216.95,0.11475409836065574,0.7523727351164797,0.1617530585606513,33.15,0.8500000000000001,8.766428571428571,3188.0,1026,0.8852459016393442
Kebabs/Mediterranean,25805,Greek Diner,QSR,North Shore,1.03,37.52,827,88,3301.76,406,222,111,15233.12,8329.44,4164.72,0.268282534554601,0.427071230439469,0.27,13,3.84,426.24,1005.87,527.77,288.58,842.53,0.12,0.55,0.3,0.15,31029.04,2664.75,3.2221886336154775,0.4909310761789601,0.26844014510278114,0.13422007255139057,0.013736809131059163,0.14850000000000002,0.081,0.576,1.95,851.8100000000001,0.1064087061668682,0.7593712212817413,0.08587922797482617,37.52,0.8500000000000001,7.59036036036036,816.3499999999999,739,0.8935912938331319
Kebabs/Mediterranean,25339,Ottoman Diner,Full-service,South Auckland,1.05,46.26,1762,229,10593.54,843,460,230,38997.18,21279.6,10639.8,0.355174614931457,0.535524720861577,0.3,15,4.43,1018.9,1157.88,-7436.74,-4058.01,144.04,0.15,0.55,0.3,0.15,81510.12000000001,-10192.829999999998,-5.784807037457433,0.4784335981838819,0.2610669693530079,0.13053348467650394,0.012500288307758593,0.165,0.09,0.6645,2.25,1850.1000000000001,0.1299659477866061,0.7395005675368898,-0.12504987110802926,46.260000000000005,0.8500000000000001,0.6262608695652173,-11494.75,1533,0.8700340522133939
Kebabs/Mediterranean,26092,Mediterranean Cafe,QSR,South Auckland,1.05,33.15,656,65,2154.75,325,177,89,10773.75,5867.55,2950.35,0.200747563447803,0.442062316881493,0.3,18,5.31,472.59,769.66,616.15,335.57,581.25,0.11,0.55,0.3,0.15,21746.399999999998,2302.63,3.5101067073170733,0.49542682926829273,0.2698170731707317,0.13567073170731708,0.021731872861715042,0.165,0.09,0.7964999999999999,2.6999999999999997,688.8000000000001,0.09908536585365854,0.7652439024390244,0.10588557186476844,33.15,0.8500000000000001,6.530898876404494,951.72,591,0.9009146341463414
Kebabs/Mediterranean,25985,Greek House,Ghost Kitchen,West Auckland,1.04,34.05,1044,86,2928.3,527,287,144,17944.35,9772.35,4903.2,0.270674161799252,0.240603015443776,0.28,18,5.31,764.64,1431.13,3745.4,2039.71,1631.67,0.09,0.55,0.3,0.15,35548.2,8847.91,8.47500957854406,0.5047892720306514,0.274904214559387,0.13793103448275862,0.02150994987087954,0.15400000000000003,0.084,0.7964999999999999,2.6999999999999997,1085.76,0.08237547892720308,0.7796934865900383,0.24889895972229256,34.05,0.8500000000000001,11.331041666666668,5785.110000000001,958,0.9176245210727969
Kebabs/Mediterranean,25583,Greek House,Full-service,West Auckland,1.04,33.6,963,173,5812.8,435,237,118,14616.0,7963.2,3964.8,0.371883250121027,0.545719661866315,0.31,7,2.07,244.26,478.96,-3326.64,-1812.45,82.43,0.22,0.55,0.3,0.15,32356.8,-4577.7,-4.753582554517134,0.4517133956386293,0.24610591900311526,0.122533748701973,0.007548954161103694,0.1705,0.093,0.31049999999999994,1.05,1001.52,0.17964693665628245,0.6978193146417446,-0.1414756712653909,33.6,0.8500000000000001,0.6985593220338984,-5139.09,790,0.8203530633437176
Kebabs/Mediterranean,25489,Mediterranean House,Cafe,West Auckland,1.04,38.23,1011,108,4128.84,497,271,135,19000.31,10360.33,5161.05,0.257329107895494,0.440343453921378,0.31,14,4.13,557.55,1248.26,-145.78,-79.49,1002.78,0.12,0.55,0.3,0.15,38650.530000000006,2025.77,2.003728981206726,0.4915924826904055,0.268051434223541,0.13353115727002965,0.014425416676045577,0.1705,0.093,0.6194999999999999,2.1,1051.44,0.10682492581602372,0.7596439169139465,0.05241247662063107,38.230000000000004,0.8500000000000001,7.428,-225.26999999999998,903,0.8931750741839762
Kebabs/Mediterranean,26622,Souvlaki Bistro,QSR,South Auckland,1.05,41.47,1412,116,4810.52,713,389,194,29568.11,16131.83,8045.18,0.205360204614699,0.447295912401751,0.32,11,3.25,630.5,1670.9,808.51,441.11,2163.94,0.09,0.55,0.3,0.15,58555.64000000001,5084.46,3.6008923512747875,0.5049575070821529,0.27549575070821525,0.13739376770538242,0.010767536654026836,0.17600000000000002,0.096,0.4875,1.65,1482.6000000000001,0.08215297450424928,0.7804532577903682,0.08683125997768959,41.470000000000006,0.8500000000000001,11.154329896907218,1249.62,1296,0.9178470254957507
Kebabs/Mediterranean,26623,Souvlaki Grill,QSR,West Auckland,1.04,36.11,1464,133,4802.63,732,399,200,26432.52,14407.89,7222.0,0.202095478307456,0.434590043663047,0.31,10,2.95,590.0,1744.87,1409.24,768.15,2033.86,0.1,0.55,0.3,0.15,52865.04,5956.12,4.068387978142076,0.5,0.2725409836065574,0.13661202185792348,0.011160494723923409,0.1705,0.093,0.4425,1.5,1522.56,0.09084699453551913,0.7725409836065574,0.11266651836449948,36.11,0.8500000000000001,10.1693,2177.39,1331,0.9091530054644809
Kebabs/Mediterranean,25208,Mediterranean Corner,QSR,North Shore,1.03,35.47,1588,182,6455.54,773,422,211,27418.31,14968.34,7484.17,0.269747045896947,0.405974163813516,0.29,11,3.25,685.75,2093.39,939.87,513.1,1741.21,0.13,0.55,0.3,0.15,56326.36,5287.57,3.3297040302267003,0.4867758186397985,0.26574307304785894,0.13287153652392947,0.012174583978087702,0.1595,0.087,0.4875,1.65,1635.64,0.11460957178841309,0.7525188916876574,0.09387380970472795,35.47,0.8500000000000001,8.25218009478673,1452.97,1406,0.8853904282115869
Kebabs/Mediterranean,25143,Souvlaki Kitchen,QSR,West Auckland,1.04,39.69,520,38,1508.22,265,145,72,10517.85,5755.05,2857.68,0.275556911025196,0.428960547875613,0.32,15,4.43,318.96,445.65,-257.87,-141.1,525.43,0.08,0.55,0.3,0.15,20638.8,572.1099999999999,1.1002115384615383,0.5096153846153847,0.27884615384615385,0.13846153846153847,0.015454386882958311,0.17600000000000002,0.096,0.6645,2.25,540.8000000000001,0.07307692307692308,0.7884615384615385,0.02772011938678605,39.69,0.8500000000000001,7.297638888888888,-398.97,482,0.926923076923077
Kebabs/Mediterranean,25331,Souvlaki Grill,Full-service,North Shore,1.03,39.06,579,88,3437.28,270,147,74,10546.2,5741.82,2890.44,0.384023830154911,0.486284907977097,0.3,18,5.31,392.94,445.79,-1796.11,-977.88,-18.08,0.18,0.55,0.3,0.15,22615.74,-2346.2799999999997,-4.052297063903281,0.46632124352331605,0.25388601036269426,0.12780656303972365,0.017374624929363352,0.165,0.09,0.7964999999999999,2.6999999999999997,596.37,0.15198618307426598,0.7202072538860104,-0.10374544454437483,39.06,0.8500000000000001,-0.2443243243243243,-2773.99,491,0.8480138169257341
Kebabs/Mediterranean,26254,Spice Cafe,QSR,West Auckland,1.04,34.29,608,74,2537.46,294,160,80,10081.26,5486.4,2743.2,0.237473687045276,0.368509922153316,0.27,18,5.31,424.8,999.8,1250.24,680.4,656.07,0.14,0.55,0.3,0.15,20848.320000000003,3586.51,5.8988651315789475,0.4835526315789473,0.26315789473684204,0.13157894736842102,0.020375742505870972,0.14850000000000002,0.081,0.7964999999999999,2.6999999999999997,632.32,0.12171052631578945,0.7467105263157894,0.1720287294132093,34.290000000000006,0.8500000000000001,8.200875,1930.6399999999999,534,0.8782894736842105
Kebabs/Mediterranean,26424,Ottoman Bistro,Ghost Kitchen,CBD,0.99,32.39,796,45,1457.55,413,225,113,13377.07,7287.75,3660.07,0.27839814517647,0.340822783473413,0.3,5,1.48,167.24,555.0,1080.59,588.7,1226.44,0.06,0.55,0.3,0.15,25782.44,3450.73,4.335087939698492,0.5188442211055276,0.2826633165829146,0.14195979899497488,0.006486585443425836,0.165,0.09,0.222,0.75,788.04,0.056532663316582916,0.8015075376884423,0.13384031922502293,32.39,0.8500000000000001,10.853451327433628,1669.29,751,0.9434673366834171
Kebabs/Mediterranean,25577,Ottoman Kitchen,Cafe,CBD,0.99,31.07,1652,215,6680.05,790,431,216,24545.3,13391.17,6711.12,0.217699735164642,0.435264082648791,0.31,8,2.36,509.76,2318.22,909.06,495.96,1819.24,0.15,0.55,0.3,0.15,51327.64,5542.48,3.35501210653753,0.4782082324455206,0.2608958837772397,0.13075060532687652,0.00993149110303922,0.1705,0.093,0.354,1.2,1635.48,0.1301452784503632,0.7391041162227603,0.10798236583641874,31.07,0.8500000000000001,8.422407407407407,1405.02,1437,0.8698547215496368
Kebabs/Mediterranean,25088,Ottoman Cafe,Ghost Kitchen,West Auckland,1.04,46.15,565,26,1199.9,296,162,81,13660.4,7476.3,3738.15,0.280667682609055,0.34339370484231,0.27,14,4.13,334.53,451.09,1447.16,792.03,1070.78,0.05,0.55,0.3,0.15,26074.75,3761.0599999999995,6.6567433628318575,0.5238938053097345,0.2867256637168142,0.1433628318584071,0.01282965320856384,0.14850000000000002,0.081,0.6194999999999999,2.1,587.6,0.046017699115044254,0.8106194690265487,0.14424145964966106,46.15,0.8500000000000001,13.219506172839505,2239.19,539,0.9539823008849557
Kebabs/Mediterranean,25660,Mediterranean Grill,Cafe,West Auckland,1.04,36.99,1507,111,4105.89,768,419,209,28408.32,15498.81,7730.91,0.205301464088261,0.408271908969618,0.28,17,5.02,1049.18,1586.63,3023.4,1649.49,1938.25,0.08,0.55,0.3,0.15,55743.92999999999,8197.77,5.439794293297943,0.5096217650962177,0.27803583278035837,0.13868613138686134,0.01882142145342103,0.15400000000000003,0.084,0.7529999999999999,2.55,1567.28,0.07365627073656272,0.7876575978765761,0.14706121366039318,36.989999999999995,0.8500000000000001,9.273923444976077,4672.89,1396,0.9263437292634373
Kebabs/Mediterranean,25893,Greek Cafe,Full-service,West Auckland,1.04,41.6,1471,255,10608.0,669,365,182,27830.4,15184.0,7571.2,0.376654151978437,0.451380671747029,0.33,11,3.25,591.5,1824.21,-4398.17,-2399.6,710.48,0.21,0.55,0.3,0.15,61193.6,-4263.08,-2.898082936777702,0.4547926580557444,0.24813052345343303,0.12372535690006799,0.009666043507817811,0.18150000000000002,0.099,0.4875,1.65,1529.8400000000001,0.1733514615907546,0.7029231815091774,-0.06966545521100245,41.6,0.8500000000000001,3.903736263736264,-6797.77,1216,0.8266485384092455
Kebabs/Mediterranean,25516,Greek Bistro,QSR,West Auckland,1.04,36.17,673,66,2387.22,334,182,91,12080.78,6582.94,3291.47,0.253818253427744,0.432756472099572,0.3,9,2.66,242.06,748.22,162.19,88.38,789.57,0.11,0.55,0.3,0.15,24342.41,1788.3600000000001,2.657295690936107,0.4962852897473997,0.2704309063893016,0.1352154531946508,0.00994396199883249,0.165,0.09,0.399,1.3499999999999999,699.9200000000001,0.09806835066864784,0.7667161961367014,0.07346684243671847,36.17,0.8500000000000001,8.676593406593406,250.57,607,0.9019316493313522
Kebabs/Mediterranean,25864,Spice Diner,Cafe,West Auckland,1.04,41.04,1337,153,6279.12,651,355,178,26717.04,14569.2,7305.12,0.218600019551814,0.442531745252199,0.29,17,5.02,893.56,2127.79,1305.61,711.97,1581.91,0.13,0.55,0.3,0.15,54870.48,5727.28,4.283679880329095,0.4869109947643979,0.2655198204936425,0.1331338818249813,0.016284894901593714,0.1595,0.087,0.7529999999999999,2.55,1390.48,0.1144353029169783,0.7524308152580405,0.1043781647253678,41.04,0.8500000000000001,8.887134831460674,2017.58,1184,0.8855646970830217
Kebabs/Mediterranean,25704,Spice Bistro,Full-service,West Auckland,1.04,38.81,1556,237,9197.97,725,396,198,28137.25,15368.76,7684.38,0.395055399031844,0.50886247237213,0.27,6,1.77,350.46,883.76,-4893.57,-2672.9,387.87,0.18,0.55,0.3,0.15,60388.36,-6294.839999999999,-4.045526992287917,0.4659383033419023,0.2544987146529563,0.12724935732647816,0.005803436291364759,0.14850000000000002,0.081,0.2655,0.8999999999999999,1618.24,0.15231362467866322,0.7204370179948586,-0.10423929379767888,38.81,0.8500000000000001,1.958939393939394,-7566.469999999999,1319,0.8476863753213367
Kebabs/Mediterranean,25060,Greek House,Cafe,South Auckland,1.05,40.41,721,88,3556.08,348,190,95,14062.68,7677.9,3838.95,0.239993479251862,0.380987292970531,0.33,4,1.18,112.1,1347.82,689.34,376.36,1342.94,0.14,0.55,0.3,0.15,29135.610000000004,3756.46,5.2100693481276,0.48266296809986126,0.2635228848821081,0.13176144244105406,0.0038475254164920514,0.18150000000000002,0.099,0.177,0.6,757.0500000000001,0.1220527045769764,0.7461858529819695,0.12893019916178172,40.410000000000004,0.8500000000000001,14.13621052631579,1065.7,633,0.8779472954230236
Kebabs/Mediterranean,26517,Greek Kitchen,QSR,North Shore,1.03,43.4,1185,145,6293.0,572,312,156,24824.8,13540.8,6770.4,0.279472619239241,0.418630881235003,0.33,3,0.89,138.84,1899.83,-697.66,-380.54,1905.12,0.14,0.55,0.3,0.15,51429.0,2726.75,2.301054852320675,0.48270042194092827,0.2632911392405063,0.13164556962025314,0.00269964416963192,0.18150000000000002,0.099,0.1335,0.44999999999999996,1220.55,0.12236286919831224,0.7459915611814346,0.05301969705808007,43.4,0.8500000000000001,12.212307692307691,-1078.2,1040,0.8776371308016878
Kebabs/Mediterranean,26626,Ottoman Bistro,Full-service,CBD,0.99,35.08,1486,247,8664.76,681,372,186,23889.48,13049.76,6524.88,0.372619958070572,0.481398151279427,0.3,8,2.36,438.96,1264.9,-3679.41,-2009.9,513.55,0.2,0.55,0.3,0.15,52128.88,-3910.8599999999997,-2.6318034993270523,0.45827725437415884,0.25033647375504714,0.12516823687752357,0.008420668159377297,0.165,0.09,0.354,1.2,1471.14,0.16621803499327054,0.7086137281292059,-0.07502290476987036,35.08,0.8500000000000001,2.761021505376344,-5689.3099999999995,1239,0.8337819650067295
Kebabs/Mediterranean,26681,Souvlaki Corner,QSR,North Shore,1.03,37.43,924,106,3967.58,450,245,123,16843.5,9170.35,4603.89,0.207171428818256,0.405437179538421,0.3,4,1.18,145.14,1537.01,1471.98,801.41,1638.37,0.13,0.55,0.3,0.15,34585.32,5448.7699999999995,5.896937229437229,0.487012987012987,0.26515151515151514,0.13311688311688313,0.004196578201387178,0.165,0.09,0.177,0.6,951.72,0.11471861471861472,0.7521645021645021,0.15754574484203124,37.43,0.8500000000000001,13.320081300813007,2273.39,818,0.8852813852813853
Kebabs/Mediterranean,26422,Greek Kitchen,Cafe,South Auckland,1.05,44.39,682,62,2752.18,341,186,93,15136.99,8256.54,4128.27,0.275345340315253,0.3684627242852,0.28,6,1.77,164.61,980.3,1153.32,629.08,1305.85,0.1,0.55,0.3,0.15,30273.98,4068.5499999999997,5.965615835777125,0.5,0.27272727272727276,0.13636363636363638,0.005437342562821274,0.15400000000000003,0.084,0.2655,0.8999999999999999,716.1,0.09090909090909091,0.7727272727272727,0.1343909852619312,44.39,0.8500000000000001,14.041397849462365,1782.4,620,0.9090909090909091
Kebabs/Mediterranean,25671,Spice Corner,QSR,West Auckland,1.04,44.33,923,76,3369.08,466,254,127,20657.78,11259.82,5629.91,0.225593500826508,0.384164906456135,0.33,9,2.66,337.82,1314.76,1244.46,678.31,1859.21,0.09,0.55,0.3,0.15,40916.59,5096.74,5.52192849404117,0.504875406283857,0.27518959913326113,0.13759479956663057,0.00825630874909175,0.18150000000000002,0.099,0.399,1.3499999999999999,959.9200000000001,0.08234019501625137,0.7800650054171181,0.12456414378617574,44.33,0.8500000000000001,14.639448818897637,1922.77,847,0.9176598049837487
Kebabs/Mediterranean,25470,Greek House,Full-service,South Auckland,1.05,38.28,1920,371,14201.88,852,465,232,32614.56,17800.2,8880.96,0.399825813563075,0.504695398081094,0.3,16,4.72,1095.04,1355.98,-6670.37,-3640.52,-247.1,0.24,0.55,0.3,0.15,73497.6,-9202.01,-4.792713541666667,0.44375,0.2421875,0.1208333333333333,0.014898989898989898,0.165,0.09,0.708,2.4,2016.0,0.19322916666666665,0.6859375,-0.12520150317833506,38.28,0.8500000000000001,-1.0650862068965516,-10310.89,1549,0.8067708333333333
Kebabs/Mediterranean,25429,Souvlaki Tavern,QSR,North Shore,1.03,45.07,1131,130,5859.1,551,300,150,24833.57,13521.0,6760.5,0.269425453692675,0.449281737883575,0.27,9,2.66,399.0,1648.12,280.44,152.69,1502.68,0.13,0.55,0.3,0.15,50974.17,3583.9300000000003,3.1688152077807255,0.48717948717948717,0.26525198938992045,0.13262599469496023,0.007827493807157625,0.14850000000000002,0.081,0.399,1.3499999999999999,1164.93,0.1149425287356322,0.7524314765694077,0.07030874656713391,45.07,0.8500000000000001,10.017866666666666,433.13,1001,0.8850574712643678
Kebabs/Mediterranean,25834,Mediterranean House,Full-service,South Auckland,1.05,40.78,657,151,6157.78,278,152,76,11336.84,6198.56,3099.28,0.397486199683044,0.493230695067905,0.32,10,2.95,224.2,672.94,-2388.86,-1306.14,114.5,0.3,0.55,0.3,0.15,26792.46,-2907.5600000000004,-4.425509893455099,0.4231354642313547,0.23135464231354644,0.11567732115677322,0.008368025929683201,0.17600000000000002,0.096,0.4425,1.5,689.85,0.2298325722983257,0.6544901065449011,-0.10852157659281755,40.78,0.8500000000000001,1.506578947368421,-3695.0,506,0.7701674277016742
Kebabs/Mediterranean,25903,Souvlaki Kitchen,Full-service,South Auckland,1.05,32.9,714,128,4211.2,322,176,88,10593.8,5790.4,2895.2,0.390908956748899,0.513051022286527,0.28,16,4.72,415.36,404.44,-1948.84,-1065.2,-137.3,0.22,0.55,0.3,0.15,23490.600000000002,-2746.9,-3.847198879551821,0.4509803921568627,0.24649859943977587,0.12324929971988793,0.01768196640358271,0.15400000000000003,0.084,0.708,2.4,749.7,0.17927170868347336,0.6974789915966385,-0.11693613615659029,32.900000000000006,0.8500000000000001,-1.5602272727272728,-3014.04,586,0.8207282913165266
Kebabs/Mediterranean,26014,Mediterranean House,Cafe,North Shore,1.03,35.99,1590,117,4210.83,810,442,221,29151.9,15907.58,7953.79,0.233368135225028,0.403894891683012,0.31,7,2.07,457.47,1527.42,1537.38,838.92,2427.66,0.08,0.55,0.3,0.15,57224.100000000006,6331.38,3.982,0.5094339622641509,0.2779874213836478,0.1389937106918239,0.007994359020063225,0.1705,0.093,0.31049999999999994,1.05,1637.7,0.07358490566037736,0.7874213836477987,0.11064184495693247,35.99,0.8500000000000001,10.984886877828053,2376.3,1473,0.9264150943396227
Kebabs/Mediterranean,26649,Greek House,Cafe,CBD,0.99,41.86,689,56,2344.16,348,190,95,14567.28,7953.4,3976.7,0.238853206820786,0.439306590589695,0.28,10,2.95,280.25,754.44,609.5,332.77,999.61,0.09,0.55,0.3,0.15,28841.540000000005,2696.32,3.913381712626996,0.5050798258345428,0.27576197387518137,0.13788098693759068,0.009716887517102066,0.15400000000000003,0.084,0.4425,1.5,682.11,0.08127721335268503,0.7808417997097241,0.0934873796614189,41.86000000000001,0.8500000000000001,10.52221052631579,942.27,633,0.918722786647315
Kebabs/Mediterranean,26123,Mediterranean Cafe,Full-service,North Shore,1.03,34.34,1845,332,11400.88,832,454,227,28570.88,15590.36,7795.18,0.369473967689555,0.489278899366036,0.32,13,3.84,871.68,1610.34,-5107.13,-2786.82,229.37,0.22,0.55,0.3,0.15,63357.3,-6054.240000000001,-3.2814308943089436,0.45094850948509485,0.24607046070460703,0.12303523035230352,0.013758162042890085,0.17600000000000002,0.096,0.576,1.95,1900.3500000000001,0.17994579945799455,0.6970189701897019,-0.09555710233864133,34.34,0.8500000000000001,1.0104405286343612,-7893.950000000001,1513,0.8200542005420054
Kebabs/Mediterranean,25719,Souvlaki Tavern,Ghost Kitchen,West Auckland,1.04,46.01,753,49,2254.49,387,211,106,17805.87,9708.11,4877.06,0.293303401372395,0.298239881719928,0.32,9,2.66,281.96,920.86,1575.05,858.75,1710.11,0.07,0.55,0.3,0.15,34645.53,5064.7699999999995,6.726122177954847,0.5139442231075697,0.2802124833997344,0.1407702523240372,0.008138423629253181,0.17600000000000002,0.096,0.399,1.3499999999999999,783.12,0.0650730411686587,0.7941567065073041,0.14618826728873824,46.01,0.8500000000000001,16.13311320754717,2433.8,704,0.9349269588313412
Kebabs/Mediterranean,26205,Ottoman Corner,Cafe,CBD,0.99,41.95,570,47,1971.65,288,157,78,12081.6,6586.15,3272.1,0.277430752050132,0.375839569745585,0.28,13,3.84,299.52,683.63,806.2,439.49,835.01,0.09,0.55,0.3,0.15,23911.5,2764.33,4.849701754385965,0.5052631578947369,0.27543859649122804,0.1368421052631579,0.012526190326830186,0.15400000000000003,0.084,0.576,1.95,564.3,0.0824561403508772,0.7807017543859649,0.11560671643351525,41.95,0.8500000000000001,10.70525641025641,1245.69,523,0.9175438596491228
Kebabs/Mediterranean,25667,Ottoman Eatery,Ghost Kitchen,CBD,0.99,33.69,881,65,2189.85,449,245,122,15126.81,8254.05,4110.18,0.261999705433846,0.219413871702272,0.28,15,4.43,540.46,1135.63,3609.05,1969.3,1591.02,0.08,0.55,0.3,0.15,29680.89,8305.0,9.426787741203178,0.5096481271282634,0.2780930760499432,0.1384790011350738,0.018209022707877023,0.15400000000000003,0.084,0.6645,2.25,872.1899999999999,0.07377979568671963,0.7877412031782066,0.2798096687801478,33.69,0.8500000000000001,13.041147540983607,5578.35,816,0.9262202043132803
Kebabs/Mediterranean,26668,Spice Bistro,Cafe,CBD,0.99,33.93,468,61,2069.73,224,122,61,7600.32,4139.46,2069.73,0.268982095532119,0.400547484937124,0.3,14,4.13,251.93,683.98,231.58,126.13,432.05,0.15,0.55,0.3,0.15,15879.239999999998,1473.74,3.149017094017094,0.47863247863247865,0.2606837606837607,0.13034188034188035,0.015865368871558087,0.165,0.09,0.6194999999999999,2.1,463.32,0.13034188034188035,0.7393162393162394,0.09280922764565559,33.92999999999999,0.8500000000000001,7.082786885245902,357.71000000000004,407,0.8696581196581197
Kebabs/Mediterranean,26235,Mediterranean Cafe,QSR,West Auckland,1.04,39.26,1112,101,3965.26,556,303,152,21828.56,11895.78,5967.52,0.233601733949035,0.360939597059041,0.32,4,1.18,179.36,1607.75,1865.44,1016.6,2240.22,0.1,0.55,0.3,0.15,43657.119999999995,6730.01,6.052167266187051,0.5000000000000001,0.27248201438848924,0.13669064748201443,0.004108379114334615,0.17600000000000002,0.096,0.177,0.6,1156.48,0.09082733812949642,0.7724820143884894,0.15415606892987904,39.26,0.8500000000000001,14.73828947368421,2882.04,1011,0.9091726618705036
Kebabs/Mediterranean,25401,Spice Eatery,Ghost Kitchen,South Auckland,1.05,31.67,1368,77,2438.59,710,387,194,22485.7,12256.29,6143.98,0.298004610615317,0.265996309404727,0.32,4,1.18,228.92,1063.22,2608.32,1421.72,2449.85,0.06,0.55,0.3,0.15,43324.56,7543.110000000001,5.513969298245614,0.5190058479532165,0.2828947368421053,0.14181286549707603,0.005283839004943155,0.17600000000000002,0.096,0.177,0.6,1436.4,0.05628654970760234,0.8019005847953218,0.1741070192057346,31.669999999999998,0.8500000000000001,12.628092783505155,4030.04,1291,0.9437134502923976
Kebabs/Mediterranean,25725,Greek Bistro,Cafe,North Shore,1.03,35.06,1266,145,5083.7,617,336,168,21632.02,11780.16,5890.08,0.246398248225451,0.40864784498699,0.32,14,4.13,693.84,1753.64,539.8,293.96,1337.97,0.13,0.55,0.3,0.15,44385.96000000001,3925.37,3.1006082148499208,0.48736176935229064,0.2654028436018957,0.13270142180094785,0.015631970109467045,0.17600000000000002,0.096,0.6194999999999999,2.1,1303.98,0.1145339652448657,0.7527646129541863,0.0884371995108363,35.06,0.8500000000000001,7.964107142857143,833.76,1121,0.8854660347551343
Kebabs/Mediterranean,25603,Ottoman House,QSR,CBD,0.99,30.94,675,55,1701.7,341,186,93,10550.54,5754.84,2877.42,0.249525798000395,0.410928148590028,0.3,12,3.54,329.22,577.81,417.23,227.58,647.8,0.09,0.55,0.3,0.15,20884.5,1870.4199999999998,2.7709925925925925,0.5051851851851852,0.27555555555555555,0.13777777777777778,0.01576384399913812,0.165,0.09,0.531,1.7999999999999998,668.25,0.08148148148148149,0.7807407407407407,0.08956020014843544,30.94,0.8500000000000001,6.965591397849462,644.8100000000001,620,0.9185185185185185
Kebabs/Mediterranean,26334,Ottoman Bistro,Full-service,West Auckland,1.04,37.32,1299,179,6680.28,616,336,168,22989.12,12539.52,6269.76,0.397531598329078,0.52718163842801,0.32,17,5.02,843.36,502.94,-5625.74,-3068.59,-371.33,0.16,0.55,0.3,0.15,48478.68,-8562.720000000001,-6.591778290993073,0.47421093148575827,0.2586605080831409,0.12933025404157045,0.017396513271400953,0.17600000000000002,0.096,0.7529999999999999,2.55,1350.96,0.1377983063895304,0.7328714395688991,-0.17662857157001802,37.32,0.8500000000000001,-2.210297619047619,-8694.33,1120,0.8622016936104696
Kebabs/Mediterranean,26411,Spice Bistro,Full-service,North Shore,1.03,31.34,748,124,3886.16,343,187,94,10749.62,5860.58,2945.96,0.391423791169655,0.479758920124732,0.29,12,3.54,332.76,500.6,-1732.65,-944.62,46.73,0.2,0.55,0.3,0.15,23442.32,-2129.94,-2.8475133689839573,0.4585561497326204,0.25,0.12566844919786097,0.0141948407836767,0.1595,0.087,0.531,1.7999999999999998,770.44,0.1657754010695187,0.7085561497326204,-0.09085875459425517,31.34,0.8500000000000001,0.49712765957446803,-2677.27,624,0.8342245989304813
Kebabs/Mediterranean,25849,Spice Bistro,QSR,West Auckland,1.04,38.94,613,55,2141.7,307,167,84,11954.58,6502.98,3270.96,0.252865558993071,0.398101906129159,0.28,4,1.18,99.12,747.52,825.25,448.92,1042.55,0.1,0.55,0.3,0.15,23870.219999999998,3064.24,4.998760195758564,0.500815660685155,0.2724306688417618,0.1370309951060359,0.004152454397152603,0.15400000000000003,0.084,0.177,0.6,637.52,0.08972267536704731,0.7732463295269167,0.1283708319403843,38.94,0.8500000000000001,12.411309523809523,1274.17,558,0.9102773246329527
Kebabs/Mediterranean,25084,Spice Bistro,Full-service,West Auckland,1.04,32.92,1840,391,12871.72,797,435,217,26237.24,14320.2,7143.64,0.373599658056628,0.513019679486752,0.32,14,4.13,896.21,1459.4,-5421.12,-2958.83,-86.26,0.27,0.55,0.3,0.15,60572.8,-7006.8099999999995,-3.808048913043478,0.4331521739130435,0.23641304347826086,0.11793478260869565,0.014795584816947541,0.17600000000000002,0.096,0.6194999999999999,2.1,1913.6000000000001,0.21249999999999997,0.6695652173913044,-0.11567584790533043,32.92,0.8500000000000001,-0.3975115207373272,-8379.95,1449,0.7875
Kebabs/Mediterranean,26054,Greek Diner,Cafe,North Shore,1.03,42.88,1646,163,6989.44,816,445,222,34990.08,19081.6,9519.36,0.242294241636992,0.367491170321591,0.32,7,2.07,459.54,2727.38,2456.81,1339.81,3255.05,0.11,0.55,0.3,0.15,70580.48000000001,9779.05,5.941099635479951,0.49574726609963543,0.27035236938031587,0.13487241798298905,0.0065108653270706,0.17600000000000002,0.096,0.31049999999999994,1.05,1695.38,0.09902794653705951,0.7660996354799513,0.1385517638871257,42.88000000000001,0.8500000000000001,14.662387387387389,3796.62,1483,0.9009720534629405
Kebabs/Mediterranean,25609,Greek Tavern,Cafe,North Shore,1.03,43.86,1517,186,8157.96,732,399,200,32105.52,17500.14,8772.0,0.257820842377841,0.380446418491192,0.29,13,3.84,768.0,2951.0,2303.02,1255.33,2405.12,0.14,0.55,0.3,0.15,66535.62,8914.470000000001,5.8763810151615035,0.4825313117996045,0.26301911667765326,0.13183915622940015,0.011542689464680725,0.1595,0.087,0.576,1.95,1562.51,0.12261041529334213,0.7455504284772578,0.13398041530235988,43.86,0.8500000000000001,12.025599999999999,3558.35,1331,0.8773895847066578
Kebabs/Mediterranean,25450,Spice Eatery,Full-service,North Shore,1.03,37.3,1827,410,15293.0,779,425,213,29056.7,15852.5,7944.9,0.354963585932273,0.480075407074764,0.31,7,2.07,440.91,2522.75,-4214.35,-2299.23,869.69,0.29,0.55,0.3,0.15,68147.09999999999,-3121.1400000000003,-1.7083415435139575,0.4263820470717023,0.23262178434592232,0.11658456486042694,0.006469974511021013,0.1705,0.093,0.31049999999999994,1.05,1881.81,0.22441160372194857,0.6590038314176245,-0.04580004138107125,37.3,0.8500000000000001,4.083051643192489,-6513.58,1417,0.7755883962780514
Kebabs/Mediterranean,26016,Greek Bistro,Full-service,CBD,0.99,36.31,1353,253,9186.43,605,330,165,21967.55,11982.3,5991.15,0.374968182994053,0.519868462905288,0.31,6,1.77,292.05,966.08,-4499.76,-2454.41,338.0,0.23,0.55,0.3,0.15,49127.43,-5650.09,-4.175971914264597,0.44715447154471544,0.24390243902439024,0.12195121951219512,0.005944744107314387,0.1705,0.093,0.2655,0.8999999999999999,1339.47,0.1869918699186992,0.6910569105691057,-0.11500886571921226,36.31,0.8500000000000001,2.0484848484848484,-6954.17,1100,0.8130081300813008
Kebabs/Mediterranean,25911,Souvlaki Bistro,QSR,West Auckland,1.04,37.78,1467,133,5024.74,734,400,200,27730.52,15112.0,7556.0,0.251077002063394,0.444886948587373,0.31,10,2.95,590.0,1527.7,-165.38,-90.13,1707.3,0.1,0.55,0.3,0.15,55423.26,2979.49,2.0310088616223583,0.5003408316291752,0.27266530334014993,0.13633265167007497,0.010645349984825865,0.1705,0.093,0.4425,1.5,1525.68,0.09066121336059986,0.7730061349693252,0.053758836993709855,37.78,0.8500000000000001,8.5365,-255.51,1334,0.9093387866394002
Kebabs/Mediterranean,25644,Souvlaki Tavern,Cafe,West Auckland,1.04,38.67,1014,100,3867.0,503,274,137,19451.01,10595.58,5297.79,0.273716123327613,0.442389308963902,0.31,7,2.07,283.59,1097.82,-507.78,-276.6,1220.42,0.11,0.55,0.3,0.15,39211.38,1533.8600000000001,1.512682445759369,0.4960552268244576,0.2702169625246548,0.1351084812623274,0.007232339183165703,0.1705,0.093,0.31049999999999994,1.05,1054.56,0.09861932938856016,0.7662721893491123,0.03911772551743908,38.669999999999995,0.8500000000000001,8.908175182481752,-784.38,914,0.9013806706114399
Kebabs/Mediterranean,26680,Greek Eatery,QSR,CBD,0.99,33.11,1363,112,3708.32,688,375,188,22779.68,12416.25,6224.68,0.27217332419008,0.400781290768646,0.28,17,5.02,943.76,1212.79,1071.68,584.13,1091.99,0.09,0.55,0.3,0.15,45128.93,3960.59,2.905788701393984,0.5047688921496698,0.2751283932501834,0.13793103448275862,0.02091252772888699,0.15400000000000003,0.084,0.7529999999999999,2.55,1349.37,0.08217168011738812,0.7798972853998533,0.08776166419190529,33.11,0.8500000000000001,5.808457446808511,1655.81,1251,0.9178283198826119
Kebabs/Mediterranean,26437,Souvlaki Eatery,Full-service,CBD,0.99,44.03,1489,316,13913.48,645,352,176,28399.35,15498.56,7749.28,0.390991957182996,0.452206422062591,0.31,13,3.84,675.84,2181.66,-4350.73,-2374.35,539.26,0.27,0.55,0.3,0.15,65560.67,-4004.16,-2.6891605104096707,0.4331766286098052,0.2364002686366689,0.11820013431833445,0.010308619481771617,0.1705,0.093,0.576,1.95,1474.11,0.2122229684351914,0.6695768972464741,-0.06107564184441678,44.03,0.8500000000000001,3.0639772727272727,-6725.08,1173,0.7877770315648086
Kebabs/Mediterranean,26507,Mediterranean Bistro,Cafe,North Shore,1.03,33.64,962,118,3969.52,464,253,127,15608.96,8510.92,4272.28,0.259540246576071,0.399806735711172,0.3,13,3.84,487.68,1352.23,634.55,345.99,967.69,0.14,0.55,0.3,0.15,32361.68,3300.46,3.430831600831601,0.4823284823284823,0.262993762993763,0.132016632016632,0.01506967499833136,0.165,0.09,0.576,1.95,990.86,0.12266112266112265,0.7453222453222452,0.10198667065492274,33.64,0.8500000000000001,7.619606299212599,980.54,844,0.8773388773388774
Kebabs/Mediterranean,25063,Greek House,Cafe,CBD,0.99,41.39,1198,137,5670.43,584,318,159,24171.76,13162.02,6581.01,0.235803328771144,0.364087493950501,0.29,3,0.89,141.51,2268.79,2661.53,1449.26,2491.61,0.13,0.55,0.3,0.15,49585.22,8871.19,7.405,0.4874791318864774,0.2654424040066778,0.1327212020033389,0.002853874602149592,0.1595,0.087,0.1335,0.44999999999999996,1186.02,0.11435726210350584,0.7529215358931552,0.17890794877989855,41.39,0.8500000000000001,15.67050314465409,4110.79,1061,0.8856427378964942
Kebabs/Mediterranean,26549,Greek Diner,Full-service,North Shore,1.03,40.97,1475,322,13192.34,634,346,173,25974.98,14175.62,7087.81,0.388467159692664,0.459206325793639,0.3,16,4.72,816.56,2009.54,-3835.82,-2093.36,263.1,0.28,0.55,0.3,0.15,60430.75,-3656.5400000000004,-2.479010169491526,0.42983050847457627,0.2345762711864407,0.11728813559322035,0.01351232609226263,0.165,0.09,0.708,2.4,1519.25,0.2183050847457627,0.6644067796610169,-0.06050793677060107,40.97,0.8500000000000001,1.5208092485549134,-5929.18,1153,0.7816949152542373
Kebabs/Mediterranean,26672,Ottoman Kitchen,Cafe,South Auckland,1.05,36.54,497,53,1936.62,244,133,67,8915.76,4859.82,2448.18,0.237105827983469,0.373191292746924,0.29,17,5.02,336.34,754.71,888.93,484.54,617.72,0.12,0.55,0.3,0.15,18160.38,2745.8999999999996,5.524949698189134,0.4909456740442656,0.2676056338028169,0.13480885311871227,0.018520537565843886,0.1595,0.087,0.7529999999999999,2.55,521.85,0.10663983903420522,0.7585513078470825,0.15120278320167307,36.54,0.8500000000000001,9.219701492537315,1373.47,444,0.8933601609657947
Kebabs/Mediterranean,25883,Greek Cafe,Full-service,West Auckland,1.04,33.35,513,89,2968.15,233,127,64,7770.55,4235.45,2134.4,0.368076554767322,0.464466112712398,0.27,5,1.48,94.72,497.04,-796.81,-434.31,262.7,0.21,0.55,0.3,0.15,17108.550000000003,-471.37999999999994,-0.9188693957115008,0.4541910331384015,0.24756335282651068,0.12475633528265105,0.005536413080009702,0.14850000000000002,0.081,0.222,0.75,533.52,0.1734892787524366,0.7017543859649121,-0.027552305718485777,33.35000000000001,0.8500000000000001,4.1046875,-1231.12,424,0.8265107212475633
Kebabs/Mediterranean,25703,Souvlaki Cafe,QSR,South Auckland,1.05,36.98,1086,89,3291.22,548,299,150,20265.04,11057.02,5547.0,0.251631429791451,0.399161982000805,0.31,3,0.89,133.5,1149.32,794.52,433.51,1803.55,0.09,0.55,0.3,0.15,40160.28,4180.9,3.8498158379373844,0.5046040515653776,0.27532228360957645,0.13812154696132597,0.0033241800106971367,0.1705,0.093,0.1335,0.44999999999999996,1140.3,0.08195211786372007,0.779926335174954,0.10410534986309856,36.98,0.8500000000000001,12.023666666666667,1228.03,997,0.91804788213628
Kebabs/Mediterranean,26041,Greek Tavern,Full-service,CBD,0.99,36.6,1297,283,10357.8,558,304,152,20422.8,11126.4,5563.2,0.383930154866539,0.525889388471842,0.29,7,2.07,314.64,934.07,-4080.87,-2223.27,187.05,0.28,0.55,0.3,0.15,47470.2,-5183.0199999999995,-3.996160370084811,0.4302235929067078,0.23438704703161142,0.11719352351580571,0.006628158297205405,0.1595,0.087,0.31049999999999994,1.05,1284.03,0.2181958365458751,0.6646106399383191,-0.10918470956515877,36.599999999999994,0.8500000000000001,1.2305921052631579,-6304.139999999999,1014,0.781804163454125
Kebabs/Mediterranean,25947,Spice Tavern,Cafe,North Shore,1.03,42.02,1115,128,5378.56,543,296,148,22816.86,12437.92,6218.96,0.201845737956464,0.396769915008917,0.33,12,3.54,523.92,2158.87,1628.77,887.87,1972.27,0.13,0.55,0.3,0.15,46852.3,6647.780000000001,5.962134529147983,0.48699551569506727,0.2654708520179372,0.1327354260089686,0.011182375251588501,0.18150000000000002,0.099,0.531,1.7999999999999998,1148.45,0.1147982062780269,0.7524663677130045,0.14188801830433084,42.02,0.8500000000000001,13.32614864864865,2516.64,987,0.885201793721973
Kebabs/Mediterranean,25463,Mediterranean Diner,Cafe,North Shore,1.03,36.44,1068,105,3826.2,530,289,144,19313.2,10531.16,5247.36,0.218603148069233,0.404059751145542,0.3,9,2.66,383.04,1443.77,1493.63,814.45,1596.98,0.11,0.55,0.3,0.15,38917.92,5348.83,5.008267790262172,0.4962546816479401,0.2705992509363296,0.1348314606741573,0.00984225261781719,0.165,0.09,0.399,1.3499999999999999,1100.04,0.09831460674157304,0.7668539325842697,0.13743874287217817,36.44,0.8500000000000001,11.09013888888889,2308.08,963,0.901685393258427
Kebabs/Mediterranean,26340,Souvlaki Kitchen,Cafe,West Auckland,1.04,45.57,1443,143,6516.51,715,390,195,32582.55,17772.3,8886.15,0.235606228038669,0.44064777395688,0.31,14,4.13,805.35,2109.69,447.88,244.3,2071.51,0.11,0.55,0.3,0.15,65757.51,4873.380000000001,3.377255717255718,0.49549549549549554,0.2702702702702703,0.13513513513513514,0.012247270311786441,0.1705,0.093,0.6194999999999999,2.1,1500.72,0.09909909909909911,0.7657657657657658,0.07411138286714326,45.56999999999999,0.8500000000000001,10.623128205128205,692.1800000000001,1300,0.9009009009009009
Kebabs/Mediterranean,25466,Ottoman Tavern,QSR,West Auckland,1.04,32.89,1160,124,4078.36,570,311,155,18747.3,10228.79,5097.95,0.209953659679741,0.361114417947829,0.3,11,3.25,503.75,1749.34,2417.13,1318.82,1682.92,0.12,0.55,0.3,0.15,38152.399999999994,7168.21,6.1794913793103445,0.4913793103448276,0.26810344827586213,0.13362068965517243,0.013203625459997276,0.165,0.09,0.4875,1.65,1206.4,0.10689655172413795,0.7594827586206898,0.18788359316845077,32.88999999999999,0.8500000000000001,10.857548387096775,3735.95,1036,0.8931034482758621
Kebabs/Mediterranean,25560,Mediterranean House,QSR,South Auckland,1.05,32.09,530,39,1251.51,270,147,74,8664.3,4717.23,2374.66,0.218899107780308,0.449125871900469,0.31,17,5.02,371.48,415.47,190.4,103.66,416.85,0.08,0.55,0.3,0.15,17007.699999999997,1126.38,2.125245283018868,0.5094339622641509,0.2773584905660378,0.139622641509434,0.021841871622853185,0.1705,0.093,0.7529999999999999,2.55,556.5,0.07358490566037737,0.7867924528301887,0.06622764982919503,32.089999999999996,0.8500000000000001,5.633108108108108,294.06,491,0.9264150943396227
Kebabs/Mediterranean,26329,Ottoman Grill,QSR,West Auckland,1.04,34.47,1703,209,7204.23,822,448,224,28334.34,15442.56,7721.28,0.262141120154411,0.415714754699729,0.28,13,3.84,860.16,2320.8,1194.13,650.81,1627.2,0.14,0.55,0.3,0.15,58702.409999999996,5792.94,3.401608925425719,0.4826776277157957,0.2630651790957135,0.13153258954785674,0.014652890741623726,0.15400000000000003,0.084,0.576,1.95,1771.1200000000001,0.12272460364063417,0.7457428068115092,0.09868317161084188,34.47,0.8500000000000001,7.264285714285714,1844.94,1494,0.8772753963593658
Kebabs/Mediterranean,25065,Souvlaki Tavern,Full-service,South Auckland,1.05,41.52,641,140,5812.8,276,150,75,11459.52,6228.0,3114.0,0.384166609868407,0.464036545413546,0.29,5,1.48,111.0,882.36,-1583.74,-860.73,361.7,0.28,0.55,0.3,0.15,26614.32,-1200.41,-1.8727145085803434,0.4305772230889236,0.23400936037441497,0.11700468018720749,0.004170687058696221,0.1595,0.087,0.222,0.75,673.0500000000001,0.21840873634945399,0.6645865834633385,-0.045103913983148926,41.519999999999996,0.8500000000000001,4.822666666666667,-2444.4700000000003,501,0.781591263650546
Kebabs/Mediterranean,25279,Spice Kitchen,QSR,North Shore,1.03,33.8,613,70,2366.0,299,163,81,10106.2,5509.4,2737.8,0.262751853913069,0.429612299380824,0.3,9,2.66,215.46,727.87,77.17,42.07,626.79,0.13,0.55,0.3,0.15,20719.399999999998,1473.9,2.404404567699837,0.48776508972267546,0.26590538336052205,0.13213703099510607,0.010398949776537932,0.165,0.09,0.399,1.3499999999999999,631.39,0.11419249592169659,0.7536704730831975,0.07113622981360465,33.8,0.8500000000000001,7.738148148148148,119.24000000000001,543,0.8858075040783034
Kebabs/Mediterranean,25469,Mediterranean Diner,QSR,West Auckland,1.04,32.62,735,66,2152.92,368,201,100,12004.16,6556.62,3262.0,0.247296022735536,0.392234466527589,0.31,13,3.84,384.0,776.06,605.84,330.91,791.85,0.1,0.55,0.3,0.15,23975.7,2504.6600000000003,3.4077006802721095,0.5006802721088435,0.27346938775510204,0.13605442176870747,0.016016216419124363,0.1705,0.093,0.576,1.95,764.4,0.08979591836734693,0.7741496598639455,0.10446660577167717,32.62,0.8500000000000001,7.9185,936.75,669,0.9102040816326531
Kebabs/Mediterranean,26670,Spice House,QSR,West Auckland,1.04,32.25,872,79,2547.75,436,238,119,14061.0,7675.5,3837.75,0.239035085570067,0.432449588412419,0.33,5,1.48,176.12,836.97,-20.88,-11.4,1084.64,0.1,0.55,0.3,0.15,28122.0,1889.3300000000002,2.1666628440366975,0.5,0.27293577981651373,0.13646788990825687,0.006262712467107603,0.18150000000000002,0.099,0.222,0.75,906.88,0.09059633027522936,0.7729357798165137,0.0671833440011379,32.25,0.8500000000000001,9.114621848739496,-32.28,793,0.9094036697247706
Kebabs/Mediterranean,25471,Ottoman House,QSR,North Shore,1.03,31.09,987,89,2767.01,494,269,135,15358.46,8363.21,4197.15,0.203626888114959,0.438051883736625,0.28,8,2.36,318.6,991.48,1202.89,655.02,1185.33,0.1,0.55,0.3,0.15,30685.83,4034.72,4.087862208713273,0.5005065856129686,0.2725430597771023,0.13677811550151975,0.010382642411823307,0.15400000000000003,0.084,0.354,1.2,1016.61,0.09017223910840932,0.7730496453900708,0.13148479281805314,31.090000000000003,0.8500000000000001,8.780222222222221,1857.91,898,0.9098277608915907
Kebabs/Mediterranean,25433,Mediterranean Tavern,Cafe,CBD,0.99,43.23,1091,108,4668.84,541,295,147,23387.43,12752.85,6354.81,0.23483701614663,0.434873548895121,0.31,8,2.36,346.92,1542.07,474.52,258.75,1752.01,0.11,0.55,0.3,0.15,47163.93,4027.3500000000004,3.6914298808432635,0.49587534372135655,0.27039413382218147,0.13473877176901924,0.007355621128264757,0.1705,0.093,0.354,1.2,1080.09,0.09899175068744272,0.766269477543538,0.08539046682496561,43.23,0.8500000000000001,11.91843537414966,733.27,983,0.9010082493125573
Kebabs/Mediterranean,25447,Souvlaki Tavern,Full-service,North Shore,1.03,37.88,1683,303,11477.64,759,414,207,28750.92,15682.32,7841.16,0.367748347355518,0.525368609069847,0.33,18,5.31,1099.17,1226.77,-6414.82,-3498.99,-261.08,0.22,0.55,0.3,0.15,63752.03999999999,-8948.119999999999,-5.316767676767676,0.45098039215686275,0.24598930481283424,0.12299465240641712,0.01724133063036101,0.18150000000000002,0.099,0.7964999999999999,2.6999999999999997,1733.49,0.18003565062388593,0.696969696969697,-0.1403581752050601,37.879999999999995,0.8500000000000001,-1.2612560386473428,-9913.81,1380,0.8199643493761141
Kebabs/Mediterranean,25811,Greek Grill,QSR,West Auckland,1.04,44.79,827,88,3941.52,406,222,111,18184.74,9943.38,4971.69,0.2520226345025,0.415092546655796,0.33,5,1.48,164.28,1312.07,52.46,28.68,1490.72,0.12,0.55,0.3,0.15,37041.33,2883.9300000000003,3.487218863361548,0.4909310761789601,0.2684401451027811,0.13422007255139054,0.00443504593382581,0.18150000000000002,0.099,0.222,0.75,860.08,0.10640870616686819,0.7593712212817413,0.07785708558520982,44.79,0.8500000000000001,13.42990990990991,81.14,739,0.8935912938331319
Kebabs/Mediterranean,25638,Souvlaki Bistro,Full-service,South Auckland,1.05,41.18,1305,244,10047.92,584,318,159,24049.12,13095.24,6547.62,0.385848688555416,0.517105757305399,0.31,9,2.66,422.94,975.11,-5121.37,-2788.69,212.48,0.23,0.55,0.3,0.15,53739.9,-6722.470000000001,-5.151318007662836,0.44750957854406126,0.24367816091954023,0.12183908045977011,0.007870130015128424,0.1705,0.093,0.399,1.3499999999999999,1370.25,0.18697318007662836,0.6911877394636016,-0.12509271509623204,41.18,0.8500000000000001,1.3363522012578615,-7910.0599999999995,1061,0.8130268199233717
Kebabs/Mediterranean,26193,Greek Tavern,Cafe,North Shore,1.03,44.29,1048,95,4207.55,524,286,143,23207.96,12666.94,6333.47,0.250680610146374,0.44484563623555,0.33,17,5.02,717.86,1281.09,-592.41,-323.34,1210.52,0.1,0.55,0.3,0.15,46415.92,1575.86,1.5036832061068701,0.5,0.27290076335877866,0.13645038167938933,0.015465814315433153,0.18150000000000002,0.099,0.7529999999999999,2.55,1079.44,0.09064885496183207,0.7729007633587787,0.03395085134583134,44.29,0.8500000000000001,8.465174825174826,-915.75,953,0.9093511450381679
Kebabs/Mediterranean,26420,Souvlaki Kitchen,Cafe,North Shore,1.03,33.61,714,76,2554.36,351,191,96,11797.11,6419.51,3226.56,0.278361918777227,0.36048933903221,0.28,10,2.95,283.2,922.5,957.32,520.94,882.07,0.12,0.55,0.3,0.15,23997.540000000005,3282.8300000000004,4.59780112044818,0.4915966386554621,0.2675070028011204,0.134453781512605,0.011801209623986456,0.15400000000000003,0.084,0.4425,1.5,735.4200000000001,0.10644257703081231,0.7591036414565826,0.13679860519036532,33.61000000000001,0.8500000000000001,9.188229166666668,1478.2600000000002,638,0.8935574229691877
Kebabs/Mediterranean,25384,Spice Grill,Full-service,West Auckland,1.04,40.74,1142,228,9288.72,503,274,137,20492.22,11162.76,5581.38,0.352449277031701,0.531841292907484,0.28,16,4.72,646.64,1074.79,-3366.68,-1833.94,-0.82,0.25,0.55,0.3,0.15,46525.08,-4126.65,-3.613528896672504,0.4404553415061296,0.23992994746059546,0.11996497373029773,0.013898740206357516,0.15400000000000003,0.084,0.708,2.4,1187.68,0.19964973730297722,0.6803852889667251,-0.08869732196054256,40.74,0.8500000000000001,-0.005985401459854014,-5200.62,914,0.8003502626970228
Kebabs/Mediterranean,25506,Mediterranean Tavern,QSR,North Shore,1.03,35.5,1534,200,7100.0,734,400,200,26057.0,14200.0,7100.0,0.257337637785822,0.367578424094245,0.32,16,4.72,944.0,2663.1,1435.32,782.19,1719.1,0.15,0.55,0.3,0.15,54457.0,6599.710000000001,4.302288135593221,0.4784876140808344,0.2607561929595828,0.1303780964797914,0.01733477789815818,0.17600000000000002,0.096,0.708,2.4,1580.02,0.1303780964797914,0.7392438070404173,0.12119121508713299,35.5,0.8500000000000001,8.5955,2217.51,1334,0.8696219035202086
Kebabs/Mediterranean,26614,Spice Bistro,Ghost Kitchen,South Auckland,1.05,46.63,479,13,606.19,256,140,70,11937.28,6528.2,3264.1,0.27543445203919,0.213018913206179,0.31,15,4.43,310.1,310.09,2405.92,1315.74,1359.64,0.03,0.55,0.3,0.15,22335.77,5391.39,11.255511482254699,0.5344467640918581,0.29227557411273486,0.14613778705636743,0.013883559868318846,0.1705,0.093,0.6645,2.25,502.95000000000005,0.027139874739039668,0.8267223382045928,0.24137918683797335,46.63,0.8500000000000001,19.423428571428573,3721.66,466,0.9728601252609603
Kebabs/Mediterranean,25695,Mediterranean Corner,QSR,South Auckland,1.05,40.68,714,52,2115.36,364,199,99,14807.52,8095.32,4027.32,0.245256641600281,0.387817745283246,0.33,17,5.02,496.98,776.18,546.78,298.92,980.75,0.08,0.55,0.3,0.15,29045.52,2602.63,3.645140056022409,0.5098039215686274,0.27871148459383754,0.13865546218487396,0.01711038397659949,0.18150000000000002,0.099,0.7529999999999999,2.55,749.7,0.07282913165266107,0.788515406162465,0.08960521278324506,40.68,0.8500000000000001,9.906565656565656,845.7,662,0.927170868347339
Kebabs/Mediterranean,26292,Souvlaki House,Cafe,North Shore,1.03,33.25,955,86,2859.5,478,261,130,15893.5,8678.25,4322.5,0.224801994282752,0.420380583149381,0.32,12,3.54,460.2,1014.6,553.37,302.15,1073.5,0.1,0.55,0.3,0.15,31753.75,2943.62,3.0823246073298427,0.5005235602094241,0.2732984293193717,0.13612565445026178,0.014492776443727118,0.17600000000000002,0.096,0.531,1.7999999999999998,983.65,0.09005235602094241,0.7738219895287958,0.0927014919497697,33.25,0.8500000000000001,8.257692307692308,855.52,869,0.9099476439790576
Kebabs/Mediterranean,26641,Greek Eatery,QSR,North Shore,1.03,35.78,1539,165,5903.7,756,412,206,27049.68,14741.36,7370.68,0.253460129015148,0.411339162755758,0.29,15,4.43,912.58,1978.92,1222.66,666.32,1558.08,0.12,0.55,0.3,0.15,55065.42,5425.98,3.525653021442495,0.4912280701754386,0.26770630279402213,0.13385315139701107,0.01657265122103854,0.1595,0.087,0.6645,2.25,1585.17,0.10721247563352826,0.7589343729694608,0.098536976563513,35.78,0.8500000000000001,7.563495145631068,1888.98,1374,0.8927875243664717
Kebabs/Mediterranean,25611,Souvlaki Corner,Full-service,West Auckland,1.04,35.8,771,144,5155.2,345,188,94,12351.0,6730.4,3365.2,0.378435775113758,0.509364750841632,0.29,16,4.72,443.68,578.41,-2196.01,-1196.67,-66.11,0.23,0.55,0.3,0.15,27601.8,-2880.3800000000006,-3.735901426718548,0.4474708171206226,0.2438391699092088,0.1219195849546044,0.016074313994014884,0.1595,0.087,0.708,2.4,801.84,0.1867704280155642,0.6913099870298315,-0.10435478845582537,35.8,0.8500000000000001,-0.7032978723404255,-3392.6800000000003,627,0.8132295719844358
Kebabs/Mediterranean,26338,Greek Diner,Full-service,CBD,0.99,34.18,1498,309,10561.62,654,357,178,22353.72,12202.26,6084.04,0.360528337280266,0.53881488875486,0.3,14,4.13,735.14,1063.1,-4456.06,-2432.44,-122.74,0.26,0.55,0.3,0.15,51201.64000000001,-5948.14,-3.9707209612817094,0.4365821094793057,0.23831775700934577,0.11882510013351133,0.01435774322853721,0.165,0.09,0.6194999999999999,2.1,1483.02,0.2062750333778371,0.6748998664886515,-0.1161708882762349,34.18000000000001,0.8500000000000001,-0.6895505617977528,-6888.5,1189,0.7937249666221629
Kebabs/Mediterranean,26415,Spice House,QSR,CBD,0.99,36.99,1429,105,3883.95,728,397,199,26928.72,14685.03,7361.01,0.207761437240988,0.384028044389561,0.27,10,2.95,587.05,1585.47,3721.83,2029.63,2417.79,0.08,0.55,0.3,0.15,52858.71000000001,9754.720000000001,6.826256123163052,0.5094471658502449,0.27781665500349895,0.13925822253324002,0.011106022072805028,0.14850000000000002,0.081,0.4425,1.5,1414.71,0.07347795661301608,0.7872638208537438,0.1845432852977305,36.99,0.8500000000000001,12.149698492462312,5751.46,1324,0.9265220433869839
Kebabs/Mediterranean,25716,Souvlaki Cafe,Cafe,CBD,0.99,34.7,1218,100,3470.0,615,335,168,21340.5,11624.5,5829.6,0.254000046662986,0.421319737914018,0.28,11,3.25,546.0,1126.64,953.5,519.39,1346.76,0.09,0.55,0.3,0.15,42264.6,3946.29,3.239975369458128,0.5049261083743842,0.27504105090311987,0.13793103448275865,0.01291861273973964,0.15400000000000003,0.084,0.4875,1.65,1205.82,0.08210180623973727,0.7799671592775042,0.09337104811118525,34.699999999999996,0.8500000000000001,8.016428571428571,1472.8899999999999,1118,0.9178981937602627
Kebabs/Mediterranean,25074,Souvlaki Diner,QSR,South Auckland,1.05,42.51,1358,100,4251.0,692,377,189,29416.92,16026.27,8034.39,0.272697974964976,0.440672687697224,0.3,4,1.18,223.02,1218.46,-393.32,-214.28,2079.87,0.08,0.55,0.3,0.15,57728.58,2690.73,1.9813917525773197,0.5095729013254786,0.2776141384388807,0.13917525773195877,0.0038632510967704387,0.165,0.09,0.177,0.6,1425.9,0.07363770250368189,0.7871870397643593,0.04661001535114843,42.51,0.8500000000000001,11.004603174603174,-607.6,1258,0.9263622974963182
Kebabs/Mediterranean,25692,Greek Grill,Full-service,North Shore,1.03,38.68,1742,381,14737.08,749,408,204,28971.32,15781.44,7890.72,0.389718009717762,0.534242850425653,0.3,12,3.54,722.16,1120.59,-6488.44,-3534.42,-122.16,0.28,0.55,0.3,0.15,67380.56,-9024.43,-5.180499425947187,0.4299655568312285,0.2342135476463835,0.11710677382319175,0.010717631316807103,0.165,0.09,0.531,1.7999999999999998,1794.26,0.21871412169919632,0.664179104477612,-0.133932249895222,38.68,0.8500000000000001,-0.5988235294117646,-10022.86,1361,0.7812858783008036
Kebabs/Mediterranean,25303,Ottoman Tavern,Full-service,CBD,0.99,37.81,1046,159,6011.79,488,266,133,18451.28,10057.46,5028.73,0.370080332399812,0.466449171002023,0.3,6,1.77,235.41,982.75,-2519.14,-1373.14,586.64,0.18,0.55,0.3,0.15,39549.259999999995,-2322.89,-2.220736137667304,0.4665391969407266,0.25430210325047803,0.12715105162523901,0.005952323760292861,0.165,0.09,0.2655,0.8999999999999999,1035.54,0.15200764818355642,0.7208413001912046,-0.05873409515121143,37.809999999999995,0.8500000000000001,4.410827067669173,-3892.2799999999997,887,0.8479923518164436
Kebabs/Mediterranean,26569,Souvlaki Kitchen,QSR,South Auckland,1.05,46.38,900,89,4127.82,446,243,122,20685.48,11270.34,5658.36,0.207854159921408,0.440306167863309,0.29,4,1.18,143.96,1452.33,1279.18,696.95,1846.88,0.11,0.55,0.3,0.15,41742.0,5275.34,5.861488888888889,0.4955555555555555,0.27,0.13555555555555554,0.003448804561353074,0.1595,0.087,0.177,0.6,945.0,0.09888888888888889,0.7655555555555555,0.1263796655646591,46.38,0.8500000000000001,15.138360655737706,1976.13,811,0.9011111111111111
Kebabs/Mediterranean,26693,Greek House,QSR,South Auckland,1.05,36.8,1216,110,4048.0,608,332,166,22374.4,12217.6,6108.8,0.226574461422861,0.353757500462234,0.32,18,5.31,881.46,1698.82,2230.01,1217.7,1682.21,0.1,0.55,0.3,0.15,44748.8,6828.74,5.6157401315789475,0.5,0.2730263157894737,0.13651315789473684,0.019697958381006863,0.17600000000000002,0.096,0.7964999999999999,2.6999999999999997,1276.8,0.09046052631578946,0.7730263157894737,0.15260163401029747,36.800000000000004,0.8500000000000001,10.133795180722892,3447.71,1106,0.9095394736842105
Kebabs/Mediterranean,26435,Greek House,Cafe,South Auckland,1.05,42.64,1467,108,4605.12,747,408,204,31852.08,17397.12,8698.56,0.209985647685826,0.44281000609044,0.33,4,1.18,240.72,1598.92,547.99,299.31,2779.46,0.08,0.55,0.3,0.15,62552.880000000005,5225.68,3.5621540558963876,0.50920245398773,0.27811860940695293,0.13905930470347647,0.003848264060743486,0.18150000000000002,0.099,0.177,0.6,1540.3500000000001,0.07361963190184048,0.7873210633946829,0.08354019830901471,42.64,0.8500000000000001,13.624803921568628,847.3,1359,0.9263803680981595
Kebabs/Mediterranean,26032,Spice Eatery,Cafe,North Shore,1.03,45.93,1535,164,7532.52,754,411,206,34631.22,18877.23,9461.58,0.213373685609549,0.426120710535906,0.29,9,2.66,547.96,2715.52,2441.7,1330.95,2862.99,0.12,0.55,0.3,0.15,70502.55,9351.16,6.091960912052117,0.49120521172638437,0.26775244299674267,0.13420195439739413,0.007772201147334387,0.1595,0.087,0.399,1.3499999999999999,1581.05,0.10684039087947883,0.7589576547231269,0.13263576991186843,45.93,0.8500000000000001,13.898009708737863,3772.6499999999996,1371,0.8931596091205212
Kebabs/Mediterranean,26692,Greek Cafe,QSR,North Shore,1.03,32.39,1305,139,4502.21,641,350,175,20761.99,11336.5,5668.25,0.215522291325033,0.394629188580438,0.28,9,2.66,465.5,1755.18,2280.67,1245.3,1744.26,0.12,0.55,0.3,0.15,42268.95,7025.410000000001,5.383455938697319,0.4911877394636016,0.26819923371647514,0.13409961685823757,0.011012812005029697,0.15400000000000003,0.084,0.399,1.3499999999999999,1344.15,0.10651340996168583,0.7593869731800768,0.166207346054255,32.39,0.8500000000000001,9.9672,3525.9700000000003,1166,0.8934865900383142
Kebabs/Mediterranean,25188,Ottoman Eatery,Cafe,CBD,0.99,39.88,1076,123,4905.24,524,286,143,20897.12,11405.68,5702.84,0.219640405401587,0.369246097211726,0.28,18,5.31,759.33,2016.61,2739.89,1495.44,1585.18,0.13,0.55,0.3,0.15,42910.880000000005,7837.120000000001,7.283568773234202,0.486988847583643,0.2657992565055762,0.1328996282527881,0.017695512187118977,0.15400000000000003,0.084,0.7964999999999999,2.6999999999999997,1065.24,0.11431226765799254,0.7527881040892193,0.1826371307230241,39.88,0.8500000000000001,11.085174825174825,4235.33,953,0.8856877323420075
Kebabs/Mediterranean,26431,Spice Corner,Full-service,West Auckland,1.04,34.12,1357,197,6721.64,638,348,174,21768.56,11873.76,5936.88,0.385203610151075,0.470712219574489,0.3,8,2.36,410.64,968.48,-3394.06,-1851.31,444.77,0.17,0.55,0.3,0.15,46300.84,-3832.1199999999994,-2.8239646278555632,0.4701547531319087,0.2564480471628593,0.12822402358142965,0.008868953565421276,0.165,0.09,0.354,1.2,1411.28,0.1451731761238025,0.7266028002947679,-0.08276566904617713,34.12,0.8500000000000001,2.556149425287356,-5245.37,1160,0.8548268238761975
Kebabs/Mediterranean,25031,Spice Cafe,Ghost Kitchen,West Auckland,1.04,34.63,488,31,1073.53,251,137,69,8692.13,4744.31,2389.47,0.259661736420821,0.349253115220927,0.27,18,5.31,366.39,419.84,1052.49,574.47,568.1,0.07,0.55,0.3,0.15,16899.440000000002,2614.9,5.358401639344263,0.5143442622950819,0.2807377049180328,0.14139344262295078,0.021680600067221157,0.14850000000000002,0.081,0.7964999999999999,2.6999999999999997,507.52000000000004,0.06352459016393441,0.7950819672131145,0.15473293789616696,34.63,0.8500000000000001,8.233333333333334,1626.96,457,0.9364754098360656
Kebabs/Mediterranean,25675,Souvlaki House,Cafe,CBD,0.99,32.2,980,120,3864.0,473,258,129,15230.6,8307.6,4153.8,0.27029560610652,0.429420872707851,0.27,6,1.77,228.33,1160.3,461.24,251.58,1018.99,0.14,0.55,0.3,0.15,31555.999999999996,2892.1099999999997,2.951132653061224,0.48265306122448987,0.263265306122449,0.1316326530612245,0.007235707947775384,0.14850000000000002,0.081,0.2655,0.8999999999999999,970.2,0.12244897959183675,0.7459183673469388,0.09165008239320573,32.199999999999996,0.8500000000000001,7.899147286821705,712.82,860,0.8775510204081632
Kebabs/Mediterranean,25826,Ottoman Bistro,QSR,CBD,0.99,38.14,570,70,2669.8,275,150,75,10488.5,5721.0,2860.5,0.250799133498222,0.372224805108272,0.29,9,2.66,199.5,1006.45,912.25,497.59,878.84,0.14,0.55,0.3,0.15,21739.8,3295.13,5.780929824561404,0.4824561403508772,0.2631578947368421,0.13157894736842105,0.009176717357105402,0.1595,0.087,0.399,1.3499999999999999,564.3,0.12280701754385966,0.7456140350877193,0.15157131160360263,38.14,0.8500000000000001,11.717866666666668,1409.84,500,0.8771929824561403
Kebabs/Mediterranean,26516,Souvlaki House,Cafe,CBD,0.99,36.82,1405,161,5928.02,684,373,187,25184.88,13733.86,6885.34,0.203489521797746,0.444077751017176,0.32,15,4.43,828.41,2089.23,816.81,445.43,1598.21,0.13,0.55,0.3,0.15,51732.100000000006,4949.68,3.5229039145907475,0.4868327402135231,0.26548042704626335,0.13309608540925266,0.01601346166113496,0.17600000000000002,0.096,0.6645,2.25,1390.95,0.11459074733096085,0.7523131672597865,0.09567908513282855,36.82000000000001,0.8500000000000001,8.546577540106952,1262.24,1244,0.8854092526690391
Kebabs/Mediterranean,26552,Ottoman Bistro,QSR,CBD,0.99,38.09,574,47,1790.23,290,158,79,11046.1,6018.22,3009.11,0.248063210938126,0.365854865894653,0.27,5,1.48,116.92,691.18,1282.25,698.61,1044.84,0.09,0.55,0.3,0.15,21863.66,3716.88,6.475400696864112,0.505226480836237,0.27526132404181186,0.13763066202090593,0.0053476865264095765,0.14850000000000002,0.081,0.222,0.75,568.26,0.0818815331010453,0.7804878048780488,0.17000264365618567,38.089999999999996,0.8500000000000001,13.225822784810125,1980.8600000000001,527,0.9181184668989547
Kebabs/Mediterranean,25718,Mediterranean Grill,QSR,West Auckland,1.04,31.23,1671,205,6402.15,806,440,220,25171.38,13741.2,6870.6,0.200967224538326,0.431224536173977,0.31,6,1.77,389.4,2354.76,1455.11,794.35,2137.66,0.14,0.55,0.3,0.15,52185.329999999994,6741.88,4.034637941352484,0.48234590065828853,0.2633153800119689,0.13165769000598446,0.007461867156919388,0.1705,0.093,0.2655,0.8999999999999999,1737.8400000000001,0.12268102932375824,0.7456612806702575,0.1291910964249915,31.229999999999997,0.8500000000000001,9.716636363636363,2249.46,1466,0.8773189706762418
Kebabs/Mediterranean,25568,Greek Corner,Full-service,West Auckland,1.04,31.98,1032,172,5500.56,473,258,129,15126.54,8250.84,4125.42,0.356301359925419,0.467378633026965,0.29,10,2.95,380.55,969.86,-1719.58,-937.96,346.84,0.2,0.55,0.3,0.15,33003.36,-1340.84,-1.2992635658914728,0.45833333333333337,0.25,0.125,0.011530644152595372,0.1595,0.087,0.4425,1.5,1073.28,0.16666666666666669,0.7083333333333334,-0.04062737854569959,31.98,0.8500000000000001,2.6886821705426356,-2657.54,860,0.8333333333333334
Kebabs/Mediterranean,25880,Spice Diner,Full-service,West Auckland,1.04,35.91,1569,343,12317.13,674,368,184,24203.34,13214.88,6607.44,0.351554542139638,0.533320125006139,0.29,10,2.95,542.8,1418.01,-4232.55,-2310.95,217.88,0.28,0.55,0.3,0.15,56342.79,-4907.61,-3.127858508604206,0.4295729764181007,0.23454429572976415,0.11727214786488208,0.00963388571989424,0.1595,0.087,0.4425,1.5,1631.76,0.218610579987253,0.6641172721478649,-0.08710271536074092,35.910000000000004,0.8500000000000001,1.1841304347826087,-6543.5,1226,0.781389420012747
Kebabs/Mediterranean,26250,Souvlaki Cafe,Full-service,North Shore,1.03,46.15,1328,282,13014.3,575,314,157,26536.25,14491.1,7245.55,0.396782761567738,0.455687405145727,0.31,5,1.48,232.36,1920.0,-4311.35,-2354.37,836.57,0.27,0.55,0.3,0.15,61287.200000000004,-3909.15,-2.943637048192771,0.4329819277108433,0.23644578313253012,0.11822289156626506,0.003791330000391599,0.1705,0.093,0.222,0.75,1367.8400000000001,0.21234939759036142,0.6694277108433734,-0.06378411805401454,46.150000000000006,0.8500000000000001,5.328471337579618,-6665.72,1046,0.7876506024096386
Kebabs/Mediterranean,26047,Souvlaki Bistro,Cafe,West Auckland,1.04,39.38,955,109,4292.42,465,254,127,18311.7,10002.52,5001.26,0.207481613606215,0.44197449288331,0.32,18,5.31,674.37,1504.68,559.31,305.52,1078.79,0.13,0.55,0.3,0.15,37607.9,3448.2999999999997,3.610785340314136,0.4869109947643979,0.26596858638743454,0.13298429319371727,0.01793160479580088,0.17600000000000002,0.096,0.7964999999999999,2.6999999999999997,993.2,0.11413612565445026,0.7528795811518325,0.09169084155190797,39.38,0.8500000000000001,8.494409448818898,864.8299999999999,846,0.8858638743455497
Kebabs/Mediterranean,25360,Ottoman Kitchen,Full-service,CBD,0.99,35.42,1344,251,8890.42,601,328,164,21287.42,11617.76,5808.88,0.356388753640931,0.497181930672377,0.27,11,3.25,533.0,1301.82,-2630.5,-1435.61,317.59,0.23,0.55,0.3,0.15,47604.479999999996,-2446.7,-1.8204613095238094,0.44717261904761907,0.24404761904761907,0.12202380952380953,0.011196425210400367,0.14850000000000002,0.081,0.4875,1.65,1330.56,0.1867559523809524,0.6912202380952381,-0.051396423193783444,35.419999999999995,0.8500000000000001,1.9365243902439022,-4066.1099999999997,1093,0.8132440476190477
Kebabs/Mediterranean,26295,Ottoman Diner,Cafe,South Auckland,1.05,36.84,1234,151,5562.84,596,325,162,21956.64,11973.0,5968.08,0.246793070137501,0.430129933496937,0.28,15,4.43,717.66,1797.23,945.83,515.76,1210.49,0.14,0.55,0.3,0.15,45460.56,4469.3099999999995,3.621807131280389,0.4829821717990276,0.26337115072933553,0.13128038897893032,0.01578643113943163,0.15400000000000003,0.084,0.6645,2.25,1295.7,0.12236628849270666,0.7463533225283631,0.09831181138111804,36.839999999999996,0.8500000000000001,7.47216049382716,1461.5900000000001,1083,0.8776337115072933
Kebabs/Mediterranean,26319,Mediterranean Eatery,Cafe,West Auckland,1.04,45.02,1223,150,6753.0,590,322,161,26561.8,14496.44,7248.22,0.215267715398222,0.423388046748005,0.31,13,3.84,618.24,2440.16,1363.8,744.31,2000.86,0.14,0.55,0.3,0.15,55059.46000000001,6549.13,5.354971381847915,0.4824202780049059,0.2632869991823385,0.13164349959116925,0.011228588148158372,0.1705,0.093,0.576,1.95,1271.92,0.12264922322158625,0.7457072771872444,0.11894649893042902,45.02,0.8500000000000001,12.427701863354036,2108.1099999999997,1073,0.8773507767784138
Kebabs/Mediterranean,25043,Spice Bistro,Cafe,South Auckland,1.05,39.49,1499,160,6318.4,736,402,201,29064.64,15874.98,7937.49,0.276171390805393,0.366074593015946,0.28,12,3.54,711.54,2260.43,2259.89,1234.34,2128.13,0.12,0.55,0.3,0.15,59195.51,7882.79,5.25869913275517,0.4909939959973315,0.26817878585723814,0.13408939292861907,0.012020168421557648,0.15400000000000003,0.084,0.531,1.7999999999999998,1573.95,0.1067378252168112,0.7591727818545696,0.13316533635743658,39.49,0.8500000000000001,10.58771144278607,3494.2299999999996,1339,0.8932621747831888
Kebabs/Mediterranean,25558,Spice Cafe,Cafe,North Shore,1.03,31.21,1210,139,4338.19,589,321,161,18382.69,10018.41,5024.81,0.260982005298138,0.377487498149276,0.33,12,3.54,569.94,1568.39,579.62,315.89,1246.68,0.13,0.55,0.3,0.15,37764.1,3710.58,3.066595041322314,0.48677685950413224,0.2652892561983471,0.13305785123966943,0.015092111290882082,0.18150000000000002,0.099,0.531,1.7999999999999998,1246.3,0.11487603305785124,0.7520661157024793,0.09825681003916419,31.209999999999997,0.8500000000000001,7.743354037267081,895.51,1071,0.8851239669421488
Kebabs/Mediterranean,25475,Ottoman Eatery,Full-service,South Auckland,1.05,32.63,556,96,3132.48,253,138,69,8255.39,4502.94,2251.47,0.357650327438023,0.46010667392984,0.29,13,3.84,264.96,570.87,-889.58,-485.22,145.35,0.21,0.55,0.3,0.15,18142.28,-658.58,-1.1844964028776979,0.4550359712230216,0.24820143884892085,0.12410071942446042,0.014604559074162674,0.1595,0.087,0.576,1.95,583.8000000000001,0.17266187050359713,0.7032374100719424,-0.03630083980624266,32.629999999999995,0.8500000000000001,2.1065217391304345,-1374.8000000000002,460,0.8273381294964028
Kebabs/Mediterranean,25344,Spice Grill,QSR,North Shore,1.03,31.78,992,121,3845.38,479,261,131,15222.62,8294.58,4163.18,0.259586884006858,0.444023559708148,0.28,6,1.77,231.87,1139.73,249.49,135.94,1002.05,0.14,0.55,0.3,0.15,31525.760000000002,2527.21,2.547590725806452,0.48286290322580644,0.2631048387096774,0.13205645161290322,0.00735493767636371,0.15400000000000003,0.084,0.2655,0.8999999999999999,1021.76,0.12197580645161289,0.7459677419354839,0.08016333309648997,31.78,0.8500000000000001,7.649236641221374,385.43,871,0.8780241935483871
Pizza,26112,Lucky Pizza Grill,Full-service,South Auckland,1.05,38.94,1136,352,13706.88,274,157,353,10669.56,6113.58,13745.82,0.395483180938754,0.512464524642564,0.3,12,3.54,1249.62,1261.75,-2218.71,-1271.3,15.71,0.45,0.35,0.2,0.45,44235.84,-2212.55,-1.947667253521127,0.24119718309859156,0.1382042253521127,0.3107394366197183,0.028249039692701663,0.105,0.06,1.593,5.4,1192.8,0.3098591549295775,0.37940140845070425,-0.05001713542683942,38.94,0.55,0.0445042492917847,-3490.01,784,0.6901408450704225
Pizza,25380,Top Pizza Bistro,Ghost Kitchen,West Auckland,1.04,44.93,1280,105,4717.65,411,235,529,18466.23,10558.55,23767.97,0.288379963859916,0.343913668871392,0.31,16,4.72,2496.88,1734.71,1065.62,609.3,6242.75,0.09,0.35,0.2,0.45,57510.399999999994,9652.380000000001,7.540921875,0.32109375,0.18359375,0.41328125000000004,0.04341614734030715,0.1085,0.062,2.124,7.2,1331.2,0.08203125,0.5046875000000001,0.1678371216336524,44.92999999999999,0.55,11.801039697542533,1674.9199999999998,1175,0.91796875
Pizza,25774,Urban Pizza Grill,Full-service,North Shore,1.03,36.86,1156,385,14191.1,270,154,347,9952.2,5676.44,12790.42,0.35236691699829,0.470903452159837,0.29,4,1.18,409.46,2507.99,-1127.29,-642.97,1850.99,0.5,0.35,0.2,0.45,42610.16,2588.72,2.239377162629758,0.23356401384083045,0.13321799307958476,0.30017301038062283,0.009609445259064972,0.10149999999999999,0.057999999999999996,0.531,1.8,1190.68,0.33304498269896193,0.3667820069204152,0.06075358552983607,36.86000000000001,0.55,5.334265129682997,-1770.26,771,0.666955017301038
Pizza,26463,King Pizza Bistro,Full-service,South Auckland,1.05,43.67,1315,395,17249.65,322,184,414,14061.74,8035.28,18079.38,0.365248476399574,0.474028118723072,0.28,4,1.18,488.52,2772.42,-1677.24,-958.42,2417.26,0.43,0.35,0.2,0.45,57426.05,2554.0200000000004,1.942220532319392,0.24486692015209124,0.13992395437262356,0.314828897338403,0.008506940665429712,0.098,0.05600000000000001,0.531,1.8,1380.75,0.30038022813688214,0.38479087452471483,0.04447493776779006,43.67,0.55,5.8387922705314015,-2635.66,920,0.6996197718631179
Pizza,25086,Urban Pizza Eatery,Cafe,CBD,0.99,37.54,1551,481,18056.74,374,214,482,14039.96,8033.56,18094.28,0.221766426768154,0.386539075057954,0.31,5,1.48,713.36,7072.73,1146.99,656.3,6374.07,0.45,0.35,0.2,0.45,58224.54,15250.089999999998,9.832424242424242,0.24113475177304963,0.13797549967762734,0.31076724693745966,0.012251878675211518,0.1085,0.062,0.666,2.25,1535.49,0.31012250161186333,0.379110251450677,0.2619185999580245,37.54,0.55,13.22421161825726,1803.29,1070,0.6898774983881367
Pizza,25882,Classic Pizza Grill,Ghost Kitchen,West Auckland,1.04,42.19,1058,69,2911.11,346,198,445,14597.74,8353.62,18774.55,0.253875967266504,0.27200572937727,0.27,9,2.66,1183.7,1380.21,2979.67,1705.13,7717.66,0.07,0.35,0.2,0.45,44637.020000000004,13782.67,13.027098298676748,0.32703213610586007,0.18714555765595464,0.4206049149338374,0.02651834732694969,0.0945,0.054000000000000006,1.197,4.05,1100.32,0.06521739130434782,0.5141776937618147,0.3087721805801552,42.190000000000005,0.55,17.34305617977528,4684.8,989,0.9347826086956522
Pizza,25780,Lucky Pizza Eatery,Full-service,West Auckland,1.04,32.31,1698,602,19450.62,384,219,493,12407.04,7075.89,15928.83,0.37472741433885,0.536548694083467,0.31,12,3.54,1745.22,1725.73,-2745.38,-1565.73,-331.95,0.55,0.35,0.2,0.45,54862.380000000005,-2917.33,-1.7180977620730271,0.22614840989399293,0.12897526501766785,0.290341578327444,0.03181086930607093,0.1085,0.062,1.593,5.4,1765.92,0.35453474676089514,0.35512367491166075,-0.053175418200960285,32.31,0.55,-0.6733265720081135,-4311.110000000001,1096,0.6454652532391049
Pizza,25449,King Pizza Tavern,Cafe,CBD,0.99,33.24,1773,469,15589.56,456,261,587,15157.44,8675.64,19511.88,0.212204296216369,0.350974699202925,0.32,9,2.66,1561.42,6809.85,1770.71,1013.5,6961.78,0.36,0.35,0.2,0.45,58934.520000000004,16555.84,9.33775521714608,0.2571912013536379,0.14720812182741114,0.3310772701635646,0.026494149778432063,0.11199999999999999,0.064,1.197,4.05,1755.27,0.2645234066553863,0.4043993231810491,0.28091923035938865,33.24,0.55,11.859931856899488,2784.21,1304,0.7354765933446137
Pizza,25373,Top Pizza Tavern,Full-service,CBD,0.99,37.38,1251,422,15774.36,290,166,373,10840.2,6205.08,13942.74,0.391263067803811,0.527080510440283,0.28,13,3.84,1432.32,1288.08,-2150.08,-1230.74,-293.81,0.51,0.35,0.2,0.45,46762.38,-2386.5499999999997,-1.9077138289368503,0.231814548361311,0.13269384492406075,0.2981614708233413,0.030629749811707616,0.098,0.05600000000000001,1.728,5.8500000000000005,1238.49,0.337330135891287,0.3645083932853717,-0.051035682957112104,37.379999999999995,0.55,-0.7876943699731903,-3380.8199999999997,829,0.662669864108713
Pizza,25038,King Pizza Grill,QSR,West Auckland,1.04,37.49,578,100,3749.0,167,96,215,6260.83,3599.04,8060.35,0.274961324650794,0.424550715275109,0.32,15,4.43,952.45,1126.53,-122.16,-70.22,1469.59,0.21,0.35,0.2,0.45,21669.22,2403.74,4.158719723183391,0.2889273356401384,0.16608996539792387,0.3719723183391003,0.04395405095337995,0.11199999999999999,0.064,1.9934999999999998,6.75,601.12,0.17301038062283736,0.4550173010380622,0.11092877362452362,37.49,0.55,6.835302325581395,-192.38,478,0.8269896193771626
Pizza,25006,Lucky Pizza Cafe,QSR,West Auckland,1.04,36.59,617,111,4061.49,177,101,228,6476.43,3695.59,8342.52,0.206805597655475,0.410740737128071,0.28,5,1.48,337.44,1553.33,663.53,378.63,2853.19,0.22,0.35,0.2,0.45,22576.03,5448.68,8.830923824959482,0.286871961102107,0.16369529983792547,0.3695299837925446,0.014946826346350533,0.098,0.05600000000000001,0.666,2.25,641.6800000000001,0.17990275526742303,0.45056726094003247,0.2413480138004778,36.589999999999996,0.55,12.513991228070175,1042.1599999999999,506,0.820097244732577
Pizza,26142,Top Pizza Eatery,Cafe,CBD,0.99,35.99,893,178,6406.22,250,143,322,8997.5,5146.57,11588.78,0.241009941715747,0.441597330896184,0.29,12,3.54,1139.88,2033.29,246.47,140.98,2538.31,0.25,0.35,0.2,0.45,32139.07,4959.049999999999,5.553247480403135,0.2799552071668533,0.1601343784994401,0.3605823068309071,0.03546711214730234,0.10149999999999999,0.057999999999999996,1.593,5.4,884.0699999999999,0.19932810750279956,0.4400895856662934,0.15429973549327966,35.99,0.55,7.882950310559006,387.45,715,0.8006718924972005
Pizza,25392,Urban Pizza Corner,QSR,South Auckland,1.05,46.88,1499,270,12657.6,430,246,553,20158.4,11532.48,25924.64,0.279234420564026,0.354903346952051,0.3,5,1.48,818.44,4630.94,1327.68,759.55,8666.41,0.22,0.35,0.2,0.45,70273.12,15384.58,10.263228819212808,0.2868579052701802,0.16410940627084725,0.36891260840560375,0.011646558456490904,0.105,0.06,0.666,2.25,1573.95,0.18012008005336894,0.45096731154102737,0.21892552942006846,46.879999999999995,0.55,15.671627486437613,2087.23,1229,0.8198799199466311
Pizza,26564,Urban Pizza House,QSR,CBD,0.99,35.24,1210,264,9303.36,331,189,426,11664.44,6660.36,15012.24,0.240514187514782,0.418890317482874,0.3,11,3.25,1384.5,3168.68,473.52,270.38,3728.6,0.28,0.35,0.2,0.45,42640.4,7641.18,6.31502479338843,0.2735537190082645,0.156198347107438,0.3520661157024793,0.0324692076059324,0.105,0.06,1.4625000000000001,4.95,1197.9,0.2181818181818182,0.42975206611570244,0.179200476543372,35.24,0.55,8.752582159624414,743.9,946,0.7818181818181819
Pizza,25025,Top Pizza Grill,Full-service,North Shore,1.03,31.92,1930,510,16279.2,497,284,639,15864.24,9065.28,20396.88,0.390945377526805,0.534093063115142,0.3,12,3.54,2262.06,1220.31,-3570.06,-2040.04,-733.08,0.36,0.35,0.2,0.45,61605.600000000006,-5122.87,-2.654336787564767,0.2575129533678756,0.14715025906735751,0.3310880829015544,0.03671841520900697,0.105,0.06,1.593,5.4,1987.9,0.26424870466321243,0.4046632124352331,-0.08315591439739244,31.92,0.55,-1.147230046948357,-5610.1,1420,0.7357512953367875
Pizza,25106,Urban Pizza Diner,Ghost Kitchen,West Auckland,1.04,34.66,648,30,1039.8,216,124,278,7486.56,4297.84,9635.48,0.292292550276034,0.295013707689941,0.28,13,3.84,1067.52,429.12,993.42,570.3,2908.98,0.05,0.35,0.2,0.45,22459.68,4901.82,7.564537037037036,0.33333333333333337,0.19135802469135804,0.4290123456790123,0.04753050800367592,0.098,0.05600000000000001,1.728,5.8500000000000005,673.9200000000001,0.046296296296296294,0.5246913580246915,0.21824977025496353,34.660000000000004,0.55,10.463956834532373,1563.7199999999998,618,0.9537037037037037
Pizza,25139,Urban Pizza Grill,Ghost Kitchen,South Auckland,1.05,32.66,744,35,1143.1,248,142,319,8099.68,4637.72,10418.54,0.251355279691052,0.216788948315661,0.32,15,4.43,1413.17,607.96,1715.96,982.53,4127.99,0.05,0.35,0.2,0.45,24299.04,7434.44,9.99252688172043,0.3333333333333333,0.19086021505376344,0.42876344086021506,0.058157441610862,0.11199999999999999,0.064,1.9934999999999998,6.75,781.2,0.047043010752688165,0.5241935483870969,0.30595612007717177,32.660000000000004,0.55,12.940407523510972,2698.49,709,0.9529569892473119
Pizza,26257,Classic Pizza Eatery,QSR,West Auckland,1.04,35.1,1333,275,9652.5,370,212,476,12987.0,7441.2,16707.6,0.269191359058023,0.41315082681831,0.31,8,2.36,1123.36,3066.19,99.45,56.98,4183.94,0.26,0.35,0.2,0.45,46788.3,7406.5599999999995,5.556309077269317,0.27756939234808703,0.15903975993998498,0.35708927231807946,0.024009421158708476,0.1085,0.062,1.062,3.6,1386.32,0.20630157539384844,0.436609152288072,0.15829940391080674,35.1,0.55,8.789789915966386,156.43,1058,0.7936984246061516
Pizza,25369,Lucky Pizza Bistro,Cafe,South Auckland,1.05,38.81,1624,355,13777.55,444,254,571,17231.64,9857.74,22160.51,0.213594257980585,0.397822910523973,0.33,10,2.95,1684.45,5353.72,1009.48,577.49,6926.74,0.28,0.35,0.2,0.45,63027.44,13867.43,8.539057881773399,0.2733990147783251,0.1564039408866995,0.3516009852216748,0.026725661077143543,0.11549999999999999,0.066,1.3275000000000001,4.5,1705.2,0.21859605911330046,0.4298029556650246,0.22002210465790772,38.81,0.55,12.130893169877409,1586.97,1269,0.7814039408866995
Pizza,26111,Urban Pizza Kitchen,QSR,North Shore,1.03,42.32,1855,346,14642.72,528,302,679,22344.96,12780.64,28735.28,0.226639509219676,0.395567658729851,0.27,3,0.89,604.31,5531.91,2408.63,1377.66,10251.67,0.23,0.35,0.2,0.45,78503.6,19569.870000000003,10.54979514824798,0.2846361185983827,0.16280323450134768,0.3660377358490566,0.007697863537468344,0.0945,0.054000000000000006,0.4005,1.35,1910.65,0.1865229110512129,0.44743935309973043,0.24928627476956472,42.32,0.55,15.09818851251841,3786.29,1509,0.813477088948787
Pizza,25492,Lucky Pizza Tavern,QSR,South Auckland,1.05,36.23,1746,303,10977.69,505,289,649,18296.15,10470.47,23513.27,0.259713232722133,0.429588017426431,0.32,7,2.07,1343.43,3410.75,-170.18,-97.39,5962.11,0.21,0.35,0.2,0.45,63257.58,9105.29,5.214942726231387,0.28923253150057276,0.16552119129438717,0.37170675830469646,0.0212374548631168,0.11199999999999999,0.064,0.9315,3.15,1833.3000000000002,0.17353951890034364,0.45475372279495996,0.14393990411900046,36.230000000000004,0.55,9.186610169491525,-267.57,1443,0.8264604810996563
Pizza,25682,Top Pizza House,Full-service,North Shore,1.03,46.34,1569,543,25162.62,359,205,462,16636.06,9499.7,21409.08,0.373308735329192,0.462983097415417,0.28,15,4.43,2046.66,4119.33,-1934.64,-1104.74,1458.18,0.53,0.35,0.2,0.45,72707.46,2538.1299999999997,1.6176736775015932,0.22880815806246016,0.13065646908859146,0.2944550669216061,0.028149243557676198,0.098,0.05600000000000001,1.9934999999999998,6.75,1616.07,0.34608030592734224,0.3594646271510516,0.034908797529166875,46.34,0.55,3.1562337662337665,-3039.38,1026,0.6539196940726577
Pizza,26103,King Pizza Bistro,QSR,North Shore,1.03,39.15,1914,383,14994.45,536,306,689,20984.4,11979.9,26974.35,0.222852778360248,0.388389316829853,0.31,11,3.25,2239.25,5829.21,1652.69,943.51,8247.24,0.25,0.35,0.2,0.45,74933.1,16672.65,8.7108934169279,0.2800417972831766,0.1598746081504702,0.35997910135841166,0.029883322590417316,0.1085,0.062,1.4625000000000001,4.95,1971.42,0.2001044932079415,0.4399164054336468,0.2225004704196143,39.150000000000006,0.55,11.96986937590711,2596.2,1531,0.7998955067920586
Pizza,26574,Urban Pizza Tavern,Cafe,West Auckland,1.04,44.39,2103,545,24192.55,545,312,701,24192.55,13849.68,31117.39,0.227275923360139,0.405208936799318,0.3,10,2.95,2067.95,8891.13,1633.36,935.06,9368.16,0.35,0.35,0.2,0.45,93352.17,20827.71,9.903808844507845,0.25915359010936756,0.14835948644793154,0.3333333333333333,0.022152136367049633,0.105,0.06,1.3275000000000001,4.5,2187.12,0.25915359010936756,0.40751307655729907,0.2231090075356577,44.39,0.55,13.363994293865906,2568.42,1558,0.7408464098906324
Pizza,25092,Top Pizza Grill,Full-service,CBD,0.99,38.56,1452,392,15115.52,371,212,477,14305.76,8174.72,18393.12,0.368413513898849,0.490756772225723,0.3,12,3.54,1688.58,2128.71,-2277.05,-1301.17,901.72,0.37,0.35,0.2,0.45,55989.119999999995,-547.7900000000002,-0.3772658402203858,0.25550964187327824,0.14600550964187328,0.3285123966942149,0.030159073762902507,0.105,0.06,1.593,5.4,1437.48,0.2699724517906336,0.40151515151515155,-0.009783865150943616,38.559999999999995,0.55,1.8903983228511532,-3578.2200000000003,1060,0.7300275482093664
Pizza,26346,King Pizza Diner,Ghost Kitchen,South Auckland,1.05,34.82,1559,74,2576.68,520,297,668,18106.4,10341.54,23259.76,0.251541353319772,0.346690253505949,0.32,10,2.95,1970.6,1035.23,1480.53,845.61,7374.44,0.05,0.35,0.2,0.45,54284.380000000005,10735.81,6.886343810134702,0.3335471456061578,0.19050673508659396,0.428479794740218,0.036301418566445816,0.11199999999999999,0.064,1.3275000000000001,4.5,1636.95,0.04746632456703014,0.5240538806927517,0.19776978202569503,34.82,0.55,11.039580838323353,2326.14,1485,0.9525336754329699
Pizza,25094,Urban Pizza Tavern,Full-service,CBD,0.99,35.58,1372,457,16260.06,320,183,412,11385.6,6511.14,14658.96,0.392297586519271,0.478353368979879,0.31,11,3.25,1339.0,2103.22,-2056.82,-1176.24,557.12,0.5,0.35,0.2,0.45,48815.76,-572.7200000000004,-0.4174344023323618,0.23323615160349853,0.13338192419825073,0.30029154518950435,0.0274296661569952,0.1085,0.062,1.4625000000000001,4.95,1358.28,0.33309037900874633,0.36661807580174927,-0.0117322766254177,35.58,0.55,1.3522330097087378,-3233.0600000000004,915,0.6669096209912536
Pizza,25420,Lucky Pizza Corner,QSR,South Auckland,1.05,38.11,1361,236,8993.96,394,225,506,15015.34,8574.75,19283.66,0.217586544938386,0.420943735772744,0.3,14,4.13,2089.78,3251.04,922.99,527.09,4880.68,0.21,0.35,0.2,0.45,51867.71,9581.8,7.040264511388684,0.2894930198383542,0.16531961792799413,0.37178545187362233,0.04029057770238941,0.105,0.06,1.8585,6.3,1429.05,0.1734019103600294,0.4548126377663483,0.18473535847254485,38.11,0.55,9.645612648221345,1450.08,1125,0.8265980896399706
Pizza,26460,King Pizza Diner,QSR,CBD,0.99,42.77,594,103,4405.31,172,98,221,7356.44,4191.46,9452.17,0.211001245379448,0.424304420920089,0.29,5,1.48,327.08,1606.59,549.48,313.08,3120.07,0.21,0.35,0.2,0.45,25405.379999999997,5589.219999999999,9.409461279461278,0.2895622895622896,0.164983164983165,0.3720538720538721,0.0128744384063533,0.10149999999999999,0.057999999999999996,0.666,2.25,588.06,0.17340067340067344,0.4545454545454546,0.2200014327673902,42.769999999999996,0.55,14.117963800904977,862.56,491,0.8265993265993266
Pizza,25772,King Pizza Diner,Full-service,West Auckland,1.04,44.69,1130,381,17026.89,262,150,337,11708.78,6703.5,15060.53,0.354959928162862,0.479285536636598,0.32,16,4.72,1590.64,2822.28,-1806.03,-1033.98,905.71,0.51,0.35,0.2,0.45,50499.7,887.9800000000002,0.7858230088495577,0.23185840707964606,0.13274336283185842,0.29823008849557525,0.03149800889906277,0.11199999999999999,0.064,2.124,7.2,1175.2,0.33716814159292036,0.36460176991150445,0.01758386683485249,44.69,0.55,2.687566765578635,-2840.01,749,0.6628318584070797
Pizza,25745,Lucky Pizza House,Cafe,North Shore,1.03,38.54,2039,561,21620.94,517,296,665,19925.18,11407.84,25629.1,0.253008397165686,0.351952241081744,0.32,9,2.66,1768.9,8541.12,1495.17,856.04,8355.6,0.38,0.35,0.2,0.45,78583.06,19247.93,9.43988719960765,0.2535556645414419,0.14516920058852378,0.32614026483570374,0.022509940437544684,0.11199999999999999,0.064,1.197,4.05,2100.17,0.27513487003433057,0.3987248651299657,0.2449373949041944,38.54,0.55,12.564812030075188,2351.21,1478,0.7248651299656694
Pizza,25786,King Pizza Corner,Cafe,South Auckland,1.05,32.3,1390,312,10077.6,377,216,485,12177.1,6976.8,15665.5,0.224799485262483,0.363931142981164,0.3,6,1.77,858.45,4144.61,1354.94,776.3,5584.29,0.29,0.35,0.2,0.45,44897.0,11860.14,8.532474820143884,0.2712230215827338,0.15539568345323743,0.3489208633093525,0.019120431209212196,0.105,0.06,0.7965,2.7,1459.5,0.22446043165467627,0.42661870503597127,0.26416330712519764,32.3,0.55,11.514,2131.24,1078,0.7755395683453238
Pizza,25962,Urban Pizza Cafe,Cafe,South Auckland,1.05,42.26,869,252,10649.52,216,123,278,9128.16,5197.98,11748.28,0.256736692748964,0.449217923730612,0.28,4,1.18,328.04,3131.44,128.21,73.01,3126.49,0.41,0.35,0.2,0.45,36723.94,6459.15,7.432853855005753,0.2485615650172612,0.14154200230149594,0.31990794016110474,0.008932592744678267,0.098,0.05600000000000001,0.531,1.8,912.45,0.2899884925201381,0.39010356731875717,0.17588390570292836,42.260000000000005,0.55,11.246366906474819,201.22000000000003,617,0.7100115074798619
Pizza,26610,King Pizza Bistro,Cafe,CBD,0.99,42.19,1103,309,13036.71,278,159,357,11728.82,6708.21,15061.83,0.241353793535382,0.448946317541413,0.31,3,0.89,317.73,4037.47,-3.52,-2.01,4346.92,0.39,0.35,0.2,0.45,46535.57,8378.86,7.596427923844062,0.25203989120580234,0.1441523118766999,0.3236627379873073,0.006827680417366758,0.1085,0.062,0.4005,1.35,1091.97,0.28014505893019037,0.39619220308250225,0.18005280691737527,42.19,0.55,12.17624649859944,-5.529999999999999,794,0.7198549410698096
Pizza,26491,Lucky Pizza Bistro,QSR,South Auckland,1.05,42.76,1276,271,11587.96,352,201,452,15051.52,8594.76,19327.52,0.210227783732116,0.438780712056905,0.3,18,5.31,2400.12,4067.28,767.5,438.26,4383.68,0.27,0.35,0.2,0.45,54561.759999999995,9656.720000000001,7.567962382445142,0.2758620689655173,0.15752351097178685,0.3542319749216301,0.04398905020659158,0.105,0.06,2.3895,8.1,1339.8,0.21238244514106583,0.4333855799373041,0.1769869593649472,42.76,0.55,9.69840707964602,1205.76,1005,0.7876175548589341
Pizza,26505,Classic Pizza Cafe,Full-service,South Auckland,1.05,40.96,1414,418,17121.28,349,199,448,14295.04,8151.04,18350.08,0.369314089196268,0.513505963794887,0.27,8,2.36,1057.28,2006.27,-2184.57,-1245.64,1092.98,0.42,0.35,0.2,0.45,57917.44,-330.96000000000026,-0.23405940594059424,0.24681753889674682,0.14073550212164074,0.31683168316831684,0.018254950495049504,0.0945,0.054000000000000006,1.062,3.6,1484.7,0.2956152758132956,0.38755304101838756,-0.005714340965346539,40.96,0.55,2.4396875000000002,-3430.21,996,0.7043847241867044
Pizza,25292,Lucky Pizza Grill,QSR,West Auckland,1.04,34.98,1162,217,7590.66,331,189,425,11578.38,6611.22,14866.5,0.236099762544036,0.438484684517607,0.28,18,5.31,2256.75,2470.12,525.84,300.25,2581.04,0.23,0.35,0.2,0.45,40646.76,5877.25,5.057874354561101,0.28485370051635106,0.16265060240963855,0.3657487091222031,0.055521030458516245,0.098,0.05600000000000001,2.3895,8.1,1208.48,0.18674698795180722,0.44750430292598964,0.14459332059923102,34.980000000000004,0.55,6.073035294117647,826.09,945,0.8132530120481928
Pizza,25186,King Pizza Bistro,Cafe,North Shore,1.03,44.93,1146,250,11232.5,314,179,403,14108.02,8042.47,18106.79,0.21141081430018,0.359518893412314,0.33,9,2.66,1071.98,4819.53,1397.69,796.77,6697.11,0.28,0.35,0.2,0.45,51489.78,13711.099999999999,11.964310645724257,0.27399650959860383,0.156195462478185,0.3516579406631763,0.020819277145872443,0.11549999999999999,0.066,1.197,4.05,1180.38,0.2181500872600349,0.4301919720767889,0.2662877953644393,44.93,0.55,16.618138957816377,2194.46,896,0.7818499127399651
Pizza,26114,King Pizza Eatery,Cafe,South Auckland,1.05,40.25,942,228,9177.0,250,143,321,10062.5,5755.75,12920.25,0.275714058354497,0.384198272461072,0.32,11,3.25,1043.25,3120.98,202.13,115.62,3350.77,0.32,0.35,0.2,0.45,37915.5,6789.5,7.207537154989384,0.2653927813163482,0.15180467091295116,0.34076433121019106,0.027515132333742136,0.11199999999999999,0.064,1.4625000000000001,4.95,989.1,0.24203821656050956,0.4171974522292994,0.17906924608669278,40.25,0.55,10.438535825545172,317.75,714,0.7579617834394905
Pizza,25876,Classic Pizza Diner,Full-service,West Auckland,1.04,40.51,1837,612,24792.12,429,245,551,17378.79,9924.95,22321.01,0.376616796280723,0.496469203196466,0.28,9,2.66,1465.66,3146.47,-2660.45,-1519.37,1367.19,0.5,0.35,0.2,0.45,74416.87,333.84000000000015,0.1817310832879696,0.23353293413173656,0.13336962438758848,0.29994556341861733,0.019695265334325404,0.098,0.05600000000000001,1.197,4.05,1910.48,0.3331518780620577,0.366902558519325,0.004486079567710926,40.51,0.55,2.4812885662431943,-4179.82,1225,0.6668481219379423
Pizza,25390,Classic Pizza Diner,QSR,West Auckland,1.04,34.08,958,209,7122.72,262,150,337,8928.96,5112.0,11484.96,0.251370042897761,0.351589107490145,0.31,13,3.84,1294.08,2828.01,777.18,444.95,3265.92,0.28,0.35,0.2,0.45,32648.64,7316.0599999999995,7.636805845511482,0.27348643006263046,0.15657620041753653,0.3517745302713987,0.03963656679114352,0.1085,0.062,1.728,5.8500000000000005,996.32,0.21816283924843424,0.430062630480167,0.22408467856547776,34.08,0.55,9.691157270029674,1222.1299999999999,749,0.7818371607515657
Pizza,25244,Urban Pizza Cafe,Full-service,North Shore,1.03,35.17,761,221,7772.57,189,108,243,6647.13,3798.36,8546.31,0.38773919926025,0.496896873624064,0.28,9,2.66,646.38,896.67,-1094.36,-625.35,339.56,0.41,0.35,0.2,0.45,26764.370000000003,-483.47999999999996,-0.6353219448094611,0.24835742444152428,0.1419185282522996,0.3193166885676741,0.024150764617287834,0.098,0.05600000000000001,1.197,4.05,783.83,0.29040735873850193,0.39027595269382387,-0.018064314609310808,35.17,0.55,1.397366255144033,-1719.71,540,0.709592641261498
Pizza,26149,Classic Pizza Bistro,Cafe,West Auckland,1.04,39.35,1881,575,22626.25,457,261,588,17982.95,10270.35,23137.8,0.249205620121211,0.392973104561679,0.32,13,3.84,2257.92,8096.15,680.14,388.44,6021.28,0.44,0.35,0.2,0.45,74017.34999999999,15186.009999999998,8.073370547581073,0.24295587453482195,0.13875598086124405,0.31259968102073366,0.030505280180930558,0.11199999999999999,0.064,1.728,5.8500000000000005,1956.24,0.30568846358320045,0.381711855396066,0.20516824771489386,39.349999999999994,0.55,10.240272108843538,1068.58,1306,0.6943115364167995
Pizza,25448,Urban Pizza Tavern,QSR,West Auckland,1.04,44.34,754,160,7094.4,208,119,267,9222.72,5276.46,11838.78,0.203992223143578,0.406685894890688,0.28,4,1.18,315.06,2762.01,1008.25,576.83,4294.04,0.27,0.35,0.2,0.45,33432.36,8641.130000000001,11.460384615384617,0.27586206896551724,0.15782493368700265,0.3541114058355438,0.009423803763778566,0.098,0.05600000000000001,0.531,1.8,784.1600000000001,0.21220159151193632,0.4336870026525199,0.25846604906144827,44.34,0.55,16.0825468164794,1585.08,594,0.7877984084880637
Pizza,25032,Urban Pizza House,Ghost Kitchen,South Auckland,1.05,41.06,949,45,1847.7,316,181,407,12974.96,7431.86,16711.42,0.282779273379128,0.280021977855358,0.32,12,3.54,1440.78,807.81,1520.65,871.0,5865.43,0.05,0.35,0.2,0.45,38965.94,9064.89,9.55204425711275,0.33298208640674387,0.19072708113804002,0.428872497365648,0.03697536874511432,0.11199999999999999,0.064,1.593,5.4,996.45,0.04741833508956796,0.5237091675447839,0.23263624591117266,41.06,0.55,14.411375921375923,2391.65,904,0.9525816649104321
Pizza,25045,King Pizza Diner,QSR,South Auckland,1.05,46.66,1516,322,15024.52,418,239,537,19503.88,11151.74,25056.42,0.210184778869152,0.444766892120242,0.32,8,2.36,1267.32,5184.19,488.54,279.33,7378.36,0.27,0.35,0.2,0.45,70736.56,13330.419999999998,8.79315303430079,0.2757255936675462,0.15765171503957784,0.354221635883905,0.017916053593785165,0.11199999999999999,0.064,1.062,3.6,1591.8,0.212401055408971,0.43337730870712404,0.18845162953923683,46.66,0.55,13.73996275605214,767.87,1194,0.787598944591029
Pizza,26259,Classic Pizza House,Ghost Kitchen,South Auckland,1.05,45.51,551,36,1638.36,180,103,232,8191.8,4687.53,10558.32,0.264104922662955,0.221715733525343,0.28,10,2.95,684.4,842.41,1918.35,1097.72,4744.47,0.07,0.35,0.2,0.45,25076.01,8602.95,15.61333938294011,0.3266787658802178,0.1869328493647913,0.4210526315789474,0.027293018307138976,0.098,0.05600000000000001,1.3275000000000001,4.5,578.5500000000001,0.06533575317604355,0.5136116152450091,0.34307491502834786,45.51,0.55,20.450301724137933,3016.0699999999997,515,0.9346642468239564
Pizza,25411,Top Pizza Cafe,QSR,CBD,0.99,33.7,921,190,6403.0,256,146,329,8627.2,4920.2,11087.3,0.213650381229818,0.382427730807103,0.32,14,4.13,1358.77,2586.31,724.01,412.91,3119.63,0.26,0.35,0.2,0.45,31037.7,6842.86,7.429815418023887,0.2779587404994571,0.15852334419109662,0.3572204125950054,0.04377805056431372,0.11199999999999999,0.064,1.8585,6.3,911.79,0.20629750271444083,0.4364820846905538,0.22046930023809752,33.7,0.55,9.482158054711247,1136.92,731,0.7937024972855592
Pizza,25156,Urban Pizza Corner,Cafe,CBD,0.99,31.97,796,219,7001.43,202,115,260,6457.94,3676.55,8312.2,0.26826592143625,0.427995915315114,0.31,10,2.95,767.0,2126.6,-40.44,-23.02,1757.73,0.38,0.35,0.2,0.45,25448.12,3820.87,4.800087939698492,0.2537688442211055,0.14447236180904524,0.32663316582914576,0.030139750991428838,0.1085,0.062,1.3275000000000001,4.5,788.04,0.2751256281407035,0.3982412060301508,0.15014350765400353,31.97,0.55,6.7605,-63.459999999999994,577,0.7248743718592965
Pizza,25521,Urban Pizza Bistro,QSR,South Auckland,1.05,39.54,1492,278,10992.12,425,243,546,16804.5,9608.22,21588.84,0.207473446819931,0.400803267979063,0.33,5,1.48,808.08,4305.87,1037.23,593.05,7648.77,0.23,0.35,0.2,0.45,58993.68000000001,13584.920000000002,9.105174262734586,0.28485254691689005,0.16286863270777477,0.3659517426273458,0.013697738469612338,0.11549999999999999,0.066,0.666,2.25,1566.6000000000001,0.18632707774798926,0.44772117962466484,0.23027754837467335,39.540000000000006,0.55,14.008736263736264,1630.28,1214,0.8136729222520107
Pizza,26007,Classic Pizza Tavern,Full-service,North Shore,1.03,34.82,2201,672,23399.04,535,306,688,18628.7,10654.92,23956.16,0.353792431158945,0.525969896628521,0.31,18,5.31,3653.28,2813.45,-3535.03,-2021.9,-772.85,0.44,0.35,0.2,0.45,76638.82,-3516.3300000000004,-1.597605633802817,0.24307133121308494,0.13902771467514766,0.31258518855065875,0.04766879239529001,0.1085,0.062,2.3895,8.1,2267.03,0.30531576556110857,0.3820990458882326,-0.04588183899491146,34.82,0.55,-1.123328488372093,-5556.93,1529,0.6946842344388914
Pizza,26061,Lucky Pizza Cafe,Full-service,North Shore,1.03,44.18,614,172,7598.96,155,88,199,6847.9,3887.84,8791.82,0.355922215222381,0.542598887695931,0.32,11,3.25,646.75,771.13,-1496.41,-849.58,245.43,0.39,0.35,0.2,0.45,27126.52,-1329.43,-2.165195439739414,0.252442996742671,0.14332247557003258,0.3241042345276873,0.02384198194239438,0.11199999999999999,0.064,1.4625000000000001,4.95,632.4200000000001,0.28013029315960913,0.3957654723127036,-0.04900849795698085,44.18,0.55,1.233316582914573,-2345.9900000000002,442,0.7198697068403909
Pizza,25052,Top Pizza Corner,Cafe,North Shore,1.03,38.47,1560,350,13464.5,424,242,544,16311.28,9309.74,20927.68,0.262573087029159,0.402647344418801,0.28,18,5.31,2888.64,4507.64,893.52,509.98,4117.52,0.29,0.35,0.2,0.45,60013.2,10028.66,6.428628205128205,0.27179487179487183,0.15512820512820513,0.34871794871794876,0.04813341064965707,0.098,0.05600000000000001,2.3895,8.1,1606.8,0.22435897435897437,0.42692307692307696,0.16710756966800638,38.47,0.55,7.568970588235295,1403.5,1210,0.7756410256410257
Pizza,25134,Classic Pizza Diner,Full-service,CBD,0.99,36.51,789,229,8360.79,196,112,252,7155.96,4089.12,9200.52,0.388490514829755,0.496481690066867,0.29,13,3.84,967.68,961.72,-1252.09,-715.48,90.64,0.41,0.35,0.2,0.45,28806.39,-915.2099999999999,-1.1599619771863117,0.24841571609632446,0.14195183776932827,0.3193916349809886,0.033592546653711204,0.10149999999999999,0.057999999999999996,1.728,5.8500000000000005,781.11,0.2902408111533587,0.39036755386565275,-0.03177107579255852,36.51,0.55,0.35968253968253966,-1967.57,560,0.7097591888466414
Pizza,25500,Classic Pizza House,Full-service,North Shore,1.03,40.3,655,206,8301.8,157,90,202,6327.1,3627.0,8140.6,0.389053661760408,0.484122679312713,0.32,17,5.02,1014.04,1052.86,-1222.25,-700.65,18.38,0.46,0.35,0.2,0.45,26396.5,-851.6600000000001,-1.3002442748091605,0.23969465648854962,0.13740458015267176,0.30839694656488553,0.03841569905101055,0.11199999999999999,0.064,2.259,7.65,674.65,0.3145038167938931,0.3770992366412214,-0.03226412592578562,40.3,0.55,0.09099009900990099,-1922.9,449,0.6854961832061068
Pizza,25002,Top Pizza Bistro,Full-service,South Auckland,1.05,44.02,1092,317,13954.34,271,155,349,11929.42,6823.1,15362.98,0.38263408173807,0.492995391390286,0.32,13,3.84,1340.16,1735.51,-2333.75,-1334.8,570.54,0.41,0.35,0.2,0.45,48069.84,-1362.5,-1.2477106227106227,0.24816849816849818,0.14194139194139196,0.3195970695970696,0.027879435421461776,0.11199999999999999,0.064,1.728,5.8500000000000005,1146.6000000000001,0.2902930402930403,0.39010989010989017,-0.028344175890745633,44.019999999999996,0.55,1.6347851002865328,-3668.55,775,0.7097069597069597
Pizza,25137,Classic Pizza Diner,Full-service,CBD,0.99,36.9,1554,474,17490.6,378,216,486,13948.2,7970.4,17933.4,0.396293201216031,0.549098631180823,0.31,9,2.66,1292.76,955.13,-3562.26,-2035.58,-313.45,0.44,0.35,0.2,0.45,57342.6,-4956.16,-3.1892921492921493,0.24324324324324326,0.138996138996139,0.3127413127413128,0.022544495715227424,0.1085,0.062,1.197,4.05,1538.46,0.305019305019305,0.3822393822393822,-0.08643068155263277,36.9,0.55,-0.6449588477366255,-5597.84,1080,0.694980694980695
Pizza,25569,King Pizza House,Cafe,West Auckland,1.04,40.68,1638,378,15377.04,441,252,567,17939.88,10251.36,23065.56,0.254423635620624,0.409830391569994,0.29,9,2.66,1508.22,5162.78,820.68,468.96,6235.95,0.3,0.35,0.2,0.45,66633.84,12688.369999999999,7.746257631257631,0.2692307692307693,0.15384615384615385,0.3461538461538462,0.022634445200816884,0.10149999999999999,0.057999999999999996,1.197,4.05,1703.52,0.23076923076923078,0.42307692307692313,0.19041931246945995,40.68,0.55,10.998148148148148,1289.6399999999999,1260,0.7692307692307693
Pizza,26190,Top Pizza Eatery,Cafe,North Shore,1.03,41.48,633,153,6346.44,168,96,216,6968.64,3982.08,8959.68,0.27351445902139,0.38731206075754,0.29,6,1.77,382.32,2152.54,342.67,195.81,2656.57,0.32,0.35,0.2,0.45,26256.84,5347.59,8.448009478672986,0.26540284360189575,0.15165876777251183,0.3412322274881517,0.014560777306027686,0.10149999999999999,0.057999999999999996,0.7965,2.7,651.99,0.24170616113744073,0.4170616113744076,0.20366464509819157,41.48,0.55,12.298935185185186,538.48,480,0.7582938388625592
Pizza,25059,Urban Pizza Eatery,Ghost Kitchen,North Shore,1.03,45.97,664,19,873.43,226,129,290,10389.22,5930.13,13331.3,0.298367746442091,0.202721908153035,0.28,4,1.18,342.2,435.76,2274.31,1298.17,6308.92,0.03,0.35,0.2,0.45,30524.079999999998,10317.16,15.53789156626506,0.34036144578313254,0.19427710843373497,0.4367469879518072,0.011210821096000273,0.098,0.05600000000000001,0.531,1.8,683.9200000000001,0.0286144578313253,0.5346385542168675,0.3380006866709824,45.97,0.55,21.754896551724137,3572.48,645,0.9713855421686747
Pizza,26354,King Pizza Diner,QSR,CBD,0.99,33.25,1797,359,11936.75,503,288,647,16724.75,9576.0,21512.75,0.264598916620016,0.418979843868874,0.29,12,3.54,2290.38,3777.04,441.89,253.01,4516.71,0.25,0.35,0.2,0.45,59750.25,8988.650000000001,5.002031163049528,0.27991096271563715,0.16026711185308848,0.3600445186421814,0.03833255927799466,0.10149999999999999,0.057999999999999996,1.593,5.4,1779.03,0.19977740678909292,0.44017807456872565,0.15043702746013618,33.25,0.55,6.981004636785162,694.9,1438,0.800222593210907
Pizza,25021,Top Pizza Corner,Ghost Kitchen,West Auckland,1.04,44.06,1311,108,4758.48,421,241,541,18549.26,10618.46,23836.46,0.277915946999565,0.264987401163671,0.3,13,3.84,2077.44,2175.09,2914.03,1668.12,8818.13,0.09,0.35,0.2,0.45,57762.659999999996,15575.369999999999,11.880526315789472,0.32112890922959575,0.18382913806254766,0.41266209000762777,0.035965102715145046,0.105,0.06,1.728,5.8500000000000005,1363.44,0.08237986270022883,0.5049580472921434,0.26964426499749145,44.059999999999995,0.55,16.299685767097966,4582.15,1203,0.9176201372997712
Pizza,25089,King Pizza House,Ghost Kitchen,North Shore,1.03,38.54,1361,112,4316.48,437,250,562,16841.98,9635.0,21659.48,0.256606098311022,0.271410880971234,0.32,10,2.95,1657.9,2037.31,2559.69,1464.36,8565.01,0.09,0.35,0.2,0.45,52452.94,14626.369999999999,10.746781778104335,0.32108743570903747,0.1836884643644379,0.4129316678912564,0.03160737987231984,0.11199999999999999,0.064,1.3275000000000001,4.5,1401.83,0.08229243203526818,0.5047759000734754,0.2788474773768639,38.54,0.55,15.240231316725978,4024.05,1249,0.9177075679647319
Pizza,25818,Classic Pizza Grill,QSR,West Auckland,1.04,33.74,638,147,4959.78,172,98,221,5803.28,3306.52,7456.54,0.219004604425281,0.355166189209558,0.31,4,1.18,260.78,2112.02,672.19,382.99,2914.43,0.3,0.35,0.2,0.45,21526.12,6081.629999999999,9.532335423197491,0.26959247648902823,0.1536050156739812,0.34639498432601884,0.012114584514069418,0.1085,0.062,0.531,1.8,663.52,0.2304075235109718,0.4231974921630094,0.28252327869583554,33.739999999999995,0.55,13.187466063348415,1055.18,491,0.7695924764890282
Pizza,25022,Lucky Pizza Diner,Full-service,West Auckland,1.04,46.04,1706,512,23572.48,418,239,537,19244.72,11003.56,24723.48,0.375633057544474,0.536289412644692,0.31,15,4.43,2378.91,2076.21,-4270.84,-2441.94,-201.33,0.43,0.35,0.2,0.45,78544.23999999999,-4837.9,-2.835814771395076,0.24501758499413837,0.14009378663540448,0.31477139507620167,0.030287516945863888,0.1085,0.062,1.9934999999999998,6.75,1774.24,0.3001172332942556,0.38511137162954284,-0.06159458669407203,46.03999999999999,0.55,-0.37491620111731844,-6712.780000000001,1194,0.6998827667057445
Pizza,25590,Lucky Pizza Bistro,Cafe,CBD,0.99,35.03,1115,237,8302.11,307,176,395,10754.21,6165.28,13836.85,0.213621605206281,0.41267359952908,0.32,8,2.36,932.2,3102.54,577.55,331.11,4238.7,0.27,0.35,0.2,0.45,39058.45,8249.9,7.399013452914798,0.27533632286995513,0.157847533632287,0.3542600896860987,0.023866794509254722,0.11199999999999999,0.064,1.062,3.6,1103.85,0.21255605381165923,0.4331838565022421,0.21121933922109046,35.029999999999994,0.55,10.730886075949366,908.66,878,0.7874439461883408
Pizza,25309,Lucky Pizza Kitchen,Cafe,CBD,0.99,32.37,950,230,7445.1,252,144,324,8157.24,4661.28,10487.88,0.239426184501499,0.350427772384137,0.28,7,2.07,670.68,3053.58,1061.63,606.65,3630.88,0.32,0.35,0.2,0.45,30751.5,8352.74,8.792357894736842,0.2652631578947368,0.15157894736842104,0.34105263157894733,0.021809667821081898,0.098,0.05600000000000001,0.9315,3.15,940.5,0.24210526315789474,0.4168421052631579,0.2716205713542429,32.37,0.55,11.20641975308642,1668.2800000000002,720,0.7578947368421053
Pizza,25066,Lucky Pizza Tavern,Cafe,West Auckland,1.04,31.86,684,181,5766.66,176,101,226,5607.36,3217.86,7200.36,0.201453050412238,0.406799666606821,0.3,7,2.07,467.82,2259.07,514.46,295.23,2352.9,0.36,0.35,0.2,0.45,21792.24,5421.66,7.92640350877193,0.2573099415204678,0.1476608187134503,0.33040935672514615,0.021467274589486898,0.105,0.06,0.9315,3.15,711.36,0.26461988304093564,0.4049707602339181,0.24878855959736124,31.860000000000003,0.55,10.411061946902656,809.69,503,0.7353801169590644
Pizza,26632,King Pizza Corner,Cafe,South Auckland,1.05,33.51,1650,504,16889.04,401,229,516,13437.51,7673.79,17291.16,0.265817190427333,0.389184284466319,0.28,5,1.48,763.68,5826.69,873.42,498.79,5201.74,0.44,0.35,0.2,0.45,55291.5,12400.64,7.5155393939393935,0.24303030303030304,0.1387878787878788,0.31272727272727274,0.013811887903203927,0.098,0.05600000000000001,0.666,2.25,1732.5,0.3054545454545455,0.3818181818181818,0.2242775110098297,33.51,0.55,10.080891472868217,1372.21,1146,0.6945454545454546
Pizza,26566,Top Pizza Cafe,QSR,CBD,0.99,30.47,791,173,5271.31,216,124,278,6581.52,3778.28,8470.66,0.22002185055986,0.377670614188537,0.3,6,1.77,492.06,2120.69,673.34,386.55,2915.75,0.28,0.35,0.2,0.45,24101.770000000004,6096.33,7.707117572692794,0.27307206068268014,0.15676359039190896,0.3514538558786346,0.02041592795881796,0.105,0.06,0.7965,2.7,783.09,0.2187104930467762,0.4298356510745891,0.2529411740299571,30.470000000000006,0.55,10.488309352517986,1059.89,618,0.7812895069532237
Pizza,25542,Lucky Pizza Cafe,QSR,CBD,0.99,33.2,1461,292,9694.4,409,234,526,13578.8,7768.8,17463.2,0.219637143891305,0.350006533670239,0.29,5,1.48,778.48,4172.05,1905.87,1090.4,6736.92,0.25,0.35,0.2,0.45,48505.2,13905.24,9.517618069815194,0.2799452429842574,0.16016427104722794,0.36002737850787137,0.016049413258784628,0.10149999999999999,0.057999999999999996,0.666,2.25,1446.39,0.1998631074606434,0.4401095140314853,0.28667524306672276,33.199999999999996,0.55,12.807832699619771,2996.27,1169,0.8001368925393566
Pizza,26607,Classic Pizza Cafe,Ghost Kitchen,West Auckland,1.04,43.15,759,49,2114.35,248,142,320,10701.2,6127.3,13808.0,0.271425134467427,0.310912664898206,0.28,10,2.95,944.0,883.08,1473.15,843.5,4823.08,0.07,0.35,0.2,0.45,32750.850000000002,8022.8099999999995,10.570237154150197,0.32674571805006586,0.18708827404479578,0.42160737812911725,0.02882367938542053,0.098,0.05600000000000001,1.3275000000000001,4.5,789.36,0.06455862977602107,0.5138339920948616,0.244964939841256,43.150000000000006,0.55,15.072125,2316.65,710,0.9354413702239789
Pizza,25394,Lucky Pizza Eatery,Full-service,West Auckland,1.04,32.33,691,182,5884.06,178,102,229,5754.74,3297.66,7403.57,0.365765922877472,0.462057028990239,0.31,10,2.95,675.55,1013.1,-793.14,-454.49,599.17,0.36,0.35,0.2,0.45,22340.03,364.64,0.527698986975398,0.2575976845151954,0.1476121562952243,0.3314037626628075,0.030239440143992644,0.1085,0.062,1.3275000000000001,4.5,718.64,0.2633863965267728,0.40520984081041966,0.016322269934283883,32.33,0.55,2.61646288209607,-1247.63,509,0.7366136034732272
Pizza,26003,King Pizza Cafe,QSR,West Auckland,1.04,45.3,1799,348,15764.4,508,290,653,23012.4,13137.0,29580.9,0.249556164797395,0.367794939898886,0.29,10,2.95,1926.35,6032.23,2132.07,1217.13,9392.75,0.24,0.35,0.2,0.45,81494.70000000001,18774.18,10.435897720956087,0.28237909949972206,0.1612006670372429,0.3629794330183435,0.023637733496779542,0.10149999999999999,0.057999999999999996,1.3275000000000001,4.5,1870.96,0.19344080044469147,0.44357976653696496,0.2303730181226509,45.300000000000004,0.55,14.383996937212864,3349.2000000000003,1451,0.8065591995553085
Pizza,26166,Classic Pizza Grill,QSR,West Auckland,1.04,39.37,807,156,6141.72,228,130,293,8976.36,5118.1,11535.41,0.216596500258893,0.412169995065779,0.32,6,1.77,518.61,2280.01,459.89,262.22,3763.72,0.24,0.35,0.2,0.45,31771.59,6765.84,8.383940520446098,0.2825278810408922,0.161090458488228,0.36307311028500616,0.016323073538340387,0.11199999999999999,0.064,0.7965,2.7,839.28,0.19330855018587362,0.4436183395291202,0.2129525151243611,39.37,0.55,12.845460750853242,722.11,651,0.8066914498141264
Pizza,25803,Classic Pizza Tavern,QSR,North Shore,1.03,41.53,983,203,8430.59,273,156,351,11337.69,6478.68,14577.03,0.252052213139832,0.397934240568429,0.31,3,0.89,312.39,2950.82,453.66,259.23,4789.77,0.26,0.35,0.2,0.45,40823.99,8453.48,8.59967446592065,0.2777212614445575,0.1586978636826043,0.35707019328585965,0.0076521182765329895,0.1085,0.062,0.4005,1.35,1012.49,0.20651068158697866,0.43641912512716186,0.20707138131280162,41.53,0.55,13.646068376068378,712.8900000000001,780,0.7934893184130214
Pizza,26358,Classic Pizza Cafe,Full-service,North Shore,1.03,31.46,1389,431,13559.26,335,192,431,10539.1,6040.32,13559.26,0.352690543734934,0.524665215029381,0.32,7,2.07,892.17,1662.97,-2079.95,-1192.09,770.8,0.45,0.35,0.2,0.45,43697.94,-838.2699999999998,-0.603506119510439,0.2411807055435565,0.1382289416846652,0.3102951763858891,0.020416751910959645,0.11199999999999999,0.064,0.9315,3.15,1430.67,0.3102951763858891,0.3794096472282217,-0.0191832841548137,31.46,0.55,1.7883990719257539,-3272.04,958,0.6897048236141109
Pizza,25117,Classic Pizza Grill,Cafe,CBD,0.99,43.23,1519,441,19064.43,377,216,485,16297.71,9337.68,20966.55,0.263646086733788,0.417766972747631,0.3,16,4.72,2289.2,6073.68,302.92,173.56,4390.47,0.41,0.35,0.2,0.45,65666.37,10940.630000000001,7.202521395655037,0.24818959842001317,0.14219881500987494,0.31928900592495063,0.03486107119976329,0.105,0.06,2.124,7.2,1503.81,0.2903225806451613,0.3903884134298881,0.16660933138225856,43.23,0.55,9.052515463917526,476.48,1078,0.7096774193548387
Pizza,26372,Urban Pizza House,QSR,South Auckland,1.05,31.92,1973,431,13757.52,540,308,694,17236.8,9831.36,22152.48,0.275863948911428,0.423654155386612,0.31,8,2.36,1637.84,4133.89,-164.06,-93.58,5018.58,0.28,0.35,0.2,0.45,62978.16,8894.83,4.508276735935124,0.2736948808920425,0.15610745058286873,0.3517486061834769,0.026006475895770848,0.1085,0.062,1.062,3.6,2071.65,0.21844906234161177,0.42980233147491126,0.1412367398475916,31.92,0.55,7.231383285302593,-257.64,1542,0.7815509376583882
Pizza,26009,Classic Pizza Diner,QSR,North Shore,1.03,31.87,1652,330,10517.1,463,264,595,14755.81,8413.68,18962.65,0.217166916113347,0.448875435185619,0.29,5,1.48,880.6,3512.27,648.63,369.85,5452.12,0.25,0.35,0.2,0.45,52649.24,9982.869999999999,6.042899515738498,0.28026634382566584,0.15980629539951574,0.36016949152542377,0.016725787494748262,0.10149999999999999,0.057999999999999996,0.666,2.25,1701.56,0.19975786924939468,0.4400726392251816,0.18961090416499837,31.869999999999997,0.55,9.163226890756302,1018.48,1322,0.8002421307506054
Pizza,25809,Classic Pizza Cafe,Full-service,West Auckland,1.04,42.7,999,285,12169.5,250,143,321,10675.0,6106.1,13706.7,0.383385897008702,0.492068280372769,0.28,4,1.18,378.78,1515.66,-1659.47,-949.22,1328.33,0.4,0.35,0.2,0.45,42657.3,235.29999999999995,0.2355355355355355,0.2502502502502502,0.14314314314314314,0.3213213213213213,0.008879605600917075,0.098,0.05600000000000001,0.531,1.8,1038.96,0.28528528528528524,0.39339339339339335,0.005516054696382564,42.7,0.55,4.13809968847352,-2608.69,714,0.7147147147147147
Pizza,25754,Lucky Pizza Kitchen,QSR,South Auckland,1.05,46.67,1006,232,10827.44,271,155,348,12647.57,7233.85,16241.16,0.246417472716421,0.420369215472601,0.27,10,2.95,1026.6,3607.85,799.49,457.28,4385.17,0.3,0.35,0.2,0.45,46950.020000000004,9249.79,9.194622266401591,0.26938369781312127,0.1540755467196819,0.34592445328031807,0.021865805381978534,0.0945,0.054000000000000006,1.3275000000000001,4.5,1056.3,0.23061630218687873,0.4234592445328031,0.1970135475980628,46.67,0.55,12.601063218390804,1256.77,774,0.7693836978131213
Pizza,25769,Lucky Pizza Bistro,Full-service,West Auckland,1.04,35.07,1328,437,15325.59,312,178,401,10941.84,6242.46,14063.07,0.371737948677037,0.460590566694736,0.29,6,1.77,709.77,2569.66,-1338.5,-763.63,1648.21,0.49,0.35,0.2,0.45,46572.96,2115.74,1.5931777108433733,0.23493975903614459,0.13403614457831325,0.3019578313253012,0.015239958980489967,0.10149999999999999,0.057999999999999996,0.7965,2.7,1381.1200000000001,0.32906626506024095,0.3689759036144578,0.045428506154644235,35.07,0.55,4.1102493765586035,-2102.13,891,0.670933734939759
Pizza,25407,King Pizza Kitchen,Full-service,South Auckland,1.05,33.45,638,207,6924.15,151,86,194,5050.95,2876.7,6489.3,0.371235732606147,0.526855571987107,0.27,15,4.43,859.42,705.63,-849.02,-483.55,-198.1,0.48,0.35,0.2,0.45,21341.1,-825.0400000000001,-1.293166144200627,0.23667711598746083,0.13479623824451412,0.3040752351097179,0.04027065146595068,0.0945,0.054000000000000006,1.9934999999999998,6.75,669.9,0.32445141065830724,0.3714733542319749,-0.03865967546190216,33.449999999999996,0.55,-1.0211340206185566,-1332.57,431,0.6755485893416928
Pizza,25163,King Pizza Grill,Full-service,CBD,0.99,32.14,1958,518,16648.52,504,288,648,16198.56,9256.32,20826.72,0.383340088708792,0.498660931340419,0.27,12,3.54,2293.92,1964.51,-2462.2,-1406.97,163.61,0.36,0.35,0.2,0.45,62930.12,-1741.0499999999997,-0.8891981613891725,0.2574055158324821,0.1470888661899898,0.33094994892747703,0.03645186120732012,0.0945,0.054000000000000006,1.593,5.4,1938.42,0.26455566905005107,0.40449438202247184,-0.027666402034510654,32.14,0.55,0.2524845679012346,-3869.17,1440,0.7354443309499489
Pizza,25570,Top Pizza Eatery,Ghost Kitchen,South Auckland,1.05,40.57,1674,138,5598.66,538,307,691,21826.66,12454.99,28033.87,0.250997439259663,0.303737456654198,0.28,7,2.07,1430.37,2492.89,3607.19,2058.38,11052.13,0.09,0.35,0.2,0.45,67914.18,19210.59,11.475860215053764,0.3213859020310634,0.1833930704898447,0.41278375149342894,0.02106143370942563,0.098,0.05600000000000001,0.9315,3.15,1757.7,0.08243727598566308,0.5047789725209081,0.2828656695847613,40.56999999999999,0.55,15.994399421128797,5665.57,1536,0.9175627240143369
Pizza,25207,King Pizza Cafe,Cafe,South Auckland,1.05,42.25,1507,365,15421.25,400,228,514,16900.0,9633.0,21716.5,0.212588602863252,0.365123184677213,0.28,12,3.54,1819.56,6512.21,2404.67,1370.66,7351.06,0.32,0.35,0.2,0.45,63670.75,17638.600000000002,11.70444591904446,0.26542800265428,0.1512939615129396,0.3410749834107498,0.028577643580450993,0.098,0.05600000000000001,1.593,5.4,1582.3500000000001,0.24220305242203052,0.4167219641672196,0.27702830577620025,42.25,0.55,14.301673151750974,3775.33,1142,0.7577969475779694
Pizza,26542,Classic Pizza Kitchen,Full-service,South Auckland,1.05,35.4,758,216,7646.4,190,108,244,6726.0,3823.2,8637.6,0.379709643160459,0.538602243224159,0.32,16,4.72,1151.68,624.62,-1602.89,-911.11,-446.09,0.4,0.35,0.2,0.45,26833.199999999997,-2335.4700000000003,-3.081094986807388,0.2506596306068602,0.1424802110817942,0.3218997361477573,0.04291996481970097,0.11199999999999999,0.064,2.124,7.2,795.9,0.2849604221635884,0.3931398416886544,-0.08703658154823131,35.4,0.55,-1.8282377049180327,-2514.0,542,0.7150395778364116
Pizza,25613,Top Pizza Kitchen,QSR,West Auckland,1.04,35.79,601,127,4545.33,166,95,213,5941.14,3400.05,7623.27,0.273536871895194,0.379405077779666,0.29,3,0.89,189.57,1577.49,338.99,194.0,2456.15,0.27,0.35,0.2,0.45,21509.79,4566.63,7.598386023294509,0.2762063227953411,0.15806988352745424,0.3544093178036606,0.008813196223673034,0.10149999999999999,0.057999999999999996,0.4005,1.35,625.0400000000001,0.21131447587354407,0.43427620632279534,0.21230472264024894,35.79,0.55,11.531220657276995,532.99,474,0.7886855241264559
Pizza,25965,Urban Pizza Kitchen,Ghost Kitchen,CBD,0.99,37.35,1243,113,4220.55,396,226,508,14790.6,8441.1,18973.8,0.261534472100902,0.329363200906664,0.29,16,4.72,2397.76,1726.64,1761.59,1005.35,5364.47,0.1,0.35,0.2,0.45,46426.05,9858.05,7.93085277554304,0.3185840707964602,0.18181818181818182,0.40868865647626706,0.05164686636058851,0.10149999999999999,0.057999999999999996,2.124,7.2,1230.57,0.09090909090909091,0.500402252614642,0.212338762397404,37.35,0.55,10.559980314960631,2766.94,1130,0.9090909090909091
Pizza,25251,Top Pizza Tavern,QSR,West Auckland,1.04,39.53,850,196,7747.88,229,131,294,9052.37,5178.43,11621.82,0.210827452465892,0.443278017593548,0.28,16,4.72,1387.68,2679.95,596.5,341.23,2632.24,0.3,0.35,0.2,0.45,33600.5,6249.92,7.35284705882353,0.26941176470588235,0.15411764705882353,0.3458823529411765,0.041299385425812116,0.098,0.05600000000000001,2.124,7.2,884.0,0.23058823529411765,0.42352941176470593,0.18600675585184745,39.53,0.55,8.953197278911563,937.73,654,0.7694117647058824
Pizza,26019,Top Pizza House,Cafe,CBD,0.99,33.37,1573,473,15784.01,385,220,495,12847.45,7341.4,16518.15,0.205387951526791,0.375505004567094,0.32,4,1.18,584.1,6615.19,1273.27,727.58,6338.77,0.43,0.35,0.2,0.45,52491.01,14954.81,9.507190082644629,0.24475524475524477,0.13986013986013984,0.3146853146853147,0.0111276197581262,0.11199999999999999,0.064,0.531,1.8,1557.27,0.3006993006993007,0.3846153846153846,0.2849023099384066,33.370000000000005,0.55,12.80559595959596,2000.85,1100,0.6993006993006993
Pizza,26305,Classic Pizza Eatery,Full-service,West Auckland,1.04,42.95,1726,560,24052.0,408,233,525,17523.6,10007.35,22548.75,0.360291346011218,0.463856639107689,0.29,8,2.36,1239.0,4229.59,-2000.28,-1142.32,2726.24,0.48,0.35,0.2,0.45,74131.7,3813.2300000000005,2.2092873696407884,0.23638470451911933,0.13499420625724218,0.30417149478563155,0.016713497734437494,0.10149999999999999,0.057999999999999996,1.062,3.6,1795.04,0.32444959443800697,0.3713789107763615,0.05143858835019298,42.949999999999996,0.55,5.192838095238095,-3142.6,1166,0.6755504055619931
Pizza,25173,Urban Pizza Kitchen,Full-service,South Auckland,1.05,46.48,1243,414,19242.72,290,166,373,13479.2,7715.68,17337.04,0.374779671861324,0.510911426413804,0.31,11,3.25,1212.25,2199.61,-2637.76,-1509.89,769.53,0.5,0.35,0.2,0.45,57774.64000000001,-1178.5100000000002,-0.9481174577634757,0.23330651649235717,0.13354786806114238,0.30008045052292837,0.020982389505153125,0.1085,0.062,1.4625000000000001,4.95,1305.15,0.33306516492357197,0.36685438455349956,-0.020398396251365653,46.480000000000004,0.55,2.063083109919571,-4147.650000000001,829,0.666934835076428
Pizza,25419,Urban Pizza Grill,Cafe,North Shore,1.03,46.18,1408,402,18564.36,352,201,453,16255.36,9282.18,20919.54,0.241740224659443,0.350460662622936,0.28,3,0.89,403.17,7570.53,2077.42,1186.25,8127.8,0.4,0.35,0.2,0.45,65021.44,18962.0,13.467329545454545,0.25,0.14275568181818182,0.32173295454545453,0.006200570150399622,0.098,0.05600000000000001,0.4005,1.35,1450.24,0.28551136363636365,0.3927556818181818,0.291626884916729,46.18,0.55,17.94216335540839,3263.67,1006,0.7144886363636364
Pizza,25701,Lucky Pizza Eatery,Full-service,North Shore,1.03,39.54,1766,486,19216.44,448,256,576,17713.92,10122.24,22775.04,0.360499115020502,0.497611039830372,0.32,11,3.25,1872.0,2726.62,-3155.03,-1802.87,1359.55,0.38,0.35,0.2,0.45,69827.64,-871.7300000000002,-0.4936183465458665,0.2536806342015855,0.144960362400906,0.3261608154020385,0.02680886823613114,0.11199999999999999,0.064,1.4625000000000001,4.95,1818.98,0.27519818799546997,0.39864099660249147,-0.012484024950578314,39.54,0.55,2.360329861111111,-4957.9,1280,0.72480181200453
Pizza,25298,Classic Pizza Eatery,QSR,South Auckland,1.05,46.82,1915,395,18493.9,532,304,684,24908.24,14233.28,32024.88,0.212524151783437,0.379625272634439,0.33,17,5.02,3433.68,7542.75,1939.12,1108.07,9627.69,0.26,0.35,0.2,0.45,89660.3,20217.629999999997,10.5575091383812,0.27780678851174934,0.1587467362924282,0.35718015665796343,0.03829654819357062,0.11549999999999999,0.066,2.259,7.65,2010.75,0.206266318537859,0.4365535248041776,0.2254914382396668,46.82,0.55,14.075570175438598,3047.1899999999996,1520,0.793733681462141
Pizza,25825,Urban Pizza Tavern,Full-service,North Shore,1.03,45.63,1933,562,25644.06,480,274,617,21902.4,12502.62,28153.71,0.388536868034862,0.507756361970678,0.29,11,3.25,2005.25,2659.46,-4080.27,-2329.15,914.48,0.41,0.35,0.2,0.45,88202.79000000001,-2835.48,-1.4668804966373512,0.24831867563372995,0.14174857734092083,0.31919296430419036,0.022734541617107574,0.10149999999999999,0.057999999999999996,1.4625000000000001,4.95,1990.99,0.2907397827211588,0.39006725297465084,-0.032147282415896365,45.63,0.55,1.4821393841166937,-6409.42,1371,0.7092602172788411
Pizza,26026,Top Pizza House,QSR,South Auckland,1.05,38.89,1752,361,14039.29,487,278,626,18939.43,10811.42,24345.14,0.208394578658044,0.364359660004266,0.29,15,4.43,2773.18,5998.23,2599.36,1483.82,7628.18,0.26,0.35,0.2,0.45,68135.28,17709.59,10.108213470319635,0.2779680365296804,0.158675799086758,0.3573059360730594,0.04070108760101962,0.10149999999999999,0.057999999999999996,1.9934999999999998,6.75,1839.6000000000001,0.2060502283105023,0.4366438356164383,0.259918063006419,38.89,0.55,12.1855910543131,4083.1800000000003,1391,0.7939497716894978
Pizza,25099,King Pizza Corner,Cafe,West Auckland,1.04,44.19,1161,281,12417.39,308,176,396,13610.52,7777.44,17499.24,0.228979936819524,0.368020160286687,0.32,18,5.31,2102.76,5004.21,1129.67,645.53,4949.43,0.32,0.35,0.2,0.45,51304.59,11728.84,10.102360034453058,0.26528854435831184,0.1515934539190353,0.3410852713178295,0.040985806533099675,0.11199999999999999,0.064,2.3895,8.1,1207.44,0.24203273040482343,0.4168819982773471,0.2286119039251654,44.19,0.55,12.498560606060607,1775.2,880,0.7579672695951766
Pizza,25827,King Pizza Cafe,Cafe,North Shore,1.03,37.15,1367,307,11405.05,371,212,477,13782.65,7875.8,17720.55,0.261949094720185,0.413957369280979,0.29,12,3.54,1688.58,3696.3,469.9,268.51,4054.54,0.29,0.35,0.2,0.45,50784.05,8489.25,6.21013167520117,0.27139722019019746,0.15508412582297001,0.3489392831016825,0.03325020355800689,0.10149999999999999,0.057999999999999996,1.593,5.4,1408.01,0.22457937088514993,0.4264813460131675,0.16716370592735316,37.15,0.55,8.500083857442348,738.41,1060,0.77542062911485
Pizza,26031,Classic Pizza Grill,QSR,South Auckland,1.05,38.06,1219,259,9857.54,336,192,432,12788.16,7307.52,16441.92,0.262302445080131,0.415148430038244,0.32,16,4.72,2039.04,3179.54,32.6,18.63,3264.29,0.27,0.35,0.2,0.45,46395.14,6495.0599999999995,5.328187038556194,0.2756357670221493,0.15750615258408532,0.3543888433141919,0.043949430910220334,0.11199999999999999,0.064,2.124,7.2,1279.95,0.21246923707957344,0.4331419196062346,0.13999440458634244,38.06,0.55,7.556226851851852,51.230000000000004,960,0.7875307629204266
Pizza,26462,Top Pizza Kitchen,Full-service,South Auckland,1.05,34.28,959,336,11518.08,218,125,280,7473.04,4285.0,9598.4,0.354684280639049,0.46363368681632,0.31,14,4.13,1156.4,2092.63,-958.93,-549.84,587.46,0.54,0.35,0.2,0.45,32874.52,1171.3200000000002,1.2213972888425444,0.22732012513034414,0.13034410844629823,0.29197080291970806,0.03517617899820287,0.1085,0.062,1.8585,6.3,1006.95,0.35036496350364965,0.3576642335766424,0.0356300259288957,34.279999999999994,0.55,2.0980714285714286,-1508.77,623,0.6496350364963503
Pizza,26156,Lucky Pizza Cafe,Cafe,South Auckland,1.05,36.42,1480,314,11435.88,408,233,525,14859.36,8485.86,19120.5,0.22169165449217,0.404737669951282,0.3,11,3.25,1706.25,4272.11,1093.21,624.31,5436.61,0.27,0.35,0.2,0.45,53901.6,11426.239999999998,7.720432432432431,0.2756756756756757,0.15743243243243243,0.3547297297297297,0.03165490449263102,0.105,0.06,1.4625000000000001,4.95,1554.0,0.21216216216216216,0.4331081081081081,0.2119833177493803,36.42,0.55,10.355447619047618,1717.52,1166,0.7878378378378378
Pizza,25185,Lucky Pizza Eatery,Cafe,South Auckland,1.05,44.86,1890,401,17988.86,521,298,670,23372.06,13368.28,30056.2,0.268234470058233,0.36376653232146,0.31,11,3.25,2177.5,6619.88,1355.56,775.35,8883.15,0.27,0.35,0.2,0.45,84785.4,17633.940000000002,9.330126984126986,0.2756613756613757,0.15767195767195769,0.35449735449735453,0.025682487786812355,0.1085,0.062,1.4625000000000001,4.95,1984.5,0.2121693121693122,0.4333333333333334,0.20798321409110535,44.86,0.55,13.258432835820894,2130.91,1489,0.7878306878306879
Pizza,25306,Top Pizza Bistro,Cafe,North Shore,1.03,32.49,1874,443,14393.07,501,286,644,16277.49,9292.14,20923.56,0.211561268102378,0.428478834335692,0.3,10,2.95,1899.8,5180.93,976.0,557.16,5631.84,0.31,0.35,0.2,0.45,60886.259999999995,12345.93,6.588009605122732,0.2673425827107791,0.1526147278548559,0.3436499466382071,0.03120244206164084,0.105,0.06,1.3275000000000001,4.5,1930.22,0.23639274279615796,0.419957310565635,0.20277037873569506,32.489999999999995,0.55,8.745093167701864,1533.1599999999999,1431,0.763607257203842
Pizza,26683,Classic Pizza Kitchen,Ghost Kitchen,North Shore,1.03,31.6,1152,75,2370.0,377,215,485,11913.2,6794.0,15326.0,0.277710302080959,0.246876524039544,0.31,16,4.72,2289.2,1126.73,1970.6,1123.82,4996.98,0.07,0.35,0.2,0.45,36403.2,9218.13,8.001848958333333,0.3272569444444445,0.18663194444444445,0.4210069444444445,0.06288458157524614,0.1085,0.062,2.124,7.2,1186.56,0.06510416666666667,0.513888888888889,0.2532230683016878,31.599999999999998,0.55,10.303051546391751,3094.42,1077,0.9348958333333334
Pizza,26199,Urban Pizza House,Ghost Kitchen,CBD,0.99,41.76,1550,114,4760.64,503,287,646,21005.28,11985.12,26976.96,0.251157670479733,0.283551557466853,0.32,12,3.54,2286.84,2215.08,3051.87,1741.33,10265.29,0.08,0.35,0.2,0.45,64728.0,17273.57,11.144238709677419,0.32451612903225807,0.18516129032258066,0.4167741935483871,0.035329996292176494,0.11199999999999999,0.064,1.593,5.4,1534.5,0.07354838709677419,0.5096774193548387,0.26686395377580024,41.76,0.55,15.890541795665635,4793.2,1436,0.9264516129032258
Pizza,26685,Top Pizza Grill,Cafe,South Auckland,1.05,32.52,1572,381,12390.12,417,238,536,13560.84,7739.76,17430.72,0.264908879436553,0.431599406059831,0.28,15,4.43,2374.48,3760.3,318.57,181.82,2915.6,0.32,0.35,0.2,0.45,51121.44,7176.290000000001,4.565069974554708,0.26526717557251905,0.15139949109414758,0.34096692111959287,0.046447830890522644,0.098,0.05600000000000001,1.9934999999999998,6.75,1650.6000000000001,0.24236641221374047,0.41666666666666663,0.14037730549061217,32.52,0.55,5.43955223880597,500.39,1191,0.7576335877862596
Pizza,25878,Classic Pizza Cafe,Full-service,South Auckland,1.05,43.16,1772,469,20242.04,456,261,586,19680.96,11264.76,25291.76,0.37272185847396,0.544081088365056,0.3,7,2.07,1213.02,1684.08,-4266.89,-2442.23,891.18,0.36,0.35,0.2,0.45,76479.52,-4133.860000000001,-2.332878103837472,0.25733634311512416,0.14729119638826185,0.33069977426636565,0.01586071669905878,0.105,0.06,0.9315,3.15,1860.6000000000001,0.2646726862302483,0.404627539503386,-0.054051855973991474,43.160000000000004,0.55,1.5207849829351534,-6709.120000000001,1303,0.7353273137697517
Pizza,26040,Classic Pizza Eatery,Cafe,West Auckland,1.04,45.41,645,167,7583.47,167,96,215,7583.47,4359.36,9763.15,0.23747000830248,0.351939670136198,0.33,8,2.36,507.4,3113.7,611.15,351.32,3501.25,0.35,0.35,0.2,0.45,29289.449999999997,7577.42,11.747937984496124,0.2589147286821706,0.14883720930232558,0.33333333333333337,0.017323643837627543,0.11549999999999999,0.066,1.062,3.6,670.8000000000001,0.2589147286821706,0.40775193798449616,0.2587081696651866,45.41,0.55,16.28488372093023,962.47,478,0.7410852713178294
Pizza,26527,Lucky Pizza Grill,QSR,West Auckland,1.04,40.03,1788,334,13370.02,509,291,654,20375.27,11648.73,26179.62,0.265336340069771,0.355893923784606,0.3,4,1.18,771.72,5064.16,1604.95,917.57,9144.33,0.23,0.35,0.2,0.45,71573.64,16731.01,9.357388143176733,0.284675615212528,0.16275167785234898,0.3657718120805369,0.010782181820010832,0.105,0.06,0.531,1.8,1859.52,0.18680089485458615,0.44742729306487694,0.2337593840413873,40.03,0.55,13.982155963302752,2522.52,1454,0.8131991051454138
Pizza,25476,King Pizza House,Cafe,North Shore,1.03,33.94,1230,312,10589.28,321,184,413,10894.74,6244.96,14017.22,0.235909214038402,0.432622270612046,0.3,14,4.13,1705.69,3510.01,342.84,196.52,2940.58,0.34,0.35,0.2,0.45,41746.2,6989.950000000001,5.682886178861789,0.26097560975609757,0.14959349593495935,0.3357723577235772,0.04085856916318133,0.105,0.06,1.8585,6.3,1266.9,0.2536585365853659,0.410569105691057,0.16743919207017646,33.94,0.55,7.120048426150121,539.36,918,0.7463414634146341
Pizza,26447,Lucky Pizza Tavern,QSR,CBD,0.99,37.78,510,105,3966.9,142,81,182,5364.76,3060.18,6875.96,0.219402919951826,0.387422295310535,0.29,11,3.25,591.5,1559.69,553.51,315.73,2111.95,0.26,0.35,0.2,0.45,19267.8,4540.879999999999,8.903686274509802,0.2784313725490196,0.1588235294117647,0.3568627450980392,0.030698886224685747,0.10149999999999999,0.057999999999999996,1.4625000000000001,4.95,504.9,0.2058823529411765,0.43725490196078437,0.23567195009290107,37.78,0.55,11.604120879120877,869.24,405,0.7941176470588235
Pizza,26204,Urban Pizza Grill,Full-service,South Auckland,1.05,38.05,1440,480,18264.0,336,192,432,12784.8,7305.6,16437.6,0.354036158137023,0.469472704455256,0.31,14,4.13,1784.16,3223.43,-1706.88,-975.36,1116.93,0.5,0.35,0.2,0.45,54792.0,1658.12,1.1514722222222222,0.2333333333333333,0.13333333333333333,0.3,0.03256241787122208,0.1085,0.062,1.8585,6.3,1512.0,0.3333333333333333,0.3666666666666667,0.030262082055774565,38.05,0.55,2.5854861111111114,-2682.2400000000002,960,0.6666666666666666
Pizza,25357,Classic Pizza Tavern,Full-service,CBD,0.99,30.21,1163,314,9485.94,297,170,382,8972.37,5135.7,11540.22,0.397544511745218,0.521062245243229,0.28,12,3.54,1352.28,772.09,-1781.97,-1019.98,-412.98,0.37,0.35,0.2,0.45,35134.23,-2442.84,-2.100464316423044,0.2553740326741187,0.14617368873602749,0.3284608770421324,0.03848896076561233,0.098,0.05600000000000001,1.593,5.4,1151.37,0.2699914015477214,0.4015477214101461,-0.06952877578361615,30.210000000000004,0.55,-1.0810994764397905,-2801.95,849,0.7300085984522786
Pizza,26005,Top Pizza Cafe,Full-service,South Auckland,1.05,43.39,729,243,10543.77,170,97,219,7376.3,4208.83,9502.41,0.372089598258026,0.50658833917696,0.28,10,2.95,646.05,1279.19,-1170.46,-667.85,506.8,0.5,0.35,0.2,0.45,31631.31,-52.31999999999999,-0.07176954732510288,0.23319615912208505,0.13305898491083676,0.3004115226337448,0.020424383308816484,0.098,0.05600000000000001,1.3275000000000001,4.5,765.45,0.3333333333333333,0.3662551440329218,-0.001654057324846805,43.39,0.55,2.3141552511415524,-1838.31,486,0.6666666666666666
Pizza,26248,Lucky Pizza Bistro,QSR,North Shore,1.03,34.53,610,110,3798.3,175,100,225,6042.75,3453.0,7769.25,0.205075883027166,0.422484085522592,0.29,14,4.13,929.25,1414.64,498.16,284.67,1964.33,0.22,0.35,0.2,0.45,21063.3,4161.8,6.822622950819673,0.28688524590163933,0.1639344262295082,0.36885245901639346,0.044117018700773385,0.10149999999999999,0.057999999999999996,1.8585,6.3,628.3000000000001,0.18032786885245902,0.45081967213114754,0.19758537361192216,34.53,0.55,8.730355555555555,782.83,500,0.819672131147541
Pizza,26087,King Pizza Diner,QSR,West Auckland,1.04,36.97,562,97,3586.09,163,93,209,6026.11,3438.21,7726.73,0.211319308709353,0.364706583460793,0.33,15,4.43,925.87,1520.41,566.3,323.1,2350.06,0.21,0.35,0.2,0.45,20777.14,4759.87,8.469519572953736,0.2900355871886121,0.16548042704626334,0.37188612099644125,0.044561956072876246,0.11549999999999999,0.066,1.9934999999999998,6.75,584.48,0.17259786476868327,0.4555160142348754,0.22909168441854846,36.97,0.55,11.244306220095693,889.4,465,0.8274021352313167
Pizza,25927,Urban Pizza Diner,Cafe,North Shore,1.03,36.69,1847,518,19005.42,465,266,598,17060.85,9759.54,21940.62,0.22458380041644,0.426185134565458,0.29,12,3.54,2116.92,6637.28,1010.53,578.07,5545.43,0.39,0.35,0.2,0.45,67766.43,13771.31,7.456042230644288,0.2517596101786681,0.14401732539252846,0.3237682728749323,0.031238476041898625,0.10149999999999999,0.057999999999999996,1.593,5.4,1902.41,0.28045479155387115,0.3957769355711966,0.2032172861990812,36.69,0.55,9.273294314381271,1588.6,1329,0.7195452084461289
Pizza,25646,Top Pizza Kitchen,Full-service,West Auckland,1.04,39.04,956,287,11204.48,234,134,301,9135.36,5231.36,11751.04,0.357817518303636,0.527648157556541,0.3,5,1.48,445.48,1283.3,-1694.3,-970.24,900.42,0.43,0.35,0.2,0.45,37322.240000000005,-480.82000000000005,-0.5029497907949791,0.24476987447698742,0.14016736401673638,0.3148535564853556,0.011936046711022703,0.105,0.06,0.666,2.25,994.24,0.30020920502092047,0.3849372384937238,-0.012882935215035324,39.040000000000006,0.55,2.991428571428571,-2664.54,669,0.6997907949790795
Pizza,25323,Lucky Pizza Cafe,QSR,CBD,0.99,40.18,1324,238,9562.84,380,217,489,15268.4,8719.06,19648.02,0.226196177601814,0.421025983220898,0.28,9,2.66,1300.74,3373.56,1111.2,634.55,5630.65,0.22,0.35,0.2,0.45,53198.31999999999,10749.96,8.119305135951661,0.2870090634441088,0.1638972809667674,0.36933534743202423,0.024450772129646203,0.098,0.05600000000000001,1.197,4.05,1310.76,0.17975830815709973,0.4509063444108762,0.20207329855529274,40.17999999999999,0.55,11.514621676891615,1745.75,1086,0.8202416918429003
Pizza,26172,Top Pizza Cafe,Cafe,South Auckland,1.05,36.39,1808,468,17030.52,469,268,603,17066.91,9752.52,21943.17,0.274704319536686,0.355725291324779,0.28,13,3.84,2315.52,6293.98,1528.69,873.54,5794.03,0.35,0.35,0.2,0.45,65793.12,14490.239999999998,8.014513274336283,0.25940265486725667,0.14823008849557523,0.33351769911504425,0.03519395341032619,0.098,0.05600000000000001,1.728,5.8500000000000005,1898.4,0.2588495575221239,0.4076327433628319,0.2202394414491971,36.39,0.55,9.608673300165837,2402.23,1340,0.7411504424778761
Pizza,25201,Lucky Pizza Kitchen,QSR,West Auckland,1.04,41.26,893,195,8045.7,244,140,314,10067.44,5776.4,12955.64,0.2314166527614,0.404841993562877,0.33,18,5.31,1667.34,2926.55,339.69,194.9,3045.16,0.28,0.35,0.2,0.45,36845.18,6506.3,7.2858902575587905,0.27323628219484886,0.15677491601343785,0.3516237402015677,0.04525259477630452,0.11549999999999999,0.066,2.3895,8.1,928.72,0.21836506159014557,0.43001119820828665,0.1765848341628403,41.26,0.55,9.69796178343949,534.59,698,0.7816349384098544
Pizza,25687,Classic Pizza Corner,Cafe,West Auckland,1.04,33.9,1465,403,13661.7,372,212,478,12610.8,7186.8,16204.2,0.278441960271448,0.387741360720247,0.29,6,1.77,846.06,4560.5,552.56,314.9,4563.17,0.38,0.35,0.2,0.45,49663.5,9991.13,6.819883959044368,0.2539249146757679,0.1447098976109215,0.32627986348122867,0.017035851279108397,0.10149999999999999,0.057999999999999996,0.7965,2.7,1523.6000000000001,0.27508532423208193,0.3986348122866894,0.20117651796591057,33.9,0.55,9.546380753138076,867.4599999999999,1062,0.7249146757679181
Pizza,26378,King Pizza Cafe,Ghost Kitchen,West Auckland,1.04,42.33,1544,73,3090.09,515,294,662,21799.95,12445.02,28022.46,0.266469525475986,0.296299077291042,0.3,9,2.66,1760.92,1351.08,2991.64,1707.85,10491.38,0.05,0.35,0.2,0.45,65357.52,16541.949999999997,10.713698186528495,0.3335492227979275,0.19041450777202074,0.42875647668393785,0.026942882777681896,0.105,0.06,1.197,4.05,1605.76,0.04727979274611399,0.5239637305699483,0.25309941380884704,42.33,0.55,15.84800604229607,4699.49,1471,0.9527202072538861
Pizza,25530,Classic Pizza Corner,QSR,North Shore,1.03,38.97,1767,364,14185.08,491,281,631,19134.27,10950.57,24590.07,0.201766975428909,0.403794487263076,0.31,5,1.48,933.88,5595.14,1615.67,924.65,8765.39,0.26,0.35,0.2,0.45,68859.98999999999,16900.85,9.564714204867006,0.2778720996038484,0.15902659875495193,0.35710243350311266,0.013562011844613978,0.1085,0.062,0.666,2.25,1820.01,0.20599886813808718,0.4368986983588003,0.24543788054572765,38.96999999999999,0.55,13.891267828843105,2540.32,1403,0.7940011318619129
Pizza,26218,Lucky Pizza Bistro,Full-service,South Auckland,1.05,37.0,1193,322,11914.0,305,174,392,11285.0,6438.0,14504.0,0.36528065224411,0.468981651915237,0.32,17,5.02,1967.84,1974.6,-1740.85,-993.14,436.02,0.37,0.35,0.2,0.45,44141.0,-323.37,-0.27105616093880974,0.25565800502933783,0.14585079631181894,0.32858340318524726,0.04458077524297138,0.11199999999999999,0.064,2.259,7.65,1252.65,0.269907795473596,0.40150880134115674,-0.007325842187535398,37.0,0.55,1.1122959183673469,-2733.99,871,0.730092204526404
Pizza,25989,Classic Pizza Grill,QSR,CBD,0.99,43.26,1794,414,17909.64,483,276,621,20894.58,11939.76,26864.46,0.222421052791178,0.400567384716123,0.27,8,2.36,1465.56,6752.14,2235.96,1277.69,8662.65,0.3,0.35,0.2,0.45,77608.44,18928.440000000002,10.550969899665553,0.2692307692307692,0.15384615384615385,0.34615384615384615,0.018884028592766455,0.0945,0.054000000000000006,1.062,3.6,1776.06,0.23076923076923075,0.42307692307692313,0.24389666897053983,43.26,0.55,13.94951690821256,3513.65,1380,0.7692307692307693
Pizza,25533,Urban Pizza Kitchen,Cafe,West Auckland,1.04,39.97,1712,415,16587.55,454,259,584,18146.38,10352.23,23342.48,0.268391657341272,0.386257217801176,0.28,12,3.54,2067.36,5728.53,1185.89,676.53,5993.99,0.32,0.35,0.2,0.45,68428.64,13584.939999999999,7.935128504672896,0.2651869158878505,0.15128504672897194,0.3411214953271028,0.030211911269901026,0.098,0.05600000000000001,1.593,5.4,1780.48,0.24240654205607476,0.41647196261682246,0.19852710794778325,39.97,0.55,10.263681506849315,1862.42,1297,0.7575934579439252
Pizza,25897,Top Pizza Grill,QSR,CBD,0.99,40.49,734,137,5547.13,209,119,269,8462.41,4818.31,10891.81,0.250187468975782,0.406437873025425,0.32,5,1.48,398.12,1904.74,197.81,112.63,3341.85,0.23,0.35,0.2,0.45,29719.660000000003,5557.030000000001,7.570885558583107,0.2847411444141689,0.16212534059945505,0.3664850136239781,0.013395846385860402,0.11199999999999999,0.064,0.666,2.25,726.66,0.1866485013623978,0.44686648501362397,0.18698161419074108,40.49,0.55,12.423234200743494,310.44,597,0.8133514986376021
Pizza,26059,King Pizza Corner,QSR,CBD,0.99,41.01,1536,326,13369.26,424,242,544,17388.24,9924.42,22309.44,0.22324148543179,0.408812938630581,0.29,3,0.89,484.16,4919.16,1355.34,773.56,7724.5,0.27,0.35,0.2,0.45,62991.36,14772.56,9.617552083333333,0.2760416666666667,0.15755208333333334,0.35416666666666663,0.007686133463382915,0.10149999999999999,0.057999999999999996,0.4005,1.35,1520.6399999999999,0.21223958333333334,0.43359375000000006,0.23451724172965943,41.01,0.55,14.199448529411764,2128.8999999999996,1210,0.7877604166666666
Pizza,25656,Classic Pizza Cafe,Full-service,CBD,0.99,33.55,1917,548,18385.4,479,274,616,16070.45,9192.7,20666.8,0.391183318814728,0.468937352532521,0.33,8,2.36,1453.76,2571.74,-3055.32,-1747.72,1437.1,0.4,0.35,0.2,0.45,64315.350000000006,-794.2000000000003,-0.41429316640584263,0.2498695878977569,0.1429316640584246,0.3213354199269692,0.022603624173700366,0.11549999999999999,0.066,1.062,3.6,1897.83,0.2858633281168492,0.39280125195618154,-0.01234852955009963,33.550000000000004,0.55,2.3329545454545455,-4803.04,1369,0.7141366718831508
Pizza,25657,Top Pizza House,Ghost Kitchen,West Auckland,1.04,44.67,1309,74,3305.58,432,247,556,19297.44,11033.49,24836.52,0.264117752609309,0.244468622235581,0.29,8,2.36,1312.16,1624.41,3886.77,2222.3,10892.84,0.06,0.35,0.2,0.45,58473.03,18626.32,14.22942704354469,0.33002291825821234,0.18869365928189458,0.42475171886936597,0.02244043108421096,0.10149999999999999,0.057999999999999996,1.062,3.6,1361.3600000000001,0.05653170359052712,0.5187165775401069,0.3185454901174097,44.67,0.55,19.591438848920863,6109.07,1235,0.9434682964094728
Pizza,26185,Lucky Pizza Grill,Full-service,West Auckland,1.04,41.54,1614,418,17363.72,419,239,538,17405.26,9928.06,22348.52,0.374863436969463,0.524074592022225,0.32,13,3.84,2065.92,1754.81,-3810.67,-2173.63,192.67,0.35,0.35,0.2,0.45,67045.56,-4036.8199999999997,-2.5011276332094172,0.25960346964064435,0.14807930607187111,0.33333333333333337,0.030813673567645646,0.11199999999999999,0.064,1.728,5.8500000000000005,1678.56,0.2589838909541512,0.4076827757125155,-0.060210101906822765,41.54,0.55,0.35812267657992564,-5984.3,1196,0.7410161090458488
Pizza,25620,Urban Pizza Bistro,QSR,South Auckland,1.05,43.51,1521,332,14445.32,416,238,535,18100.16,10355.38,23277.85,0.265463373530656,0.44839600706473,0.3,16,4.72,2525.2,4133.39,-250.86,-143.52,4135.54,0.28,0.35,0.2,0.45,66178.70999999999,7874.55,5.1772189349112425,0.27350427350427353,0.1564760026298488,0.3517422748191979,0.03815728653520143,0.105,0.06,2.124,7.2,1597.05,0.21827744904667984,0.4299802761341224,0.11898917340637194,43.51,0.55,7.729981308411215,-394.38,1189,0.7817225509533202
Pizza,26025,Urban Pizza Grill,Full-service,West Auckland,1.04,37.75,1344,410,15477.5,327,187,420,12344.25,7059.25,15855.0,0.398564619501121,0.466798003553413,0.27,17,5.02,2108.4,2083.85,-1670.95,-955.56,26.28,0.44,0.35,0.2,0.45,50736.0,-516.3800000000001,-0.3842113095238096,0.24330357142857142,0.13913690476190477,0.3125,0.04155629139072848,0.0945,0.054000000000000006,2.259,7.65,1397.76,0.30505952380952384,0.38244047619047616,-0.0101777830337433,37.75,0.55,0.06257142857142857,-2626.51,934,0.6949404761904762
Pizza,25863,King Pizza Tavern,Full-service,CBD,0.99,33.33,970,296,9865.68,236,135,303,7865.88,4499.55,10098.99,0.37359734174097,0.482115125725977,0.31,7,2.07,627.21,1423.49,-1303.47,-745.63,829.95,0.44,0.35,0.2,0.45,32330.1,204.34000000000003,0.21065979381443303,0.24329896907216497,0.13917525773195877,0.31237113402061856,0.019400187441424556,0.1085,0.062,0.9315,3.15,960.3,0.30515463917525776,0.38247422680412374,0.006320425857018693,33.33,0.55,2.739108910891089,-2049.1,674,0.6948453608247422
Pizza,26188,Classic Pizza Tavern,Full-service,South Auckland,1.05,33.24,1755,600,19944.0,404,231,520,13428.96,7678.44,17284.8,0.380446089350153,0.461335604358464,0.31,4,1.18,613.6,3155.51,-2038.27,-1165.45,2121.17,0.52,0.35,0.2,0.45,58336.2,2072.96,1.1811737891737892,0.2301994301994302,0.13162393162393163,0.2962962962962963,0.010518340241565272,0.1085,0.062,0.531,1.8,1842.75,0.3418803418803419,0.3618233618233618,0.03553471086563746,33.239999999999995,0.55,4.079173076923077,-3203.7200000000003,1155,0.6581196581196581
Pizza,26271,Classic Pizza Bistro,QSR,South Auckland,1.05,39.47,1174,234,9235.98,329,188,423,12985.63,7420.36,16695.81,0.27053945383057,0.412952751899138,0.28,17,5.02,2123.46,2923.26,474.08,270.9,3160.89,0.25,0.35,0.2,0.45,46337.78,6829.13,5.816976149914821,0.28023850085178875,0.16013628620102213,0.3603066439522999,0.045825673996466816,0.098,0.05600000000000001,2.259,7.65,1232.7,0.19931856899488926,0.44037478705281086,0.14737715099860202,39.47,0.55,7.472553191489362,744.98,940,0.8006814310051107
Pizza,25504,Top Pizza Tavern,QSR,West Auckland,1.04,32.61,1703,340,11087.4,477,273,613,15554.97,8902.53,19989.93,0.210267849005759,0.409942656871863,0.3,15,4.43,2715.59,4210.88,1241.12,710.33,4876.38,0.25,0.35,0.2,0.45,55534.83,11038.71,6.481920140927774,0.280093951849677,0.1603053435114504,0.3599530240751615,0.04889886220953589,0.105,0.06,1.9934999999999998,6.75,1771.1200000000001,0.19964768056371107,0.44039929536112743,0.1987709334844457,32.61,0.55,7.954942903752039,1951.4499999999998,1363,0.8003523194362889
Pizza,25894,King Pizza Grill,Cafe,CBD,0.99,36.87,1251,288,10618.56,337,193,433,12425.19,7115.91,15964.71,0.230757518429309,0.411095651169308,0.29,17,5.02,2173.66,3803.0,846.74,484.93,3544.05,0.3,0.35,0.2,0.45,46124.369999999995,8678.720000000001,6.937426059152679,0.2693844924060752,0.1542765787370104,0.346123101518785,0.04712606372726608,0.10149999999999999,0.057999999999999996,2.259,7.65,1238.49,0.2302158273381295,0.42366107114308554,0.18815910114327852,36.87,0.55,8.18487297921478,1331.67,963,0.7697841726618705
Pizza,26194,Classic Pizza Cafe,Full-service,North Shore,1.03,39.04,1801,631,24634.24,410,234,526,16006.4,9135.36,20535.04,0.392636619391851,0.51446183193475,0.28,17,5.02,2640.52,2288.56,-2994.77,-1709.21,-732.78,0.54,0.35,0.2,0.45,70311.04000000001,-3148.2,-1.7480288728484175,0.2276513048306496,0.12992781787895613,0.29205996668517487,0.03755484202765312,0.098,0.05600000000000001,2.259,7.65,1855.03,0.3503609106052193,0.35757912270960573,-0.044775329734846755,39.040000000000006,0.55,-1.3931178707224334,-4703.98,1170,0.6496390893947807
Pizza,26558,Top Pizza Kitchen,QSR,South Auckland,1.05,35.55,1184,244,8674.2,329,188,423,11695.95,6683.4,15037.65,0.232291806284338,0.425341091142036,0.32,8,2.36,998.28,2969.76,261.6,149.49,4150.12,0.26,0.35,0.2,0.45,42091.200000000004,7530.97,6.3606165540540545,0.2778716216216216,0.15878378378378377,0.3572635135135135,0.023717071501881626,0.11199999999999999,0.064,1.062,3.6,1243.2,0.20608108108108109,0.4366554054054053,0.17892029687915761,35.550000000000004,0.55,9.811158392434988,411.09000000000003,940,0.793918918918919
Pizza,25427,Lucky Pizza Bistro,QSR,North Shore,1.03,44.82,700,135,6050.7,198,113,254,8874.36,5064.66,11384.28,0.221595377549529,0.442231499240734,0.28,8,2.36,599.44,2034.08,498.5,284.5,3227.65,0.24,0.35,0.2,0.45,31374.0,6044.73,8.635328571428571,0.28285714285714286,0.16142857142857142,0.3628571428571429,0.019106266335182,0.098,0.05600000000000001,1.062,3.6,721.0,0.19285714285714284,0.4442857142857143,0.19266685790782176,44.82,0.55,12.70728346456693,783.0,565,0.8071428571428572
Pizza,26357,Classic Pizza House,QSR,CBD,0.99,38.57,1817,419,16160.83,489,280,629,18860.73,10799.6,24260.53,0.274983283169568,0.411861554463394,0.31,11,3.25,2044.25,5060.85,59.51,34.07,5553.06,0.3,0.35,0.2,0.45,70081.69,10707.490000000002,5.892949917446341,0.2691249312052834,0.15410016510731975,0.3461750137589433,0.029169530586377126,0.1085,0.062,1.4625000000000001,4.95,1798.83,0.23059988992845348,0.4232250963126032,0.15278584177978585,38.57,0.55,8.828394276629572,93.58,1398,0.7694001100715465
Pizza,25791,Classic Pizza Bistro,Ghost Kitchen,South Auckland,1.05,46.18,1554,45,2078.1,528,302,679,24383.04,13946.36,31356.22,0.260823890322354,0.285453697992489,0.31,5,1.48,1004.92,942.88,3504.39,2004.4,13222.1,0.03,0.35,0.2,0.45,71763.72,19673.77,12.660083655083655,0.33976833976833976,0.19433719433719435,0.43693693693693697,0.014003175978056878,0.1085,0.062,0.666,2.25,1631.7,0.028957528957528955,0.5341055341055341,0.27414646286452266,46.18,0.55,19.472901325478645,5508.79,1509,0.971042471042471
Pizza,25753,Urban Pizza Kitchen,QSR,West Auckland,1.04,38.52,799,179,6895.08,217,124,279,8358.84,4776.48,10747.08,0.2278426746279,0.37117026054766,0.32,10,2.95,823.05,2764.84,676.96,386.83,3486.39,0.29,0.35,0.2,0.45,30777.480000000003,7315.02,9.155219023779726,0.2715894868585732,0.15519399249061325,0.3491864831038798,0.026741955481735344,0.11199999999999999,0.064,1.3275000000000001,4.5,830.96,0.22403003754693365,0.4267834793491864,0.23767442948545495,38.52,0.55,12.496021505376344,1063.79,620,0.7759699624530664
Pizza,25147,King Pizza Eatery,QSR,CBD,0.99,36.78,1208,264,9709.92,330,189,425,12137.4,6951.42,15631.5,0.233279583901167,0.399572163308039,0.27,12,3.54,1504.5,3564.98,1179.13,675.32,4234.58,0.28,0.35,0.2,0.45,44430.24,9654.01,7.991730132450331,0.2731788079470199,0.15645695364238413,0.3518211920529801,0.03386207231831293,0.0945,0.054000000000000006,1.593,5.4,1195.92,0.2185430463576159,0.429635761589404,0.21728466918027003,36.78,0.55,9.963717647058823,1854.4500000000003,944,0.7814569536423841
Pizza,26576,King Pizza Kitchen,Full-service,North Shore,1.03,39.31,713,250,9827.5,162,93,208,6368.22,3655.83,8176.48,0.365208660904318,0.481922784657218,0.31,17,5.02,1044.16,1502.32,-1000.65,-574.45,205.77,0.54,0.35,0.2,0.45,28028.030000000002,132.98999999999992,0.18652173913043468,0.22720897615708274,0.13043478260869565,0.29172510518934075,0.037254134521762676,0.1085,0.062,2.259,7.65,734.39,0.3506311360448808,0.35764375876577836,0.004744892880448605,39.31,0.55,0.9892788461538462,-1575.1,463,0.6493688639551192
Pizza,25231,Top Pizza House,Full-service,CBD,0.99,30.58,1608,459,14036.22,402,230,517,12293.16,7033.4,15809.86,0.37593185986625,0.479613355943002,0.32,3,0.89,460.13,2027.6,-2158.01,-1234.68,1823.68,0.4,0.35,0.2,0.45,49172.64,458.5899999999997,0.28519278606965154,0.25,0.14303482587064675,0.3215174129353234,0.009357439421597051,0.11199999999999999,0.064,0.4005,1.35,1591.92,0.2854477611940298,0.3930348258706467,0.009326121192598154,30.58,0.55,3.5274274661508707,-3392.6900000000005,1149,0.7145522388059702
Pizza,26645,Urban Pizza Tavern,Cafe,North Shore,1.03,45.34,666,172,7798.48,173,99,222,7843.82,4488.66,10065.48,0.224250628240407,0.428476972575299,0.29,11,3.25,721.5,2708.2,449.23,257.08,2773.96,0.35,0.35,0.2,0.45,30196.44,6188.469999999999,9.291996996996996,0.25975975975975973,0.14864864864864866,0.3333333333333333,0.023893545066901927,0.10149999999999999,0.057999999999999996,1.4625000000000001,4.95,685.98,0.25825825825825827,0.4084084084084084,0.2049403837008601,45.339999999999996,0.55,12.495315315315315,706.31,494,0.7417417417417418
Pizza,25757,Top Pizza Kitchen,Cafe,South Auckland,1.05,38.02,1872,386,14675.72,520,297,669,19770.4,11291.94,25435.38,0.210788026470691,0.409318629535846,0.33,12,3.54,2368.26,5575.21,986.41,563.39,7294.47,0.26,0.35,0.2,0.45,71173.44,14419.48,7.702713675213675,0.2777777777777778,0.15865384615384615,0.3573717948717949,0.03327449115849958,0.11549999999999999,0.066,1.593,5.4,1965.6000000000001,0.20619658119658119,0.436431623931624,0.202596361788892,38.02,0.55,10.903542600896861,1549.8,1486,0.7938034188034188
Pizza,25314,Lucky Pizza Eatery,QSR,South Auckland,1.05,38.23,1116,186,7110.78,326,186,418,12462.98,7110.78,15980.14,0.21774673609063,0.420422325958498,0.32,3,0.89,372.02,2572.9,521.34,297.45,5410.09,0.2,0.35,0.2,0.45,42664.67999999999,8801.78,7.886899641577061,0.29211469534050183,0.16666666666666669,0.3745519713261649,0.008719624757527774,0.11199999999999999,0.064,0.4005,1.35,1171.8,0.16666666666666669,0.4587813620071685,0.20630132465542933,38.23,0.55,12.942799043062202,818.79,930,0.8333333333333334
Pizza,26635,Urban Pizza Eatery,Ghost Kitchen,South Auckland,1.05,33.14,1066,60,1988.4,352,201,453,11665.28,6661.14,15012.42,0.266349605016876,0.246469770360272,0.31,14,4.13,1870.89,968.71,2066.86,1180.22,5442.87,0.06,0.35,0.2,0.45,35327.24,9658.66,9.060656660412757,0.33020637898686683,0.18855534709193247,0.42495309568480305,0.05295884988467823,0.1085,0.062,1.8585,6.3,1119.3,0.056285178236397754,0.5187617260787993,0.2734054514306807,33.14,0.55,12.015165562913907,3247.08,1006,0.9437148217636022
Pizza,26287,Lucky Pizza Diner,Full-service,North Shore,1.03,37.66,784,250,9415.0,187,107,240,7042.42,4029.62,9038.4,0.356693005922716,0.507279146322981,0.31,7,2.07,496.8,1280.7,-1225.18,-701.04,732.67,0.47,0.35,0.2,0.45,29525.439999999995,87.14999999999998,0.11116071428571425,0.23852040816326534,0.13647959183673472,0.3061224489795919,0.01682616753552191,0.1085,0.062,0.9315,3.15,807.52,0.3188775510204082,0.3750000000000001,0.0029516918291480156,37.66,0.55,3.0527916666666663,-1926.22,534,0.6811224489795918
Pizza,25924,King Pizza Corner,Full-service,North Shore,1.03,37.23,1287,423,15748.29,302,173,389,11243.46,6440.79,14482.47,0.39681792834308,0.530299017811194,0.27,16,4.72,1836.08,1147.78,-2216.28,-1269.59,-780.55,0.49,0.35,0.2,0.45,47915.01,-3118.6400000000003,-2.4231857031857036,0.23465423465423463,0.1344211344211344,0.3022533022533022,0.038319516159967405,0.0945,0.054000000000000006,2.124,7.2,1325.6100000000001,0.3286713286713287,0.3690753690753691,-0.06508691117877259,37.230000000000004,0.55,-2.0065552699228792,-3485.87,864,0.6713286713286714
Pizza,26086,Top Pizza House,QSR,South Auckland,1.05,42.92,1520,304,13047.68,426,243,547,18283.92,10429.56,23477.24,0.258586943577975,0.380055402358994,0.3,12,3.54,1936.38,4714.88,1121.86,639.93,6547.3,0.25,0.35,0.2,0.45,65238.399999999994,13023.970000000001,8.568401315789474,0.2802631578947368,0.15986842105263158,0.3598684210526316,0.029681598567714726,0.105,0.06,1.593,5.4,1596.0,0.2,0.4401315789473684,0.19963656374160008,42.919999999999995,0.55,11.96946983546618,1761.79,1216,0.8
Pizza,25966,Classic Pizza House,Cafe,CBD,0.99,35.69,1155,273,9743.37,309,176,397,11028.21,6281.44,14168.93,0.221838189810514,0.383769589895383,0.33,10,2.95,1171.15,3842.71,710.13,404.48,4416.97,0.31,0.35,0.2,0.45,41221.95,9374.29,8.1162683982684,0.2675324675324675,0.1523809523809524,0.34372294372294376,0.028410834518988067,0.11549999999999999,0.066,1.3275000000000001,4.5,1143.45,0.2363636363636364,0.4199134199134199,0.22741015405627346,35.69,0.55,11.125869017632242,1114.6100000000001,882,0.7636363636363637
Pizza,26453,King Pizza Cafe,Full-service,South Auckland,1.05,34.03,1597,532,18103.96,373,213,479,12693.19,7248.39,16300.37,0.352824207977392,0.478757399367169,0.31,9,2.66,1274.14,3049.04,-1797.12,-1026.24,1471.14,0.5,0.35,0.2,0.45,54345.91,1696.8200000000002,1.062504696305573,0.23356293049467752,0.13337507827175954,0.2999373825923607,0.023445002577010855,0.1085,0.062,1.197,4.05,1676.8500000000001,0.3331246086412022,0.36693800876643706,0.031222588783590154,34.03,0.55,3.071273486430063,-2823.3599999999997,1065,0.6668753913587977
Pizza,25684,Lucky Pizza Cafe,Ghost Kitchen,South Auckland,1.05,32.73,579,16,523.68,197,113,253,6447.81,3698.49,8280.69,0.297161236905958,0.348697689175606,0.33,5,1.48,374.44,185.46,155.66,89.29,2558.09,0.03,0.35,0.2,0.45,18950.67,2988.5,5.161485319516408,0.3402417962003455,0.19516407599309155,0.43696027633851475,0.01975866816318368,0.11549999999999999,0.066,0.666,2.25,607.95,0.027633851468048358,0.5354058721934369,0.15769890985384688,32.73,0.55,10.11102766798419,244.95,563,0.9723661485319517
Pizza,26091,King Pizza Grill,Full-service,CBD,0.99,35.31,1086,357,12605.67,255,146,328,9004.05,5155.26,11581.68,0.39497821269324,0.501995989563875,0.32,12,3.54,1161.12,1298.71,-1953.65,-1118.56,32.09,0.49,0.35,0.2,0.45,38346.66,-1741.41,-1.6035082872928177,0.2348066298342541,0.13443830570902393,0.3020257826887661,0.030279560201592517,0.11199999999999999,0.064,1.593,5.4,1075.14,0.3287292817679558,0.36924493554327803,-0.04541229927195745,35.31,0.55,0.09783536585365854,-3072.21,729,0.6712707182320442
Pizza,26631,Lucky Pizza Corner,Full-service,West Auckland,1.04,38.6,1471,449,17331.4,358,204,460,13818.8,7874.4,17756.0,0.352456971432548,0.523055132175796,0.3,17,5.02,2309.2,2157.55,-2425.37,-1382.05,-98.79,0.44,0.35,0.2,0.45,56780.6,-1748.6599999999996,-1.188755948334466,0.24337185588035348,0.13868116927260365,0.31271244051665537,0.04066881998429041,0.105,0.06,2.259,7.65,1529.8400000000001,0.30523453433038755,0.38205302515295714,-0.030796786226281507,38.6,0.55,-0.2147608695652174,-3807.42,1022,0.6947654656696125
Pizza,26063,Classic Pizza Diner,QSR,North Shore,1.03,43.18,1682,325,14033.5,475,271,611,20510.5,11701.78,26382.98,0.258607159834355,0.377645602985285,0.3,13,3.84,2346.24,5104.65,1307.49,745.96,7250.5,0.24,0.35,0.2,0.45,72628.76,14408.599999999999,8.566349583828774,0.28240190249702735,0.1611177170035672,0.36325802615933417,0.03230455813922749,0.105,0.06,1.728,5.8500000000000005,1732.46,0.19322235434007135,0.44351961950059454,0.19838697507709066,43.18,0.55,11.866612111292962,2053.45,1357,0.8067776456599287
Pizza,25217,Urban Pizza Kitchen,Cafe,West Auckland,1.04,32.22,708,179,5767.38,185,106,238,5960.7,3415.32,7668.36,0.246987310424447,0.444379509147257,0.28,14,4.13,982.94,1780.0,170.67,97.79,1383.77,0.34,0.35,0.2,0.45,22811.76,3432.23,4.847782485875706,0.2612994350282486,0.1497175141242938,0.3361581920903955,0.043089178564038905,0.098,0.05600000000000001,1.8585,6.3,736.32,0.2528248587570622,0.41101694915254244,0.1504587984443112,32.22,0.55,5.814159663865546,268.46,529,0.7471751412429378
Pizza,25326,Top Pizza Cafe,QSR,South Auckland,1.05,42.59,1591,357,15204.63,432,247,555,18398.88,10519.73,23637.45,0.235044760350138,0.445425680442713,0.31,17,5.02,2786.1,4858.33,175.33,100.25,4766.76,0.29,0.35,0.2,0.45,67760.69,9900.67,6.222922690131992,0.2715273412947832,0.15524827152734128,0.3488372093023256,0.04111675958435488,0.1085,0.062,2.259,7.65,1670.5500000000002,0.22438717787554996,0.42677561282212445,0.1461122960819909,42.59,0.55,8.588756756756757,275.58000000000004,1234,0.77561282212445
Pizza,26661,Classic Pizza Kitchen,Full-service,South Auckland,1.05,42.96,1800,600,25776.0,420,240,540,18043.2,10310.4,23198.4,0.365962668543216,0.532778966287151,0.28,14,4.13,2230.2,2610.04,-3225.07,-1842.9,118.83,0.5,0.35,0.2,0.45,77328.0,-2339.1000000000004,-1.2995,0.23333333333333334,0.13333333333333333,0.30000000000000004,0.028840782122905025,0.098,0.05600000000000001,1.8585,6.3,1890.0,0.3333333333333333,0.36666666666666664,-0.030249068901303543,42.96,0.55,0.22005555555555556,-5067.97,1200,0.6666666666666666
Pizza,26446,Urban Pizza Kitchen,Full-service,West Auckland,1.04,37.32,1324,364,13584.48,336,192,432,12539.52,7165.44,16122.24,0.366639859124552,0.52360003029462,0.28,14,4.13,1784.16,1491.03,-2134.73,-1219.84,-14.58,0.38,0.35,0.2,0.45,49411.68,-1878.12,-1.4185196374622355,0.2537764350453172,0.14501510574018125,0.32628398791540786,0.03610806189953469,0.098,0.05600000000000001,1.8585,6.3,1376.96,0.27492447129909364,0.39879154078549844,-0.03800963658794843,37.32,0.55,-0.03375,-3354.5699999999997,960,0.7250755287009063
Pizza,26273,Urban Pizza Diner,Cafe,North Shore,1.03,31.9,1628,457,14578.3,410,234,527,13079.0,7464.6,16811.3,0.217616390939802,0.397422544937581,0.31,7,2.07,1090.89,5612.08,980.42,559.55,5380.81,0.39,0.35,0.2,0.45,51933.2,12532.86,7.6983169533169535,0.25184275184275184,0.14373464373464376,0.3237100737100737,0.021005638011907607,0.1085,0.062,0.9315,3.15,1676.8400000000001,0.2807125307125307,0.3955773955773956,0.24132655026071956,31.9,0.55,10.210265654648957,1539.9699999999998,1171,0.7192874692874693
Pizza,26098,Classic Pizza Grill,Full-service,CBD,0.99,42.03,1375,439,18451.17,328,187,421,13785.84,7859.61,17694.63,0.373272623040248,0.517080233967863,0.33,13,3.84,1616.64,2023.12,-3037.75,-1731.89,323.53,0.47,0.35,0.2,0.45,57791.25,-2422.9900000000007,-1.7621745454545459,0.23854545454545456,0.13599999999999998,0.3061818181818182,0.027973784958795666,0.11549999999999999,0.066,1.728,5.8500000000000005,1361.25,0.31927272727272726,0.37454545454545457,-0.04192658923279909,42.03,0.55,0.768479809976247,-4769.64,936,0.6807272727272727
Pizza,25574,Lucky Pizza Kitchen,Cafe,South Auckland,1.05,42.64,974,194,8272.16,273,156,351,11640.72,6651.84,14966.64,0.220691327489913,0.351094515947625,0.27,11,3.25,1140.75,3542.26,1841.73,1052.42,5268.18,0.25,0.35,0.2,0.45,41531.36,11704.59,12.017032854209445,0.28028747433264883,0.16016427104722794,0.3603696098562628,0.027467195873190766,0.0945,0.054000000000000006,1.4625000000000001,4.95,1022.7,0.19917864476386035,0.44045174537987675,0.2818253483632609,42.64,0.55,15.00905982905983,2894.15,780,0.8008213552361396
Pizza,26436,Lucky Pizza Diner,Cafe,West Auckland,1.04,39.72,629,133,5282.76,174,99,223,6911.28,3932.28,8857.56,0.254427242632955,0.35761677462142,0.32,18,5.31,1184.13,2049.48,469.66,267.22,2252.21,0.27,0.35,0.2,0.45,24983.88,5038.57,8.010445151033386,0.2766295707472178,0.1573926868044515,0.3545310015898251,0.04739576078655517,0.11199999999999999,0.064,2.3895,8.1,654.16,0.21144674085850557,0.4340222575516693,0.20167283864635915,39.72,0.55,10.099596412556053,736.8800000000001,496,0.7885532591414944
Pizza,26546,Top Pizza Tavern,QSR,North Shore,1.03,39.02,1525,254,9911.08,445,254,572,17363.9,9911.08,22319.44,0.245379131063819,0.369287444860674,0.29,8,2.36,1349.92,3819.07,1655.36,944.86,7250.51,0.2,0.35,0.2,0.45,59505.5,13669.8,8.963803278688523,0.2918032786885246,0.16655737704918033,0.3750819672131147,0.022685634101049484,0.10149999999999999,0.057999999999999996,1.062,3.6,1570.75,0.16655737704918033,0.45836065573770496,0.22972330288796833,39.02,0.55,12.675716783216783,2600.22,1271,0.8334426229508197
Pizza,26426,Top Pizza House,QSR,South Auckland,1.05,37.63,1638,378,14224.14,441,252,567,16594.83,9482.76,21336.21,0.227269722595811,0.430248259799555,0.28,17,5.02,2846.34,4871.51,1036.88,592.5,4460.93,0.3,0.35,0.2,0.45,61637.94,10961.82,6.692197802197802,0.2692307692307693,0.15384615384615385,0.34615384615384615,0.04617837649992845,0.098,0.05600000000000001,2.259,7.65,1719.9,0.23076923076923075,0.42307692307692313,0.17784208881737448,37.63,0.55,7.8676014109347445,1629.38,1260,0.7692307692307693
Pizza,26347,Classic Pizza Kitchen,QSR,North Shore,1.03,39.53,1330,274,10831.22,370,211,475,14626.1,8340.83,18776.75,0.23107464665547,0.390396465361118,0.3,12,3.54,1681.5,4099.93,1148.57,655.0,5426.04,0.26,0.35,0.2,0.45,52574.9,11329.54,8.51845112781955,0.2781954887218045,0.15864661654135337,0.35714285714285715,0.031982942430703626,0.105,0.06,1.593,5.4,1369.9,0.20601503759398496,0.43684210526315786,0.2154933247614356,39.53,0.55,11.423242105263158,1803.57,1056,0.793984962406015
Pizza,25551,Classic Pizza Tavern,Cafe,South Auckland,1.05,36.52,1788,492,17967.84,454,259,583,16580.08,9458.68,21291.16,0.23395031798631,0.372183835878968,0.3,3,0.89,518.87,7076.92,1556.3,887.85,7866.99,0.38,0.35,0.2,0.45,65297.759999999995,17388.059999999998,9.724865771812079,0.25391498881431773,0.14485458612975394,0.3260626398210291,0.007946214387752353,0.105,0.06,0.4005,1.35,1877.4,0.2751677852348994,0.39876957494407167,0.26628876702661775,36.519999999999996,0.55,13.493979416809605,2444.15,1296,0.7248322147651006
Pizza,26373,Lucky Pizza Kitchen,Cafe,CBD,0.99,30.09,1083,237,7131.33,296,169,381,8906.64,5085.21,11464.29,0.252854062430561,0.350219596992247,0.3,14,4.13,1573.53,2830.61,863.29,492.89,2976.95,0.28,0.35,0.2,0.45,32587.47,7163.74,6.614718374884579,0.27331486611265005,0.15604801477377656,0.3518005540166205,0.04828635055130085,0.105,0.06,1.8585,6.3,1072.17,0.2188365650969529,0.42936288088642655,0.21983111913873643,30.09,0.55,7.813517060367453,1356.1799999999998,846,0.7811634349030471
Pizza,25271,Lucky Pizza House,Ghost Kitchen,South Auckland,1.05,38.09,1560,45,1714.05,530,303,682,20187.7,11541.27,25977.38,0.265133102447726,0.25546774903778,0.29,6,1.77,1207.14,821.71,3823.53,2185.91,11246.39,0.03,0.35,0.2,0.45,59420.40000000001,18077.54,11.588166666666668,0.3397435897435897,0.1942307692307692,0.4371794871794871,0.020315245269301452,0.10149999999999999,0.057999999999999996,0.7965,2.7,1638.0,0.02884615384615384,0.533974358974359,0.30423120679093374,38.09,0.55,16.49030791788856,6009.4400000000005,1515,0.9711538461538461
Pizza,25095,Urban Pizza Cafe,Cafe,CBD,0.99,38.96,1150,244,9506.24,317,181,408,12350.32,7051.76,15895.68,0.219332030825317,0.447013895516284,0.3,18,5.31,2166.48,3171.8,415.64,237.32,3137.18,0.27,0.35,0.2,0.45,44804.0,6961.9400000000005,6.053860869565217,0.2756521739130435,0.15739130434782608,0.3547826086956522,0.04835461119542898,0.105,0.06,2.3895,8.1,1138.5,0.21217391304347827,0.4330434782608696,0.155386572627444,38.96,0.55,7.689166666666666,652.96,906,0.7878260869565218
Pizza,25946,Urban Pizza Bistro,QSR,West Auckland,1.04,45.29,1315,295,13360.55,357,204,459,16168.53,9239.16,20788.11,0.275596019681543,0.386526605347171,0.29,16,4.72,2166.48,4514.23,774.11,442.35,4857.35,0.29,0.35,0.2,0.45,59556.350000000006,10588.04,8.05174144486692,0.27148288973384027,0.15513307984790872,0.3490494296577947,0.03637697743397639,0.10149999999999999,0.057999999999999996,2.124,7.2,1367.6000000000001,0.22433460076045625,0.426615969581749,0.17778188220063856,45.290000000000006,0.55,10.582461873638344,1216.46,1020,0.7756653992395437
Pizza,25649,Classic Pizza Kitchen,QSR,South Auckland,1.05,39.19,724,162,6348.78,197,112,253,7720.43,4389.28,9915.07,0.213539249114692,0.405171946389601,0.31,8,2.36,597.08,2420.72,550.38,312.91,3183.43,0.29,0.35,0.2,0.45,28373.559999999998,6467.44,8.93292817679558,0.2720994475138122,0.15469613259668508,0.3494475138121547,0.02104353489657273,0.1085,0.062,1.062,3.6,760.2,0.22375690607734808,0.42679558011049723,0.2279389685326762,39.19,0.55,12.582727272727272,863.29,562,0.7762430939226519
Pizza,25934,Urban Pizza Grill,Cafe,North Shore,1.03,45.2,1890,390,17628.0,525,300,675,23730.0,13560.0,30510.0,0.203595286905766,0.379665742721409,0.33,11,3.25,2193.75,7346.27,2058.32,1176.18,10520.96,0.26,0.35,0.2,0.45,85428.0,21101.73,11.164936507936508,0.2777777777777778,0.15873015873015872,0.35714285714285715,0.0256795195954488,0.11549999999999999,0.066,1.4625000000000001,4.95,1946.7,0.20634920634920634,0.4365079365079365,0.247011869644613,45.2,0.55,15.586607407407406,3234.5,1500,0.7936507936507936
Pizza,26476,Lucky Pizza Corner,Full-service,CBD,0.99,31.94,1747,590,18844.6,405,231,521,12935.7,7378.14,16640.74,0.351937074481975,0.474660008121282,0.33,12,3.54,1844.34,3267.71,-2025.69,-1155.4,1041.21,0.51,0.35,0.2,0.45,55799.18000000001,1127.83,0.645580995993131,0.23182598740698337,0.13222667429879792,0.298225529479107,0.03305317389968813,0.11549999999999999,0.066,1.593,5.4,1729.53,0.33772180881511155,0.36405266170578127,0.02021230419515125,31.940000000000005,0.55,1.9984836852207295,-3181.09,1157,0.6622781911848884
Pizza,26599,Lucky Pizza Cafe,Full-service,CBD,0.99,35.67,2087,627,22365.09,511,292,657,18227.37,10415.64,23435.19,0.355992887588218,0.526625352073461,0.3,12,3.54,2325.78,2625.25,-3328.65,-1902.09,425.08,0.43,0.35,0.2,0.45,74443.29,-2180.41,-1.0447580258744609,0.24484906564446574,0.13991375179683757,0.31480594154288455,0.031242305384407386,0.105,0.06,1.593,5.4,2066.13,0.3004312410158122,0.3847628174413033,-0.02928954375874575,35.669999999999995,0.55,0.6470015220700152,-5230.74,1460,0.6995687589841878
Pizza,25317,King Pizza Cafe,Full-service,West Auckland,1.04,34.87,1919,528,18411.36,487,278,626,16981.69,9693.86,21828.62,0.37993001366267,0.527670207573101,0.3,6,1.77,1108.02,1701.21,-3525.4,-2012.45,908.94,0.38,0.35,0.2,0.45,66915.53,-2927.7000000000003,-1.5256383533090152,0.2537780093798853,0.14486711829077645,0.32621156852527355,0.01655848799224933,0.105,0.06,0.7965,2.7,1995.76,0.27514330380406465,0.3986451276706618,-0.04375217531714985,34.87,0.55,1.4519808306709265,-5537.85,1391,0.7248566961959354
Pizza,25062,Urban Pizza Diner,QSR,North Shore,1.03,35.16,1061,184,6469.44,307,175,395,10794.12,6153.0,13888.2,0.232083459757268,0.375091242347844,0.27,17,5.02,1982.9,2541.36,1325.79,755.74,3472.74,0.21,0.35,0.2,0.45,37304.76,8095.63,7.630188501413761,0.28934967012252594,0.1649387370405278,0.37229029217719134,0.053154074707892504,0.0945,0.054000000000000006,2.259,7.65,1092.83,0.17342130065975492,0.45428840716305374,0.21701332484111946,35.160000000000004,0.55,8.791746835443037,2081.5299999999997,877,0.8265786993402451
Pizza,26598,Urban Pizza House,QSR,West Auckland,1.04,43.02,1189,245,10539.9,330,189,425,14196.6,8130.78,18283.5,0.2078494913131,0.381716514099389,0.29,5,1.48,629.0,4325.93,1709.75,979.22,6875.17,0.26,0.35,0.2,0.45,51150.78,13890.07,11.682144659377627,0.27754415475189237,0.15895710681244743,0.35744322960470987,0.012296977680496759,0.10149999999999999,0.057999999999999996,0.666,2.25,1236.56,0.20605550883095036,0.4365012615643398,0.2715514797623809,43.019999999999996,0.55,16.176870588235293,2688.9700000000003,944,0.7939444911690496
Pizza,26642,Lucky Pizza Bistro,Full-service,North Shore,1.03,31.93,2228,722,23053.46,527,301,678,16827.11,9610.93,21648.54,0.380396651523188,0.472655458748341,0.27,10,2.95,2000.1,3387.66,-2070.61,-1182.65,1181.11,0.48,0.35,0.2,0.45,71140.04000000001,1315.5099999999995,0.5904443447037699,0.23653500897666066,0.13509874326750448,0.30430879712746856,0.028114968729283814,0.0945,0.054000000000000006,1.3275000000000001,4.5,2294.84,0.3240574506283662,0.3716337522441651,0.018491836664696833,31.930000000000003,0.55,1.7420501474926253,-3253.26,1506,0.6759425493716338
Pizza,26495,King Pizza Diner,QSR,South Auckland,1.05,43.36,816,152,6590.72,232,133,299,10059.52,5766.88,12964.64,0.244136251341552,0.372446543793194,0.29,6,1.77,529.23,2527.0,939.73,538.73,4441.64,0.23,0.35,0.2,0.45,35381.76,8447.1,10.351838235294117,0.28431372549019607,0.16299019607843138,0.36642156862745096,0.01495770702192316,0.10149999999999999,0.057999999999999996,0.7965,2.7,856.8000000000001,0.18627450980392157,0.44730392156862747,0.23874165671803776,43.36,0.55,14.854983277591975,1478.46,664,0.8137254901960784
Pizza,25335,Classic Pizza House,QSR,CBD,0.99,33.29,1294,283,9421.07,354,202,455,11784.66,6724.58,15146.95,0.24593517864123,0.392003784608096,0.33,18,5.31,2416.05,3411.0,377.83,215.6,3068.07,0.28,0.35,0.2,0.45,43077.259999999995,7072.5,5.465610510046368,0.2735703245749614,0.15610510046367854,0.35162287480680066,0.05608643632394448,0.11549999999999999,0.066,2.3895,8.1,1281.06,0.21870170015455953,0.42967542503863987,0.16418175157844303,33.29,0.55,6.7430109890109895,593.43,1011,0.7812982998454405
Pizza,26184,Urban Pizza House,Full-service,South Auckland,1.05,43.67,1837,628,27424.76,423,242,544,18472.41,10568.14,23756.48,0.397812514577527,0.54213472539559,0.29,15,4.43,2409.92,1646.93,-4247.68,-2430.11,-983.28,0.52,0.35,0.2,0.45,80221.79,-6014.14,-3.2738922155688623,0.2302667392487752,0.1317365269461078,0.2961350027218291,0.030040715870338974,0.10149999999999999,0.057999999999999996,1.9934999999999998,6.75,1928.8500000000001,0.341861731083288,0.362003266194883,-0.07496890807347979,43.669999999999995,0.55,-1.8074999999999999,-6677.790000000001,1209,0.658138268916712
Pizza,26484,King Pizza Diner,Full-service,West Auckland,1.04,37.47,1106,321,12027.87,275,157,353,10304.25,5882.79,13226.91,0.391800410626456,0.495386693300679,0.33,4,1.18,416.54,1356.9,-2237.95,-1277.67,1075.63,0.41,0.35,0.2,0.45,41441.82000000001,-1083.0899999999997,-0.979285714285714,0.24864376130198912,0.1419529837251356,0.31916817359855326,0.010051199488825538,0.11549999999999999,0.066,0.531,1.8,1150.24,0.29023508137432186,0.3905967450271247,-0.026135193869381207,37.470000000000006,0.55,3.0471104815864027,-3515.62,785,0.7097649186256781
Pizza,26283,King Pizza Eatery,Cafe,CBD,0.99,33.83,1058,274,9269.42,274,157,353,9269.42,5311.31,11941.99,0.26670686012134,0.398674988886341,0.3,4,1.18,416.54,3101.72,320.89,183.87,3579.47,0.35,0.35,0.2,0.45,35792.14,7185.949999999999,6.792013232514177,0.25897920604914937,0.14839319470699433,0.333648393194707,0.011637750634636543,0.105,0.06,0.531,1.8,1047.42,0.25897920604914937,0.40737240075614367,0.20076893977281043,33.83,0.55,10.14014164305949,504.76,784,0.7410207939508506
Pizza,26673,King Pizza Kitchen,QSR,North Shore,1.03,31.05,1897,391,12140.55,527,301,678,16363.35,9346.05,21051.9,0.216746239922941,0.377016343316063,0.33,16,4.72,3200.16,4931.95,1247.5,712.52,5351.91,0.26,0.35,0.2,0.45,58901.85,12243.88,6.454338429098576,0.2778070637849236,0.15867158671586715,0.35740643120716925,0.054330381813134904,0.11549999999999999,0.066,2.124,7.2,1953.91,0.20611491829204007,0.43647865050079077,0.20786919256356123,31.05,0.55,7.893672566371682,1960.02,1506,0.7938850817079599
Pizza,25948,King Pizza Eatery,Cafe,West Auckland,1.04,46.27,2074,514,23782.78,546,312,702,25263.42,14436.24,32481.54,0.214185018092394,0.367701809061691,0.29,6,1.77,1242.54,9943.89,3236.58,1849.47,12338.42,0.33,0.35,0.2,0.45,95963.98,27368.36,13.195930568948892,0.26325940212150434,0.15043394406943106,0.3384763741562199,0.012947983191193196,0.10149999999999999,0.057999999999999996,0.7965,2.7,2156.96,0.24783027965284474,0.4136933461909354,0.28519409053271866,46.269999999999996,0.55,17.576096866096865,5086.05,1560,0.7521697203471552
Pizza,26568,Top Pizza Grill,Ghost Kitchen,West Auckland,1.04,35.23,1119,63,2219.49,370,211,475,13035.1,7433.53,16734.25,0.283086201990955,0.206905944633763,0.33,5,1.48,703.0,1131.96,2346.42,1338.09,7831.6,0.06,0.35,0.2,0.45,39422.369999999995,12648.07,11.303011617515638,0.3306523681858803,0.18856121537086687,0.4244861483467382,0.017832514889388945,0.11549999999999999,0.066,0.666,2.25,1163.76,0.05630026809651475,0.5192135835567472,0.32083484579947885,35.23,0.55,16.487578947368423,3684.51,1056,0.9436997319034852
Pizza,26691,Classic Pizza Bistro,Cafe,South Auckland,1.05,43.57,1042,258,11241.06,274,157,353,11938.18,6840.49,15380.21,0.276894396413118,0.436961538041942,0.3,17,5.02,1772.06,3216.56,-165.41,-94.78,2628.9,0.33,0.35,0.2,0.45,45399.939999999995,5585.27,5.360143953934742,0.2629558541266795,0.1506717850287908,0.33877159309021115,0.039032210174727106,0.105,0.06,2.259,7.65,1094.1000000000001,0.24760076775431863,0.41362763915547024,0.1230237308683668,43.56999999999999,0.55,7.447308781869689,-260.19,784,0.7523992322456814
Pizza,25491,Classic Pizza Tavern,Ghost Kitchen,South Auckland,1.05,39.37,517,19,748.03,174,100,224,6850.38,3937.0,8818.88,0.292274127935525,0.231139320065267,0.28,9,2.66,595.84,356.5,1346.69,773.96,3607.12,0.04,0.35,0.2,0.45,20354.29,6084.27,11.768413926499033,0.3365570599613153,0.19342359767891681,0.43326885880077365,0.02927343572288692,0.098,0.05600000000000001,1.197,4.05,542.85,0.03675048355899419,0.5299806576402322,0.29891831156969856,39.370000000000005,0.55,16.103214285714284,2120.65,498,0.9632495164410058
Pizza,26085,King Pizza Eatery,Full-service,West Auckland,1.04,42.38,1695,484,20511.92,424,242,545,17969.12,10255.96,23097.1,0.365433915355243,0.508302148850635,0.31,11,3.25,1771.25,2589.92,-3301.58,-1884.39,1145.08,0.4,0.35,0.2,0.45,71834.09999999999,-1450.9700000000003,-0.8560294985250739,0.25014749262536873,0.14277286135693215,0.32153392330383485,0.024657509455815557,0.1085,0.062,1.4625000000000001,4.95,1762.8,0.2855457227138643,0.3929203539823009,-0.020198902749529825,42.379999999999995,0.55,2.101064220183486,-5185.97,1211,0.7144542772861356
Pizza,26129,Urban Pizza Grill,QSR,West Auckland,1.04,36.23,859,182,6593.86,237,135,305,8586.51,4891.05,11050.15,0.209692815709859,0.39881618055515,0.33,6,1.77,539.85,2581.44,527.99,300.76,3786.18,0.27,0.35,0.2,0.45,31121.57,7196.370000000001,8.377613504074507,0.27590221187427244,0.15715948777648428,0.3550640279394645,0.01734648991037406,0.11549999999999999,0.066,0.7965,2.7,893.36,0.2118742724097788,0.43306169965075675,0.23123415688861457,36.23,0.55,12.413704918032787,828.75,677,0.7881257275902211
Pizza,26451,King Pizza Grill,Cafe,CBD,0.99,41.53,874,196,8139.88,237,136,305,9842.61,5648.08,12666.65,0.221420450042933,0.376416661264375,0.3,10,2.95,899.75,3273.56,1005.55,577.02,4194.31,0.29,0.35,0.2,0.45,36297.22,9050.439999999999,10.355194508009152,0.2711670480549199,0.15560640732265446,0.3489702517162471,0.024788399772764966,0.105,0.06,1.3275000000000001,4.5,865.26,0.2242562929061785,0.4267734553775744,0.24934251163036725,41.53,0.55,13.751836065573771,1582.57,678,0.7757437070938215
Pizza,25954,Lucky Pizza Cafe,QSR,CBD,0.99,30.41,880,170,5169.7,248,142,320,7541.68,4318.22,9731.2,0.205783533286303,0.407764682290144,0.32,5,1.48,473.6,1997.84,501.16,286.95,3287.04,0.24,0.35,0.2,0.45,26760.800000000003,6072.99,6.9011249999999995,0.2818181818181818,0.16136363636363635,0.36363636363636365,0.017697527727123255,0.11199999999999999,0.064,0.666,2.25,871.2,0.19318181818181815,0.4431818181818182,0.22693604077606047,30.410000000000004,0.55,10.272,788.11,710,0.8068181818181818
Pizza,25310,Classic Pizza Eatery,Cafe,North Shore,1.03,37.34,859,188,7019.92,235,134,302,8774.9,5003.56,11276.68,0.249307421483099,0.3642220714828,0.29,17,5.02,1516.04,2712.99,846.52,482.7,2842.06,0.28,0.35,0.2,0.45,32075.06,6884.2699999999995,8.01428405122235,0.2735739231664726,0.15599534342258442,0.35157159487776485,0.04726538313568236,0.10149999999999999,0.057999999999999996,2.259,7.65,884.77,0.2188591385331781,0.429569266589057,0.2146299960155959,37.34,0.55,9.410794701986754,1329.22,671,0.7811408614668219
Pizza,25810,Classic Pizza Grill,Full-service,CBD,0.99,30.33,1639,468,14194.44,410,234,527,12435.3,7097.22,15983.91,0.373194335575681,0.454851466068067,0.32,17,5.02,2645.54,2440.79,-1840.99,-1050.71,102.96,0.4,0.35,0.2,0.45,49710.869999999995,-347.9500000000001,-0.21229408175716907,0.25015253203172666,0.1427699816961562,0.3215375228798048,0.05321854153829937,0.11199999999999999,0.064,2.259,7.65,1622.61,0.2855399633923124,0.3929225137278829,-0.00699947516508965,30.33,0.55,0.19537001897533204,-2891.7,1171,0.7144600366076876
Pizza,25794,Lucky Pizza House,Cafe,West Auckland,1.04,36.95,817,237,8757.15,203,116,261,7500.85,4286.2,9643.95,0.256573899816722,0.387745711044408,0.32,18,5.31,1385.91,3114.75,267.63,152.93,2044.25,0.41,0.35,0.2,0.45,30188.15,5579.5599999999995,6.8293268053855565,0.2484700122399021,0.14198286413708688,0.31946144430844553,0.04590907359344643,0.11199999999999999,0.064,2.3895,8.1,849.6800000000001,0.29008567931456547,0.39045287637698894,0.18482616523370923,36.95,0.55,7.832375478927203,420.56,580,0.7099143206854345
Pizza,26657,Lucky Pizza Bistro,QSR,West Auckland,1.04,33.18,1575,335,11115.3,434,248,558,14400.12,8228.64,18514.44,0.264807686787099,0.357675140909851,0.29,13,3.84,2142.72,4196.22,1260.26,720.15,4846.8,0.27,0.35,0.2,0.45,52258.5,11023.43,6.999003174603175,0.27555555555555555,0.15746031746031744,0.35428571428571426,0.04100232498062516,0.10149999999999999,0.057999999999999996,1.728,5.8500000000000005,1638.0,0.2126984126984127,0.4330158730158731,0.21094042117550255,33.18,0.55,8.686021505376344,1980.4099999999999,1240,0.7873015873015873
Pizza,25708,Lucky Pizza Tavern,Cafe,North Shore,1.03,38.2,1716,490,18718.0,429,245,552,16387.8,9359.0,21086.4,0.273293681070209,0.407523798383772,0.3,7,2.07,1142.64,5974.46,314.36,179.53,5587.77,0.4,0.35,0.2,0.45,65551.20000000001,12056.119999999999,7.025710955710955,0.24999999999999994,0.14277389277389274,0.32167832167832167,0.017431259839636802,0.105,0.06,0.9315,3.15,1767.48,0.2855477855477855,0.3927738927738927,0.18391913496625534,38.20000000000001,0.55,10.122771739130435,493.89,1226,0.7144522144522144
Pizza,25385,Urban Pizza Diner,Cafe,South Auckland,1.05,40.49,722,162,6559.38,196,112,252,7936.04,4534.88,10203.48,0.212264661733061,0.436031637550332,0.32,6,1.77,446.04,2306.96,251.6,143.77,3142.56,0.29,0.35,0.2,0.45,29233.78,5844.889999999999,8.095415512465372,0.27146814404432135,0.1551246537396122,0.3490304709141274,0.015257691615658325,0.11199999999999999,0.064,0.7965,2.7,758.1,0.22437673130193908,0.42659279778393355,0.1999361697324123,40.489999999999995,0.55,12.470476190476191,395.37,560,0.775623268698061
Pizza,25867,Classic Pizza House,QSR,North Shore,1.03,43.94,770,168,7381.92,211,120,271,9271.34,5272.8,11907.74,0.235598984565586,0.423567920038477,0.31,16,4.72,1279.12,2516.0,285.86,162.58,2779.43,0.28,0.35,0.2,0.45,33833.8,5743.87,7.4595714285714285,0.274025974025974,0.15584415584415584,0.3519480519480519,0.03780598100124727,0.1085,0.062,2.124,7.2,793.1,0.21818181818181817,0.4298701298701298,0.1697672150334872,43.940000000000005,0.55,10.25619926199262,448.44000000000005,602,0.7818181818181819
Pizza,25423,Classic Pizza Corner,Cafe,South Auckland,1.05,35.31,1929,580,20479.8,472,270,607,16666.32,9533.7,21433.17,0.256918875612319,0.368768269196153,0.31,9,2.66,1614.62,7665.85,1071.86,613.14,6408.09,0.43,0.35,0.2,0.45,68112.98999999999,15758.94,8.169486780715397,0.24468636599274238,0.13996889580093316,0.31467081389320894,0.023705023080032167,0.1085,0.062,1.197,4.05,2025.45,0.3006739243131156,0.38465526179367554,0.23136467801516278,35.309999999999995,0.55,10.556985172981879,1685.0,1349,0.6993260756868844
Pizza,26524,Lucky Pizza Bistro,Cafe,South Auckland,1.05,45.79,1801,436,19964.44,478,273,614,21887.62,12500.67,28115.06,0.200578124113381,0.390207906975411,0.31,11,3.25,1995.5,8169.73,2171.56,1240.24,9509.58,0.32,0.35,0.2,0.45,82467.79,21091.11,11.710777345918935,0.2654081066074403,0.1515824541921155,0.3409217101610217,0.024197326010555152,0.1085,0.062,1.4625000000000001,4.95,1891.0500000000002,0.24208772903942255,0.4169905607995558,0.2557496690526083,45.79,0.55,15.487915309446254,3411.8,1365,0.7579122709605774
Pizza,26529,Classic Pizza Cafe,Full-service,South Auckland,1.05,44.3,1393,488,21618.4,317,181,407,14043.1,8018.3,18030.1,0.384137317724526,0.500554657983594,0.3,16,4.72,1921.04,2492.77,-2593.65,-1480.92,157.98,0.54,0.35,0.2,0.45,61709.9,-1423.8200000000002,-1.0221249102656138,0.22756640344580042,0.1299353912419239,0.29217516152189515,0.031130175223100343,0.105,0.06,2.124,7.2,1462.65,0.3503230437903805,0.35750179468772436,-0.023072797071458553,44.300000000000004,0.55,0.3881572481572481,-4074.57,905,0.6496769562096195
Pizza,25707,King Pizza Diner,Cafe,South Auckland,1.05,37.73,1202,318,11998.14,309,177,398,11658.57,6678.21,15016.54,0.217949770689011,0.365999466041103,0.29,11,3.25,1293.5,4991.84,1469.57,841.79,4954.14,0.36,0.35,0.2,0.45,45351.46,12257.34,10.197454242928453,0.25707154742096505,0.14725457570715475,0.3311148086522463,0.028521683756156914,0.10149999999999999,0.057999999999999996,1.4625000000000001,4.95,1262.1000000000001,0.26455906821963393,0.4043261231281198,0.27027442997425,37.73,0.55,12.447587939698494,2311.3599999999997,884,0.7354409317803661
Pizza,25304,Classic Pizza Bistro,Full-service,West Auckland,1.04,41.88,2154,708,29651.04,506,289,651,21191.28,12103.32,27263.88,0.372427905304357,0.459272995102219,0.31,16,4.72,3072.72,4990.24,-3002.82,-1715.05,1515.77,0.49,0.35,0.2,0.45,90209.52,1788.1399999999996,0.8301485608170843,0.23491179201485607,0.1341689879294336,0.3022284122562674,0.03406203691140358,0.1085,0.062,2.124,7.2,2240.16,0.3286908077994429,0.36908077994428967,0.019822076428297142,41.88,0.55,2.3283717357910905,-4717.87,1446,0.6713091922005571
Pizza,26450,Top Pizza Bistro,QSR,North Shore,1.03,40.75,1759,293,11939.75,513,293,660,20904.75,11939.75,26895.0,0.209840250760317,0.408375806361437,0.33,13,3.84,2534.4,4558.4,1082.53,618.29,7733.68,0.2,0.35,0.2,0.45,71679.25,13992.9,7.955031267765776,0.2916429789653212,0.1665719158612848,0.3752131893121092,0.03535751280879753,0.11549999999999999,0.066,1.728,5.8500000000000005,1811.77,0.1665719158612848,0.45821489482660605,0.19521549123351598,40.75,0.55,11.71769696969697,1700.82,1466,0.8334280841387152
Pizza,26427,Lucky Pizza Tavern,Cafe,CBD,0.99,31.35,1591,486,15236.1,387,221,497,12132.45,6928.35,15580.95,0.267180955633521,0.405959353060462,0.27,17,5.02,2494.94,4980.07,689.85,393.94,2597.84,0.44,0.35,0.2,0.45,49877.850000000006,8661.7,5.4441860465116285,0.24324324324324323,0.13890634820867379,0.3123821495914519,0.05002100130619102,0.0945,0.054000000000000006,2.259,7.65,1575.09,0.30546825895663104,0.38214959145191707,0.1736582470976596,31.350000000000005,0.55,5.227042253521127,1083.79,1105,0.6945317410433689
Pizza,26651,Urban Pizza Grill,QSR,North Shore,1.03,43.8,1694,380,16644.0,460,263,591,20148.0,11519.4,25885.8,0.22018214546144,0.447627211268991,0.29,9,2.66,1572.06,5528.98,850.06,486.01,7026.96,0.29,0.35,0.2,0.45,74197.2,13892.009999999998,8.200714285714286,0.2715466351829988,0.1552538370720189,0.34887839433293977,0.021187591984603193,0.10149999999999999,0.057999999999999996,1.197,4.05,1744.82,0.22432113341204252,0.42680047225501777,0.18723091976516631,43.8,0.55,11.88994923857868,1336.07,1314,0.7756788665879575
Pizza,26557,Lucky Pizza Tavern,Full-service,South Auckland,1.05,43.14,969,305,13157.7,232,133,299,10008.48,5737.62,12898.86,0.383657122286968,0.455078476667404,0.29,5,1.48,442.52,2121.87,-1288.45,-738.64,1637.61,0.46,0.35,0.2,0.45,41802.66,1732.3899999999999,1.78781217750258,0.23942208462332298,0.1372549019607843,0.30856553147574817,0.010585929220772073,0.10149999999999999,0.057999999999999996,0.666,2.25,1017.45,0.31475748194014447,0.37667698658410725,0.04144209961758414,43.14,0.55,5.4769565217391305,-2027.0900000000001,664,0.6852425180598555
Pizza,25553,King Pizza Eatery,Cafe,CBD,0.99,38.19,1435,438,16727.22,349,199,449,13328.31,7599.81,17147.31,0.22399247141555,0.391132962983102,0.31,7,2.07,929.43,6437.88,997.95,569.03,5670.13,0.44,0.35,0.2,0.45,54802.649999999994,13674.99,9.52960975609756,0.243205574912892,0.13867595818815334,0.31289198606271784,0.016959581334114317,0.1085,0.062,0.9315,3.15,1420.65,0.305226480836237,0.38188153310104533,0.24953154637595082,38.19,0.55,12.628351893095768,1566.98,997,0.6947735191637631
Thai,25001,Lotus Grill,QSR,South Auckland,1.05,33.75,580,71,2396.25,254,153,102,8572.5,5163.75,3442.5,0.275752293970436,0.379911925341003,0.28,6,1.77,180.54,825.11,551.52,332.21,1004.84,0.14,0.5,0.3,0.2,19575.0,2713.6800000000003,4.678758620689655,0.4379310344827586,0.2637931034482759,0.17586206896551723,0.009222988505747126,0.14,0.084,0.35400000000000004,1.2000000000000002,609.0,0.12241379310344827,0.7017241379310345,0.13862988505747129,33.75,0.8,9.851372549019608,883.73,509,0.8775862068965518
Thai,25608,Red Corner,Full-service,West Auckland,1.04,43.86,1689,369,16184.34,660,396,264,28947.6,17368.56,11579.04,0.381053506885655,0.492331564100459,0.31,13,3.84,1013.76,2049.18,-5308.56,-3185.13,452.32,0.28,0.5,0.3,0.2,74079.54000000001,-5992.1900000000005,-3.547773830669035,0.39076376554174064,0.2344582593250444,0.15630550621669625,0.013684750202282572,0.155,0.093,0.768,2.6,1756.5600000000002,0.21847246891651864,0.625222024866785,-0.08088859623048415,43.86000000000001,0.8,1.7133333333333334,-8493.69,1320,0.7815275310834814
Thai,25285,Sakura Corner,QSR,South Auckland,1.05,39.77,748,55,2187.35,346,208,139,13760.42,8272.16,5528.03,0.26003233987838,0.441909208055586,0.33,10,2.95,410.05,651.96,-439.53,-264.23,1237.63,0.08,0.5,0.3,0.2,29747.96,1185.8300000000002,1.5853342245989306,0.4625668449197861,0.27807486631016043,0.1858288770053476,0.013784138475377808,0.165,0.099,0.5900000000000001,2.0,785.4,0.07352941176470588,0.7406417112299466,0.039862565365826774,39.769999999999996,0.8,8.903812949640288,-703.76,693,0.9264705882352942
Thai,26659,Lotus Grill,QSR,North Shore,1.03,34.64,1424,152,5265.28,636,382,254,22031.04,13232.48,8798.56,0.224418778009713,0.382366169150919,0.28,3,0.89,226.06,2070.39,2494.25,1498.12,3233.67,0.12,0.5,0.3,0.2,49327.36,9296.43,6.528391853932584,0.4466292134831461,0.2682584269662921,0.17837078651685392,0.004582852193995381,0.14,0.084,0.17800000000000002,0.6000000000000001,1466.72,0.10674157303370786,0.7148876404494383,0.18846396806964735,34.64,0.8,12.730984251968504,3992.37,1272,0.8932584269662921
Thai,26582,Lotus Eatery,QSR,CBD,0.99,32.56,1565,167,5437.52,699,419,280,22759.44,13642.64,9116.8,0.218178118113428,0.431010805140249,0.3,14,4.13,1156.4,1907.54,1156.43,693.2,2041.87,0.12,0.5,0.3,0.2,50956.399999999994,5799.04,3.7054568690095846,0.4466453674121406,0.26773162939297124,0.17891373801916932,0.022693910872824616,0.15,0.09,0.8260000000000001,2.8000000000000003,1549.35,0.10670926517571887,0.7143769968051119,0.11380395789341477,32.559999999999995,0.8,7.292392857142857,1849.63,1398,0.8932907348242811
Thai,25127,Golden Cafe,QSR,South Auckland,1.05,37.01,534,61,2257.61,236,142,95,8734.36,5255.42,3515.95,0.209436130970716,0.421511780680157,0.27,17,5.02,476.9,833.18,865.16,520.56,820.67,0.13,0.5,0.3,0.2,19763.34,3039.5699999999997,5.692078651685392,0.4419475655430712,0.26591760299625467,0.17790262172284643,0.024130536640061852,0.135,0.081,1.004,3.4000000000000004,560.7,0.11423220973782772,0.7078651685393259,0.1537983964248958,37.01,0.8,8.638631578947368,1385.7199999999998,473,0.8857677902621723
Thai,25896,Golden Eatery,Full-service,North Shore,1.03,35.01,1493,308,10783.08,592,356,237,20725.92,12463.56,8297.37,0.389836396742612,0.512049130955711,0.32,10,2.95,699.15,1057.98,-4598.78,-2765.48,114.94,0.26,0.5,0.3,0.2,52269.93,-6191.34,-4.146912257200268,0.3965170797052913,0.23844608171466844,0.15874079035498997,0.013375759255847481,0.16,0.096,0.5900000000000001,2.0,1537.79,0.20629604822505024,0.6349631614199597,-0.11844936467295825,35.01,0.8,0.4849789029535865,-7364.26,1185,0.7937039517749498
Thai,25493,Golden House,Cafe,West Auckland,1.04,40.37,1328,152,6136.24,588,353,235,23737.56,14250.61,9486.95,0.221122461147606,0.439319629827514,0.33,7,2.07,486.45,2083.61,226.88,136.21,2734.92,0.13,0.5,0.3,0.2,53611.36,5181.620000000001,3.901822289156627,0.4427710843373494,0.2658132530120482,0.1769578313253012,0.009073636632236152,0.165,0.099,0.414,1.4000000000000001,1381.1200000000001,0.1144578313253012,0.7085843373493975,0.0966515305711327,40.37,0.8,11.63795744680851,363.09000000000003,1176,0.8855421686746988
Thai,26342,Lotus Eatery,Cafe,West Auckland,1.04,39.73,791,71,2820.83,360,216,144,14302.8,8581.68,5721.12,0.206660068742931,0.405520725762472,0.29,18,5.31,764.64,1093.97,1399.09,839.45,1454.12,0.1,0.5,0.3,0.2,31426.429999999997,4786.63,6.051365360303413,0.45512010113780027,0.2730720606826802,0.18204804045512013,0.02433111237897528,0.145,0.087,1.062,3.6,822.64,0.0897597977243995,0.7281921618204805,0.1523122416386462,39.73,0.8,10.098055555555554,2238.54,720,0.9102402022756005
Thai,25696,Dragon Eatery,Cafe,South Auckland,1.05,42.49,715,59,2506.91,328,197,131,13936.72,8370.53,5566.19,0.200809258650988,0.419556430145167,0.31,10,2.95,386.45,951.71,970.47,582.88,1726.67,0.09,0.5,0.3,0.2,30380.349999999995,4231.73,5.9185034965034955,0.4587412587412588,0.27552447552447557,0.18321678321678322,0.012720393280525079,0.155,0.093,0.5900000000000001,2.0,750.75,0.08251748251748253,0.7342657342657344,0.13929168031309713,42.489999999999995,0.8,13.180687022900765,1553.35,656,0.9174825174825175
Thai,25900,Golden Kitchen,Full-service,CBD,0.99,42.08,1095,204,8584.32,446,267,178,18767.68,11235.36,7490.24,0.392105521680787,0.485890758875758,0.33,16,4.72,840.16,1047.32,-3903.61,-2336.91,73.68,0.23,0.5,0.3,0.2,46077.6,-5119.5199999999995,-4.6753607305936065,0.40730593607305937,0.2438356164383562,0.16255707762557078,0.01823358855495946,0.165,0.099,0.944,3.2,1084.05,0.1863013698630137,0.6511415525114156,-0.11110648124034238,42.08,0.8,0.41393258426966295,-6240.52,891,0.8136986301369863
Thai,25012,Golden Grill,Cafe,West Auckland,1.04,36.18,1017,132,4775.76,442,266,177,15991.56,9623.88,6403.86,0.247586196903139,0.374162012757733,0.31,14,4.13,731.01,1806.44,1091.45,656.85,1691.26,0.15,0.5,0.3,0.2,36795.06,5246.0,5.1583087512291055,0.4346116027531957,0.2615535889872173,0.17404129793510326,0.019867069111994925,0.155,0.093,0.8260000000000001,2.8000000000000003,1057.68,0.1297935103244838,0.696165191740413,0.14257348676697362,36.18,0.8,9.555141242937854,1748.3000000000002,885,0.8702064896755162
Thai,26468,Sakura Kitchen,QSR,South Auckland,1.05,39.72,831,75,2979.0,378,227,151,15014.16,9016.44,5997.72,0.218265655562282,0.394720010622405,0.32,3,0.89,134.39,1152.92,1006.16,604.23,2186.81,0.1,0.5,0.3,0.2,33007.32,4950.12,5.95682310469314,0.4548736462093863,0.2731648616125151,0.18170878459687126,0.0040715211050154935,0.16,0.096,0.17800000000000002,0.6000000000000001,872.5500000000001,0.09025270758122744,0.7280385078219013,0.14997037020879006,39.72,0.8,14.482185430463575,1610.3899999999999,756,0.9097472924187726
Thai,26470,Golden Tavern,Cafe,South Auckland,1.05,46.77,1623,147,6875.19,738,443,295,34516.26,20719.11,13797.15,0.262257992625237,0.434052260057069,0.28,6,1.77,522.15,2087.92,817.68,490.83,3667.9,0.1,0.5,0.3,0.2,75907.71,7064.33,4.352637091805299,0.45471349353049906,0.2729513247073321,0.18176216882316695,0.006878747890036466,0.14,0.084,0.35400000000000004,1.2000000000000002,1704.15,0.09057301293900183,0.7276648182378311,0.09306472293789392,46.77,0.8,12.433559322033899,1308.51,1476,0.9094269870609981
Thai,26227,Lotus Eatery,Cafe,South Auckland,1.05,40.07,1191,127,5088.89,532,319,213,21317.24,12782.33,8534.91,0.261373641751707,0.353416023193859,0.3,16,4.72,1005.36,1960.29,1816.45,1089.19,2282.38,0.12,0.5,0.3,0.2,47723.369999999995,7148.31,6.0019395465994965,0.4466834592779178,0.2678421494542402,0.1788413098236776,0.021066408344590924,0.15,0.09,0.944,3.2,1250.55,0.10663308144416458,0.7145256087321579,0.14978636253055896,40.06999999999999,0.8,10.715399061032864,2905.6400000000003,1064,0.8933669185558354
Thai,25096,Lotus Eatery,QSR,CBD,0.99,32.0,849,104,3328.0,372,224,149,11904.0,7168.0,4768.0,0.20281207928434,0.438259883923456,0.27,17,5.02,747.98,1194.51,1058.6,637.44,963.39,0.14,0.5,0.3,0.2,27168.0,3853.9399999999996,4.539387514723203,0.4381625441696113,0.26383981154299174,0.17550058892815076,0.027531654888103652,0.135,0.081,1.004,3.4000000000000004,840.51,0.12249705535924617,0.702002355712603,0.1418558598351001,32.0,0.8,6.465704697986577,1696.04,745,0.8775029446407538
Thai,25987,Red House,QSR,West Auckland,1.04,43.24,1668,178,7696.72,745,447,298,32213.8,19328.28,12885.52,0.274228022359312,0.413060047267936,0.32,6,1.77,527.46,2406.86,-234.78,-140.87,3502.0,0.12,0.5,0.3,0.2,72124.31999999999,5533.21,3.3172721822541966,0.446642685851319,0.26798561151079137,0.1786570743405276,0.007313205864540561,0.16,0.096,0.35400000000000004,1.2000000000000002,1734.72,0.10671462829736213,0.7146282973621104,0.07671767304010631,43.239999999999995,0.8,11.751677852348994,-375.65,1490,0.8932853717026379
Thai,26028,Golden Eatery,Cafe,North Shore,1.03,43.28,1299,128,5539.84,586,351,234,25362.08,15191.28,10127.52,0.273229770790786,0.404283563466743,0.27,18,5.31,1242.54,1786.52,1331.17,797.34,2023.45,0.11,0.5,0.3,0.2,56220.72,5938.4800000000005,4.571578137028484,0.4511162432640493,0.2702078521939954,0.18013856812933027,0.02210110436152365,0.135,0.081,1.062,3.6,1337.97,0.09853733641262509,0.7213240954580447,0.10562796065222929,43.28,0.8,8.647222222222222,2128.51,1171,0.9014626635873749
Thai,26353,Dragon Bistro,QSR,CBD,0.99,31.56,1493,171,5396.76,661,397,264,20861.16,12529.32,8331.84,0.239739823397249,0.391634819563478,0.28,7,2.07,546.48,1989.38,1848.83,1110.42,2524.85,0.13,0.5,0.3,0.2,47119.08,7473.48,5.005679839249832,0.4427327528466175,0.26590756865371734,0.1768251841929002,0.011597849533564747,0.14,0.084,0.414,1.4000000000000001,1478.07,0.1145344943067649,0.7086403215003347,0.15860835992553335,31.560000000000002,0.8,9.563825757575756,2959.25,1322,0.8854655056932351
Thai,26152,Lotus Bistro,Cafe,West Auckland,1.04,34.57,1037,127,4390.39,455,273,182,15729.35,9437.61,6291.74,0.220947811417282,0.352360815787688,0.28,4,1.18,214.76,1873.34,2307.36,1384.42,2469.87,0.14,0.5,0.3,0.2,35849.090000000004,8034.99,7.7483027965284474,0.4387656702025072,0.26325940212150434,0.17550626808100286,0.005990668103430239,0.14,0.084,0.236,0.8,1078.48,0.12246865959498553,0.7020250723240115,0.2241337227806898,34.57,0.8,13.570714285714285,3691.78,910,0.8775313404050145
Thai,25142,Dragon Grill,Cafe,South Auckland,1.05,44.04,1062,96,4227.84,483,290,193,21271.32,12771.6,8499.72,0.225175304058939,0.418327891989611,0.31,17,5.02,968.86,1507.21,989.05,593.84,2061.26,0.1,0.5,0.3,0.2,46770.48,5151.360000000001,4.850621468926554,0.4548022598870056,0.27306967984934083,0.18173258003766476,0.020715203264965423,0.155,0.093,1.004,3.4000000000000004,1115.1000000000001,0.0903954802259887,0.7278719397363465,0.11014126859506253,44.040000000000006,0.8,10.680103626943007,1582.8899999999999,966,0.9096045197740112
Thai,25386,Lotus Eatery,Ghost Kitchen,South Auckland,1.05,43.93,1351,111,4876.23,620,372,248,27236.6,16341.96,10894.64,0.284841953276191,0.206779944582377,0.31,5,1.48,367.04,2478.97,5403.15,3241.89,5171.56,0.09,0.5,0.3,0.2,59349.42999999999,16295.57,12.061857883049592,0.45891931902294597,0.2753515914137676,0.1835677276091784,0.006184389639462419,0.155,0.093,0.296,1.0,1418.55,0.08216136195410807,0.7342709104367136,0.27456994953447744,43.92999999999999,0.8,20.853064516129034,8645.039999999999,1240,0.9178386380458919
Thai,25751,Lotus Eatery,QSR,CBD,0.99,40.45,1566,142,5743.9,712,427,285,28800.4,17272.15,11528.25,0.220950177423656,0.388419489259832,0.3,10,2.95,840.75,2243.74,2610.19,1565.38,3662.53,0.1,0.5,0.3,0.2,63344.700000000004,10081.84,6.437956577266922,0.45466155810983394,0.272669220945083,0.18199233716475094,0.01327261791436379,0.15,0.09,0.5900000000000001,2.0,1550.34,0.09067688378033205,0.7273307790549169,0.15915838262711796,40.45,0.8,12.850982456140352,4175.57,1424,0.909323116219668
Thai,25589,Sakura Diner,Ghost Kitchen,South Auckland,1.05,38.03,555,26,988.78,264,159,106,10039.92,6046.77,4031.18,0.276379965303931,0.220443526480813,0.28,18,5.31,562.86,497.53,2240.67,1349.5,1465.54,0.05,0.5,0.3,0.2,21106.65,5553.24,10.005837837837838,0.47567567567567565,0.2864864864864865,0.19099099099099098,0.026667424721592482,0.14,0.084,1.062,3.6,582.75,0.04684684684684684,0.7621621621621621,0.2631038085153257,38.03,0.8,13.825849056603774,3590.17,529,0.9531531531531532
Thai,26439,Sakura Kitchen,Full-service,CBD,0.99,36.1,782,151,5451.1,316,189,126,11407.6,6822.9,4548.6,0.379704358952586,0.4604658766184,0.33,17,5.02,632.52,871.25,-1941.23,-1161.05,94.48,0.24,0.5,0.3,0.2,28230.199999999997,-2136.5499999999997,-2.732161125319693,0.40409207161125327,0.24168797953964197,0.16112531969309465,0.022405792378374933,0.165,0.099,1.004,3.4000000000000004,774.18,0.19309462915601025,0.6457800511508952,-0.07568313366536546,36.099999999999994,0.8,0.7498412698412699,-3102.2799999999997,631,0.8069053708439897
Thai,26118,Golden House,Ghost Kitchen,CBD,0.99,36.93,1620,147,5428.71,736,442,295,27180.48,16323.06,10894.35,0.291367352742236,0.311181534768548,0.32,4,1.18,348.1,2157.65,2105.16,1264.24,3981.87,0.1,0.5,0.3,0.2,59826.6,9508.919999999998,5.869703703703703,0.454320987654321,0.27283950617283953,0.18209876543209877,0.005818482079877513,0.16,0.096,0.236,0.8,1603.8,0.09074074074074075,0.7271604938271605,0.15894134047396974,36.93,0.8,13.49786440677966,3369.3999999999996,1473,0.9092592592592592
Thai,26077,Lotus Kitchen,QSR,CBD,0.99,32.96,1060,78,2570.88,491,295,196,16183.36,9723.2,6460.16,0.235267941784114,0.422363195079379,0.32,5,1.48,290.08,880.19,362.0,217.5,1921.68,0.08,0.5,0.3,0.2,34937.600000000006,3381.37,3.1899716981132076,0.4632075471698113,0.2783018867924528,0.18490566037735845,0.00830280271111925,0.16,0.096,0.296,1.0,1049.4,0.07358490566037736,0.7415094339622641,0.09678312190877449,32.96000000000001,0.8,9.804489795918368,579.5,982,0.9264150943396227
Thai,25796,Lotus Corner,Cafe,West Auckland,1.04,45.01,1228,141,6346.41,544,326,217,24485.44,14673.26,9767.17,0.220988511480391,0.352993193850853,0.31,14,4.13,896.21,2703.69,2840.76,1702.37,3264.78,0.13,0.5,0.3,0.2,55272.28,10511.6,8.559934853420195,0.44299674267100975,0.26547231270358307,0.1767100977198697,0.01621445686698649,0.155,0.093,0.8260000000000001,2.8000000000000003,1277.1200000000001,0.11482084690553745,0.7084690553745928,0.19017851262875352,45.01,0.8,15.045069124423964,4543.13,1087,0.8851791530944625
Thai,25029,Golden House,QSR,CBD,0.99,40.81,833,61,2489.41,386,232,154,15752.66,9467.92,6284.74,0.206587430424988,0.364191686338745,0.32,8,2.36,363.44,1068.51,1720.52,1034.09,2334.1,0.08,0.5,0.3,0.2,33994.729999999996,6157.219999999999,7.391620648259303,0.4633853541416567,0.27851140456182477,0.18487394957983194,0.010691068880382343,0.16,0.096,0.472,1.6,824.67,0.07322929171668668,0.7418967587034815,0.1811227799132395,40.809999999999995,0.8,15.156493506493506,2754.6099999999997,772,0.9267707082833133
Thai,25758,Sakura Diner,Ghost Kitchen,North Shore,1.03,40.82,1476,70,2857.4,703,422,281,28696.46,17226.04,11470.42,0.288680646009743,0.222105606086552,0.32,4,1.18,331.58,1397.88,4855.84,2914.88,5279.91,0.05,0.5,0.3,0.2,60250.32,14448.51,9.788963414634146,0.47628726287262874,0.2859078590785908,0.19037940379403795,0.005503373260092228,0.16,0.096,0.236,0.8,1520.28,0.04742547425474255,0.7621951219512195,0.2398080209366523,40.82,0.8,18.789715302491103,7770.72,1406,0.9525745257452575
Thai,26122,Dragon Kitchen,QSR,CBD,0.99,44.53,1266,115,5120.95,576,345,230,25649.28,15362.85,10241.9,0.279058709423989,0.415310594765469,0.28,18,5.31,1221.3,1565.12,657.41,393.76,1908.94,0.1,0.5,0.3,0.2,56374.98,4525.23,3.574431279620853,0.4549763033175355,0.2725118483412322,0.18167456556082145,0.02166386577875504,0.14,0.084,1.062,3.6,1253.34,0.09083728278041073,0.7274881516587677,0.08027018368787003,44.53,0.8,8.299739130434784,1051.17,1151,0.9091627172195893
Thai,25800,Sakura Diner,QSR,CBD,0.99,31.14,453,37,1152.18,208,125,83,6477.12,3892.5,2584.62,0.267548405658454,0.414790036412887,0.31,5,1.48,122.84,366.0,49.62,29.82,698.19,0.09,0.5,0.3,0.2,14106.419999999998,1143.63,2.5245695364238414,0.4591611479028698,0.27593818984547464,0.18322295805739516,0.008708091776652051,0.155,0.093,0.296,1.0,448.46999999999997,0.0816777041942605,0.7350993377483444,0.0810715971876635,31.139999999999997,0.8,8.411927710843374,79.44,416,0.9183222958057395
Thai,25073,Dragon Bistro,Full-service,CBD,0.99,40.23,649,103,4143.69,273,164,109,10982.79,6597.72,4385.07,0.385292206250597,0.516773813543841,0.31,13,3.84,418.56,405.81,-2329.08,-1399.15,10.89,0.19,0.5,0.3,0.2,26109.27,-3311.53,-5.10251155624037,0.4206471494607088,0.2526964560862866,0.16795069337442217,0.016031087809042534,0.155,0.093,0.768,2.6,642.51,0.15870570107858242,0.6733436055469955,-0.1268334963022712,40.230000000000004,0.8,0.09990825688073394,-3728.23,546,0.8412942989214176
Thai,26044,Sakura Bistro,Cafe,North Shore,1.03,44.34,1678,138,6118.92,770,462,308,34141.8,20485.08,13656.72,0.267806369066238,0.421381369489245,0.28,4,1.18,363.44,1901.84,1051.99,631.19,3881.24,0.09,0.5,0.3,0.2,74402.52,7466.26,4.449499404052443,0.4588796185935638,0.27532777115613827,0.18355184743742547,0.004884780784306768,0.14,0.084,0.236,0.8,1728.3400000000001,0.08224076281287246,0.734207389749702,0.1003495580526036,44.34,0.8,12.60142857142857,1683.18,1540,0.9177592371871275
Thai,26408,Lotus Bistro,Ghost Kitchen,South Auckland,1.05,38.88,511,24,933.12,244,146,97,9486.72,5676.48,3771.36,0.285626432765275,0.265033819479868,0.3,7,2.07,200.79,419.29,1416.74,847.72,1493.83,0.05,0.5,0.3,0.2,19867.68,4177.58,8.175303326810177,0.4774951076320939,0.2857142857142857,0.18982387475538162,0.010106363702254113,0.15,0.09,0.414,1.4000000000000001,536.5500000000001,0.046966731898238745,0.7632093933463796,0.21027014729450041,38.88,0.8,15.400309278350514,2264.46,487,0.9530332681017613
Thai,26006,Lotus House,Cafe,South Auckland,1.05,39.79,1547,153,6087.87,697,418,279,27733.63,16632.22,11101.41,0.257934817820787,0.431698935572058,0.32,13,3.84,1071.36,1889.47,-267.18,-160.23,2374.14,0.11,0.5,0.3,0.2,61555.130000000005,3836.2,2.4797672915319975,0.45054945054945056,0.27020038784744665,0.18034906270200388,0.017404885669155434,0.16,0.096,0.768,2.6,1624.3500000000001,0.0989010989010989,0.7207498383968972,0.06232136947805974,39.790000000000006,0.8,8.509462365591398,-427.40999999999997,1394,0.9010989010989011
Thai,26493,Sakura Tavern,Ghost Kitchen,North Shore,1.03,42.72,487,23,982.56,232,139,93,9911.04,5938.08,3972.96,0.279154130327515,0.263758043944836,0.32,15,4.43,411.99,449.12,1358.68,814.04,1404.0,0.05,0.5,0.3,0.2,20804.64,4025.84,8.266611909650925,0.4763860369609857,0.28542094455852157,0.19096509240246407,0.019802793992109453,0.16,0.096,0.886,3.0,501.61,0.04722792607802875,0.7618069815195072,0.1935068330910797,42.72,0.8,15.096774193548388,2172.7200000000003,464,0.9527720739219713
Thai,26655,Golden Diner,QSR,CBD,0.99,35.42,994,90,3187.8,452,271,181,16009.84,9598.82,6411.02,0.273310075625777,0.433302526897751,0.31,17,5.02,908.62,935.26,-265.97,-159.46,972.29,0.1,0.5,0.3,0.2,35207.479999999996,1482.12,1.491066398390342,0.454728370221328,0.272635814889336,0.18209255533199198,0.02580758407020327,0.155,0.093,1.004,3.4000000000000004,984.06,0.09054325955734407,0.727364185110664,0.042096736261726206,35.419999999999995,0.8,5.371767955801105,-425.43000000000006,904,0.9094567404426559
Thai,25039,Lotus Grill,QSR,South Auckland,1.05,42.7,1079,115,4910.5,482,289,193,20581.4,12340.3,8241.1,0.269678716342896,0.384321287600324,0.3,7,2.07,399.51,1699.03,946.74,567.65,2451.91,0.12,0.5,0.3,0.2,46073.299999999996,5665.33,5.250537534754402,0.4467099165894347,0.267840593141798,0.17886932344763673,0.008671182658936955,0.15,0.09,0.414,1.4000000000000001,1132.95,0.10658016682113068,0.7145505097312326,0.12296340830806564,42.699999999999996,0.8,12.704196891191708,1514.3899999999999,964,0.8934198331788693
Thai,25768,Sakura Eatery,Cafe,CBD,0.99,36.71,842,69,2532.99,386,232,155,14170.06,8516.72,5690.05,0.215933950506151,0.444786934065633,0.28,4,1.18,182.9,859.39,839.99,504.86,1747.62,0.09,0.5,0.3,0.2,30909.819999999996,3951.86,4.693420427553444,0.4584323040380048,0.2755344418052257,0.18408551068883613,0.005917213364555343,0.14,0.084,0.236,0.8,833.58,0.0819477434679335,0.7339667458432304,0.12785127833161114,36.709999999999994,0.8,11.274967741935484,1344.85,773,0.9180522565320665
Thai,25041,Red Corner,QSR,CBD,0.99,31.52,863,99,3120.48,382,229,153,12040.64,7218.08,4822.56,0.223921236507595,0.38521895618178,0.31,13,3.84,587.52,1219.67,973.6,583.65,1297.42,0.13,0.5,0.3,0.2,27201.76,4074.34,4.721135573580534,0.4426419466975666,0.2653534183082271,0.17728852838933953,0.021598602443371313,0.155,0.093,0.768,2.6,854.37,0.11471610660486675,0.7079953650057939,0.1497822199740017,31.52,0.8,8.479869281045753,1557.25,764,0.8852838933951332
Thai,26255,Lotus Cafe,QSR,CBD,0.99,31.26,1502,124,3876.24,689,413,276,21538.14,12910.38,8627.76,0.203652285616845,0.429619633592665,0.33,8,2.36,651.36,1421.53,791.05,474.17,2512.68,0.09,0.5,0.3,0.2,46952.52,5199.43,3.461671105193076,0.45872170439414117,0.27496671105193077,0.1837549933422104,0.013872737821100977,0.165,0.099,0.472,1.6,1486.98,0.08255659121171771,0.7336884154460719,0.11073803919363648,31.259999999999998,0.8,9.10391304347826,1265.22,1378,0.9174434087882823
Thai,26538,Lotus Kitchen,QSR,CBD,0.99,33.85,543,70,2369.5,236,142,95,7988.6,4806.7,3215.75,0.242535118777305,0.426368783880025,0.3,6,1.77,168.15,784.53,248.41,149.47,896.57,0.15,0.5,0.3,0.2,18380.55,2078.98,3.8286924493554326,0.4346224677716391,0.26151012891344383,0.17495395948434622,0.009148257261072167,0.15,0.09,0.35400000000000004,1.2000000000000002,537.57,0.1289134438305709,0.6961325966850829,0.11310760559395666,33.85,0.8,9.437578947368422,397.88,473,0.8710865561694291
Thai,26052,Golden Grill,Full-service,CBD,0.99,35.37,982,202,7144.74,390,234,156,13794.3,8276.58,5517.72,0.355087154521607,0.521680672629736,0.27,18,5.31,828.36,880.46,-2024.56,-1214.74,-148.4,0.26,0.5,0.3,0.2,34733.340000000004,-2507.2400000000002,-2.553197556008147,0.39714867617107935,0.23828920570264764,0.15885947046843177,0.02384913169882309,0.135,0.081,1.062,3.6,972.18,0.2057026476578411,0.635437881873727,-0.07218539881278334,35.370000000000005,0.8,-0.9512820512820513,-3239.3,780,0.7942973523421588
Thai,25651,Sakura House,Full-service,South Auckland,1.05,37.9,1714,385,14591.5,664,399,266,25165.6,15122.1,10081.4,0.378311446553562,0.536643758160062,0.3,16,4.72,1255.52,1240.93,-5409.48,-3250.57,-398.15,0.29,0.5,0.3,0.2,64960.6,-7817.269999999999,-4.560834305717619,0.38739789964994165,0.23278879813302217,0.15519253208868145,0.019327407690199905,0.15,0.09,0.944,3.2,1799.7,0.22462077012835474,0.6201866977829638,-0.12033863603476568,37.9,0.8,-1.4968045112781954,-8660.05,1329,0.7753792298716453
Thai,25908,Lotus Bistro,Ghost Kitchen,North Shore,1.03,38.79,1502,71,2754.09,716,429,286,27773.64,16640.91,11093.94,0.294298620906193,0.278156667167786,0.27,6,1.77,506.22,1177.5,4375.59,2621.69,4236.94,0.05,0.5,0.3,0.2,58262.58,12411.720000000001,8.263462050599202,0.4766977363515313,0.28561917443408785,0.1904127829560586,0.008688595664661606,0.135,0.081,0.35400000000000004,1.2000000000000002,1547.06,0.04727030625832224,0.7623169107856193,0.213030730873916,38.79,0.8,14.814475524475522,6997.280000000001,1431,0.9527296937416777
Thai,26300,Sakura Bistro,Cafe,West Auckland,1.04,42.78,672,72,3080.16,300,180,120,12834.0,7700.4,5133.6,0.210961750838906,0.360864102188498,0.29,10,2.95,354.0,1318.84,1773.33,1064.0,1844.07,0.12,0.5,0.3,0.2,28748.159999999996,6000.24,8.928928571428571,0.4464285714285715,0.2678571428571429,0.1785714285714286,0.012313831563480935,0.145,0.087,0.5900000000000001,2.0,698.88,0.10714285714285715,0.7142857142857144,0.20871735791090631,42.779999999999994,0.8,15.36725,2837.33,600,0.8928571428571429
Thai,25412,Red Diner,Full-service,CBD,0.99,31.91,1132,188,5999.08,472,283,189,15061.52,9030.53,6030.99,0.360180454456713,0.494264544453472,0.32,14,4.13,780.57,873.2,-2627.41,-1575.33,97.27,0.2,0.5,0.3,0.2,36122.119999999995,-3232.27,-2.8553621908127207,0.41696113074204955,0.25000000000000006,0.1669611307420495,0.02160919680240252,0.16,0.096,0.8260000000000001,2.8000000000000003,1120.68,0.16607773851590107,0.6669611307420497,-0.0894817358449615,31.909999999999997,0.8,0.5146560846560846,-4202.74,944,0.833922261484099
Thai,25291,Lotus Diner,QSR,South Auckland,1.05,36.1,521,55,1985.5,233,140,93,8411.3,5054.0,3357.3,0.233243496064097,0.365065242908895,0.31,10,2.95,274.35,797.56,771.24,463.41,1074.25,0.12,0.5,0.3,0.2,18808.1,3106.46,5.962495201535509,0.4472168905950096,0.2687140115163148,0.17850287907869483,0.014586800367926587,0.155,0.093,0.5900000000000001,2.0,547.0500000000001,0.10556621880998081,0.7159309021113244,0.16516607206469555,36.099999999999994,0.8,11.551075268817204,1234.65,466,0.8944337811900192
Thai,25912,Dragon Eatery,QSR,South Auckland,1.05,33.69,535,48,1617.12,244,146,97,8220.36,4918.74,3267.93,0.214890444949269,0.445244940463454,0.31,13,3.84,372.48,549.6,245.5,146.9,738.17,0.1,0.5,0.3,0.2,18024.149999999998,1680.17,3.1405046728971966,0.45607476635514027,0.27289719626168224,0.18130841121495328,0.02066560697730545,0.155,0.093,0.768,2.6,561.75,0.0897196261682243,0.7289719626168225,0.09321771068261196,33.69,0.8,7.609999999999999,392.4,487,0.9102803738317757
Thai,26060,Dragon Grill,Full-service,West Auckland,1.04,34.19,617,111,3795.09,253,152,101,8650.07,5196.88,3453.19,0.372022026230115,0.478175587556325,0.32,17,5.02,507.02,568.51,-1472.22,-884.5,10.28,0.22,0.5,0.3,0.2,21095.23,-1777.93,-2.8815721231766616,0.4100486223662885,0.24635332252836306,0.16369529983792544,0.024034817349704175,0.16,0.096,1.004,3.4000000000000004,641.6800000000001,0.17990275526742303,0.6564019448946515,-0.08428113843745719,34.19,0.8,0.10178217821782178,-2356.7200000000003,506,0.820097244732577
Thai,25901,Red Corner,Ghost Kitchen,North Shore,1.03,42.86,899,66,2828.76,416,250,167,17829.76,10715.0,7157.62,0.273968830623198,0.243197440577205,0.29,5,1.48,247.16,1365.82,3438.18,2066.21,3208.78,0.08,0.5,0.3,0.2,38531.14,10078.99,11.211334816462736,0.46273637374860954,0.27808676307007785,0.185761957730812,0.006414551970172697,0.145,0.087,0.296,1.0,925.97,0.07341490545050056,0.7408231368186874,0.261580373692551,42.86,0.8,19.21425149700599,5504.389999999999,833,0.9265850945494994
Thai,25093,Lotus House,Cafe,CBD,0.99,31.34,1447,119,3729.46,664,398,266,20809.76,12473.32,8336.44,0.254196326769888,0.394487718609162,0.31,3,0.89,236.74,1310.22,859.78,515.35,2691.98,0.09,0.5,0.3,0.2,45348.979999999996,5377.33,3.7161921216309604,0.4588804422944022,0.2750518313752592,0.18382861091914307,0.005220404075240502,0.155,0.093,0.17800000000000002,0.6000000000000001,1432.53,0.08223911541119558,0.7339322736696615,0.11857664714840335,31.339999999999996,0.8,10.120225563909775,1375.13,1328,0.9177608845888044
Thai,25782,Lotus House,Full-service,South Auckland,1.05,43.51,1123,163,7092.13,480,288,192,20884.8,12530.88,8353.92,0.358453105599619,0.468209247034974,0.27,14,4.13,792.96,1229.33,-2018.77,-1211.26,655.09,0.17,0.5,0.3,0.2,48861.729999999996,-1345.6100000000001,-1.1982279608192343,0.427426536064114,0.2564559216384684,0.1709706144256456,0.01622865174851566,0.135,0.081,0.8260000000000001,2.8000000000000003,1179.15,0.14514692787177205,0.6838824577025824,-0.02753913952698769,43.51,0.8,3.4119270833333335,-3230.0299999999997,960,0.8548530721282279
Thai,26187,Sakura Corner,Cafe,CBD,0.99,30.55,1005,99,3024.45,453,272,181,13839.15,8309.6,5529.55,0.273210553117096,0.424410239839926,0.32,10,2.95,533.95,914.53,-243.86,-146.42,1138.07,0.11,0.5,0.3,0.2,30702.749999999996,1662.32,1.654049751243781,0.45074626865671646,0.2706467661691543,0.1800995024875622,0.01739095032203956,0.16,0.096,0.5900000000000001,2.0,994.95,0.09850746268656717,0.7213930348258707,0.05414238138277516,30.549999999999997,0.8,6.28767955801105,-390.28,906,0.9014925373134328
Thai,25918,Sakura Corner,Cafe,CBD,0.99,32.66,1288,148,4833.68,570,342,228,18616.2,11169.72,7446.48,0.232183169946074,0.359768124553375,0.27,18,5.31,1210.68,1972.38,2569.94,1541.97,1827.85,0.13,0.5,0.3,0.2,42066.08,7912.139999999999,6.142965838509316,0.44254658385093165,0.265527950310559,0.17701863354037264,0.02878043307101589,0.135,0.081,1.062,3.6,1275.12,0.11490683229813665,0.7080745341614906,0.18808836002784188,32.660000000000004,0.8,8.01688596491228,4111.91,1140,0.8850931677018633
Thai,26310,Red Grill,QSR,West Auckland,1.04,37.74,675,55,2075.7,310,186,124,11699.4,7019.64,4679.76,0.252736609466374,0.430498163960874,0.28,5,1.48,183.52,657.51,430.13,258.08,1298.87,0.09,0.5,0.3,0.2,25474.5,2644.5899999999997,3.9179111111111107,0.45925925925925926,0.27555555555555555,0.1837037037037037,0.007204066811909949,0.14,0.084,0.296,1.0,702.0,0.08148148148148147,0.7348148148148148,0.10381322498969557,37.74,0.8,10.474758064516129,688.21,620,0.9185185185185185
Thai,26432,Dragon Corner,QSR,West Auckland,1.04,40.99,767,100,4099.0,334,200,133,13690.66,8198.0,5451.67,0.233901023175567,0.430628993362188,0.31,3,0.89,118.37,1375.09,348.7,208.8,1710.5,0.15,0.5,0.3,0.2,31439.33,3643.09,4.749791395045633,0.43546284224250326,0.2607561929595828,0.17340286831812254,0.0037650293438187135,0.155,0.093,0.17800000000000002,0.6000000000000001,797.6800000000001,0.1303780964797914,0.6962190352020861,0.11587683325312594,40.99,0.8,12.860902255639099,557.5,667,0.8696219035202086
Thai,26325,Red Tavern,Ghost Kitchen,North Shore,1.03,41.86,594,28,1172.08,283,170,113,11846.38,7116.2,4730.18,0.270292205282021,0.250429149204865,0.3,13,3.84,433.92,561.75,2123.8,1275.78,1833.15,0.05,0.5,0.3,0.2,24864.84,5794.48,9.755016835016834,0.47643097643097637,0.28619528619528617,0.19023569023569026,0.017451147885930496,0.15,0.09,0.768,2.6,611.82,0.04713804713804713,0.7626262626262625,0.23303910260431998,41.86,0.8,16.222566371681417,3399.58,566,0.9528619528619529
Thai,25342,Red Eatery,QSR,South Auckland,1.05,40.95,1693,167,6838.65,763,458,305,31244.85,18755.1,12489.75,0.276096988841891,0.361911601130851,0.31,4,1.18,359.9,2475.53,1624.46,975.1,4161.28,0.11,0.5,0.3,0.2,69328.35,9236.369999999999,5.455623154164205,0.4506792675723567,0.2705256940342587,0.18015357353809802,0.005191238504882923,0.155,0.093,0.236,0.8,1777.65,0.09864146485528646,0.7212049616066154,0.13322645065114053,40.95,0.8,13.643540983606556,2599.56,1526,0.9013585351447135
Thai,26394,Red House,Cafe,West Auckland,1.04,42.65,742,73,3113.45,334,201,134,14245.1,8572.65,5715.1,0.206470160987228,0.375823995005339,0.31,6,1.77,237.18,1300.51,1534.28,923.32,2150.05,0.11,0.5,0.3,0.2,31646.299999999996,5908.16,7.962479784366576,0.45013477088948795,0.27088948787061995,0.18059299191374667,0.007494715021977294,0.155,0.093,0.35400000000000004,1.2000000000000002,771.6800000000001,0.09838274932614556,0.7210242587601079,0.18669354711293265,42.64999999999999,0.8,16.045149253731346,2457.6,669,0.9016172506738545
Thai,25426,Golden Tavern,Full-service,South Auckland,1.05,33.36,1187,229,7639.44,479,287,192,15979.44,9574.32,6405.12,0.38310458236374,0.474600998777896,0.27,3,0.89,170.88,1087.05,-2040.66,-1222.69,740.53,0.24,0.5,0.3,0.2,39598.32,-1435.7700000000002,-1.2095787700084248,0.4035383319292334,0.2417860151642797,0.16175231676495366,0.004315334589952301,0.135,0.081,0.17800000000000002,0.6000000000000001,1246.3500000000001,0.19292333614153326,0.6453243470935132,-0.036258356415120645,33.36,0.8,3.8569270833333333,-3263.3500000000004,958,0.8070766638584668
Thai,25116,Lotus House,QSR,CBD,0.99,38.65,961,87,3362.55,437,262,175,16890.05,10126.3,6763.75,0.24779021307826,0.351301836851053,0.29,4,1.18,206.5,1348.07,1873.24,1123.09,2505.14,0.1,0.5,0.3,0.2,37142.649999999994,6849.539999999999,7.127513007284078,0.45473465140478675,0.2726326742976067,0.18210197710718004,0.005559646390335639,0.145,0.087,0.236,0.8,951.39,0.09053069719042665,0.7273673257023934,0.18441172075767345,38.64999999999999,0.8,14.315085714285713,2996.33,874,0.9094693028095734
Thai,26600,Golden Cafe,QSR,South Auckland,1.05,39.99,1260,114,4558.86,573,344,229,22914.27,13756.56,9157.71,0.215532008763403,0.354517742316239,0.28,16,4.72,1080.88,1960.08,3436.0,2062.8,2856.48,0.1,0.5,0.3,0.2,50387.4,10315.36,8.186793650793652,0.45476190476190476,0.273015873015873,0.1817460317460317,0.021451394594680418,0.14,0.084,0.944,3.2,1323.0,0.09047619047619047,0.7277777777777777,0.2047210215252226,39.99,0.8,12.473711790393013,5498.8,1146,0.9095238095238095
Thai,26478,Sakura House,Ghost Kitchen,CBD,0.99,39.09,1005,91,3557.19,457,274,183,17864.13,10710.66,7153.47,0.291196894482709,0.243826452852227,0.31,13,3.84,702.72,1654.01,2768.52,1659.9,2623.48,0.1,0.5,0.3,0.2,39285.45,8705.91,8.662597014925373,0.45472636815920403,0.272636815920398,0.182089552238806,0.017887538516168203,0.155,0.093,0.768,2.6,994.95,0.09054726368159205,0.7273631840796021,0.22160647262536132,39.089999999999996,0.8,14.335956284153006,4428.42,914,0.909452736318408
Thai,26522,Red Eatery,QSR,CBD,0.99,31.74,916,67,2126.58,424,255,170,13457.76,8093.7,5395.8,0.230271822419018,0.397118114680052,0.3,18,5.31,902.7,792.39,977.17,587.68,1107.83,0.08,0.5,0.3,0.2,29073.84,3465.0699999999997,3.78282751091703,0.462882096069869,0.27838427947598254,0.18558951965065504,0.031048530225109585,0.15,0.09,1.062,3.6,906.84,0.07314410480349345,0.7412663755458515,0.11918171111899906,31.74,0.8,6.516647058823529,1564.85,849,0.9268558951965066
Thai,26239,Red Tavern,Ghost Kitchen,North Shore,1.03,36.32,708,52,1888.64,328,197,131,11912.96,7155.04,4757.92,0.287703667557798,0.282979661610443,0.32,12,3.54,463.74,810.82,1302.29,782.17,1578.91,0.08,0.5,0.3,0.2,25714.559999999998,4474.1900000000005,6.319477401129944,0.4632768361581921,0.2782485875706215,0.18502824858757064,0.018034140969162997,0.16,0.096,0.7080000000000001,2.4000000000000004,729.24,0.07344632768361584,0.7415254237288136,0.17399442183727823,36.31999999999999,0.8,12.052748091603053,2084.46,656,0.9265536723163842
Thai,25606,Sakura Cafe,Full-service,CBD,0.99,34.87,1181,299,10426.13,441,265,176,15377.67,9240.55,6137.12,0.394711547996849,0.517918030405417,0.31,15,4.43,779.68,910.94,-3423.52,-2057.22,-243.48,0.34,0.5,0.3,0.2,41181.47,-4813.279999999999,-4.075596951735816,0.37341236240474174,0.22438611346316678,0.14902624894157493,0.018932787003475105,0.155,0.093,0.886,3.0,1169.19,0.25317527519051647,0.5977984758679086,-0.11687975198554104,34.87,0.8,-1.3834090909090908,-5480.74,882,0.7468247248094835
Thai,26174,Golden Grill,Ghost Kitchen,CBD,0.99,38.21,1168,44,1681.24,562,337,225,21474.02,12876.77,8597.25,0.268919454631396,0.332449844502844,0.29,5,1.48,333.0,670.19,2332.74,1398.81,3094.13,0.04,0.5,0.3,0.2,44629.28,7495.87,6.417696917808219,0.48116438356164387,0.288527397260274,0.19263698630136986,0.007461469241717545,0.145,0.087,0.296,1.0,1156.32,0.03767123287671233,0.7696917808219178,0.16795856890364352,38.21,0.8,13.75168888888889,3731.5499999999997,1124,0.9623287671232876
Thai,26647,Dragon Grill,Full-service,South Auckland,1.05,38.63,1685,257,9927.91,714,428,286,27581.82,16533.64,11048.18,0.392217968113255,0.525533310719766,0.28,10,2.95,843.7,816.56,-5454.34,-3269.55,65.0,0.18,0.5,0.3,0.2,65091.549999999996,-7842.330000000001,-4.6542017804154305,0.42373887240356084,0.2540059347181009,0.16973293768545997,0.012961743882270435,0.14,0.084,0.5900000000000001,2.0,1769.25,0.15252225519287835,0.6777448071216617,-0.12048153715804895,38.629999999999995,0.8,0.22727272727272727,-8723.89,1428,0.8474777448071217
Thai,25313,Lotus Diner,Full-service,CBD,0.99,36.98,1561,387,14311.26,587,352,235,21707.26,13016.96,8690.3,0.350269815477077,0.54885011499282,0.33,5,1.48,347.8,1443.72,-4973.57,-2982.44,528.88,0.33,0.5,0.3,0.2,57725.78,-5983.409999999999,-3.8330621396540674,0.376040999359385,0.22549647661755284,0.15054452274183214,0.006025037686801287,0.165,0.099,0.296,1.0,1545.3899999999999,0.24791800128122998,0.6015374759769379,-0.10365230231622681,36.98,0.8,2.2505531914893617,-7956.01,1174,0.75208199871877
Thai,26081,Lotus Grill,Cafe,North Shore,1.03,30.92,865,71,2195.32,397,238,159,12275.24,7358.96,4916.28,0.261253972500563,0.383562794397585,0.3,17,5.02,798.18,779.74,677.39,406.09,948.0,0.09,0.5,0.3,0.2,26745.8,2811.2200000000003,3.2499653179190755,0.45895953757225433,0.27514450867052026,0.1838150289017341,0.029843190332687747,0.15,0.09,1.004,3.4000000000000004,890.95,0.08208092485549134,0.7341040462427746,0.10510883951872818,30.919999999999998,0.8,5.962264150943396,1083.48,794,0.9179190751445087
Thai,25921,Red Bistro,Full-service,CBD,0.99,33.68,1135,219,7375.92,458,275,183,15425.44,9262.0,6163.44,0.358628504048102,0.451201858278364,0.31,10,2.95,539.85,1402.68,-1848.44,-1109.87,632.25,0.24,0.5,0.3,0.2,38226.8,-923.3799999999999,-0.8135506607929515,0.40352422907488983,0.24229074889867838,0.16123348017621142,0.0141222911674532,0.155,0.093,0.5900000000000001,2.0,1123.65,0.19295154185022026,0.6458149779735682,-0.024155304655372665,33.68,0.8,3.4549180327868854,-2958.31,916,0.8070484581497798
Thai,25842,Lotus Tavern,Full-service,West Auckland,1.04,38.56,1900,438,16889.28,731,439,292,28187.36,16927.84,11259.52,0.389111204701476,0.543804642232135,0.3,7,2.07,604.44,1133.0,-6565.28,-3942.76,150.9,0.3,0.5,0.3,0.2,73264.0,-9224.140000000001,-4.85481052631579,0.38473684210526315,0.23105263157894737,0.15368421052631578,0.008250163791220792,0.15,0.09,0.414,1.4000000000000001,1976.0,0.23052631578947366,0.6157894736842104,-0.125902762611924,38.56,0.8,0.5167808219178083,-10508.04,1462,0.7694736842105263
Thai,25236,Golden Grill,Cafe,CBD,0.99,39.5,1086,116,4582.0,485,291,194,19157.5,11494.5,7663.0,0.23497275615111,0.369798991899006,0.3,6,1.77,343.38,1810.94,1824.34,1094.6,2685.25,0.12,0.5,0.3,0.2,42897.0,7415.129999999999,6.827928176795579,0.44659300184162065,0.26795580110497236,0.17863720073664824,0.008004755577313099,0.15,0.09,0.35400000000000004,1.2000000000000002,1075.14,0.10681399631675875,0.714548802946593,0.17285894118469822,39.5,0.8,13.841494845360824,2918.9399999999996,970,0.8931860036832413
Thai,26423,Lotus House,Cafe,CBD,0.99,36.86,1349,133,4902.38,608,365,243,22410.88,13453.9,8956.98,0.256028139591217,0.353140121372417,0.28,12,3.54,860.22,1916.01,2483.84,1491.12,2640.45,0.11,0.5,0.3,0.2,49724.14,8531.42,6.324255003706449,0.4507042253521127,0.27057079318013344,0.18013343217197925,0.01729984671429209,0.14,0.084,0.7080000000000001,2.4000000000000004,1335.51,0.09859154929577466,0.7212750185322461,0.1715750136653947,36.86,0.8,10.86604938271605,3974.96,1216,0.9014084507042254
Thai,25198,Dragon Cafe,Full-service,North Shore,1.03,40.46,1850,370,14970.2,740,444,296,29940.4,17964.24,11976.16,0.386763494659681,0.459050244092941,0.29,7,2.07,612.72,2308.2,-4066.32,-2439.79,1233.84,0.25,0.5,0.3,0.2,74851.00000000001,-2964.0699999999997,-1.6021999999999998,0.39999999999999997,0.23999999999999996,0.15999999999999998,0.008185862580326247,0.145,0.087,0.414,1.4000000000000001,1905.5,0.19999999999999998,0.6399999999999999,-0.03959960454770142,40.46000000000001,0.8,4.168378378378378,-6506.110000000001,1480,0.8
Thai,26639,Golden Bistro,QSR,CBD,0.99,37.71,1618,147,5543.37,736,441,294,27754.56,16630.11,11086.74,0.267845281902701,0.380784003227018,0.28,15,4.43,1302.42,1947.78,1980.86,1186.9,2593.14,0.1,0.5,0.3,0.2,61014.78,7708.68,4.764326328800989,0.45488257107540175,0.2725587144622991,0.18170580964153277,0.021345975516096266,0.14,0.084,0.886,3.0,1601.82,0.09085290482076638,0.7274412855377008,0.12634119142935532,37.71,0.8,8.820204081632653,3167.76,1471,0.9091470951792336
Thai,25685,Sakura Corner,Ghost Kitchen,South Auckland,1.05,31.57,1355,111,3504.27,622,373,249,19636.54,11775.61,7860.93,0.268727282772306,0.329294815403409,0.27,16,4.72,1175.28,1408.64,2591.59,1554.12,1984.64,0.09,0.5,0.3,0.2,42777.35,7538.990000000001,5.563830258302583,0.4590405904059041,0.2752767527675277,0.1837638376383764,0.02747435266560458,0.135,0.081,0.944,3.2,1422.75,0.08191881918819188,0.7343173431734318,0.17623789224905237,31.57,0.8,7.970441767068274,4145.71,1244,0.9180811808118081
Thai,25808,Golden Tavern,Cafe,North Shore,1.03,34.21,1169,134,4584.14,518,310,207,17720.78,10605.1,7081.47,0.225179227944464,0.410976771847345,0.29,11,3.25,672.75,1667.91,1308.57,783.12,1903.8,0.13,0.5,0.3,0.2,39991.49,5663.4,4.844653550042771,0.4431137724550898,0.2651839178785287,0.17707442258340464,0.016822328950484217,0.145,0.087,0.65,2.2,1204.07,0.11462788708297691,0.7082976903336184,0.1416151286186136,34.21,0.8,9.197101449275362,2091.69,1035,0.8853721129170231
Thai,25214,Lotus Tavern,Full-service,North Shore,1.03,37.89,1320,304,11518.56,508,305,203,19248.12,11556.45,7691.67,0.380722508241888,0.533049141638912,0.31,4,1.18,239.54,993.23,-4307.18,-2586.01,423.7,0.3,0.5,0.3,0.2,50014.8,-5476.260000000001,-4.148681818181819,0.38484848484848483,0.23106060606060605,0.15378787878787878,0.004789382342826523,0.155,0.093,0.236,0.8,1359.6000000000001,0.2303030303030303,0.6159090909090909,-0.10949279013412032,37.89,0.8,2.087192118226601,-6893.1900000000005,1016,0.7696969696969697
Thai,25135,Sakura Cafe,Cafe,West Auckland,1.04,36.18,1261,114,4124.52,574,344,229,20767.32,12445.92,8285.22,0.269087496716529,0.398620193707757,0.32,17,5.02,1149.58,1370.55,255.28,152.99,1603.53,0.1,0.5,0.3,0.2,45622.98,3382.35,2.682275971451229,0.4551942902458366,0.2727993655828707,0.18160190325138775,0.025197389561137828,0.16,0.096,1.004,3.4000000000000004,1311.44,0.09040444091990484,0.7279936558287072,0.07413698096880124,36.18,0.8,7.002314410480349,408.27,1147,0.9095955590800952
Thai,25203,Golden Kitchen,Cafe,North Shore,1.03,44.67,452,37,1652.79,208,124,83,9291.36,5539.08,3707.61,0.208990756869316,0.391666815057397,0.3,7,2.07,171.81,660.03,923.03,550.27,1308.8,0.09,0.5,0.3,0.2,20190.840000000004,3442.13,7.61533185840708,0.4601769911504424,0.27433628318584063,0.18362831858407078,0.008509304219140956,0.15,0.09,0.414,1.4000000000000001,465.56,0.081858407079646,0.7345132743362831,0.17047978192091065,44.67000000000001,0.8,15.76867469879518,1473.3,415,0.918141592920354
Thai,25338,Dragon Bistro,Full-service,North Shore,1.03,46.08,1209,293,13501.44,458,275,183,21104.64,12672.0,8432.64,0.361146417004056,0.466962073650211,0.32,3,0.89,162.87,2320.78,-3125.78,-1876.83,1286.63,0.32,0.5,0.3,0.2,55710.72,-1395.1999999999998,-1.1540115798180313,0.3788254755996691,0.22746071133167906,0.15136476426799006,0.0029234947959746347,0.16,0.096,0.17800000000000002,0.6000000000000001,1245.27,0.24234904880066171,0.6062861869313482,-0.025043654075912136,46.08,0.8,7.030765027322405,-5002.610000000001,916,0.7576509511993383
Thai,26038,Red Kitchen,Cafe,CBD,0.99,42.85,1675,205,8784.25,735,441,294,31494.75,18896.85,12597.9,0.234117302410305,0.386677667917684,0.29,13,3.84,1128.96,3331.03,2809.49,1685.69,3648.23,0.14,0.5,0.3,0.2,71773.75,11474.44,6.850411940298508,0.4388059701492537,0.2632835820895522,0.1755223880597015,0.015729427541406157,0.145,0.087,0.768,2.6,1658.25,0.12238805970149254,0.702089552238806,0.15986959020533273,42.85,0.8,12.408945578231293,4495.18,1470,0.8776119402985074
Thai,25341,Golden Diner,Cafe,West Auckland,1.04,46.74,1656,136,6356.64,760,456,304,35522.4,21313.44,14208.96,0.248992300499231,0.362152523640543,0.32,6,1.77,538.08,2471.81,2445.9,1467.54,4987.15,0.09,0.5,0.3,0.2,77401.44,11372.4,6.867391304347826,0.45893719806763283,0.2753623188405797,0.18357487922705312,0.006951808648521268,0.16,0.096,0.35400000000000004,1.2000000000000002,1722.24,0.0821256038647343,0.7342995169082125,0.14692749902327398,46.74,0.8,16.405098684210525,3913.44,1520,0.9178743961352657
Thai,26402,Golden Bistro,QSR,West Auckland,1.04,33.08,1596,131,4333.48,732,440,293,24214.56,14555.2,9692.44,0.204263630658388,0.401772221014835,0.32,14,4.13,1210.09,1707.24,1791.01,1076.56,2608.38,0.09,0.5,0.3,0.2,52795.68000000001,7183.19,4.500745614035088,0.45864661654135336,0.2756892230576441,0.18358395989974935,0.02292024650501707,0.16,0.096,0.8260000000000001,2.8000000000000003,1659.8400000000001,0.08208020050125311,0.7343358395989974,0.13605639703854555,33.080000000000005,0.8,8.902320819112628,2867.5699999999997,1465,0.9179197994987469
Thai,25209,Lotus Cafe,QSR,West Auckland,1.04,40.15,756,62,2489.3,347,208,139,13932.05,8351.2,5580.85,0.244963588509709,0.359863575082272,0.31,13,3.84,533.76,983.7,1186.63,711.3,1671.64,0.09,0.5,0.3,0.2,30353.4,4553.27,6.022843915343916,0.45899470899470896,0.2751322751322751,0.18386243386243387,0.01758485046156279,0.155,0.093,0.768,2.6,786.24,0.082010582010582,0.7341269841269841,0.15000856576199043,40.15,0.8,12.026187050359713,1897.93,694,0.917989417989418
Thai,25951,Sakura Grill,Cafe,CBD,0.99,32.74,1350,165,5402.1,592,356,237,19382.08,11655.44,7759.38,0.279972081128508,0.352566042984836,0.32,17,5.02,1189.74,1985.07,919.91,553.19,1661.54,0.14,0.5,0.3,0.2,44199.0,5119.71,3.792377777777778,0.4385185185185186,0.2637037037037037,0.17555555555555555,0.02691780357021652,0.16,0.096,1.004,3.4000000000000004,1336.5,0.12222222222222223,0.7022222222222223,0.11583316364623635,32.74,0.8,7.010717299578059,1473.1,1185,0.8777777777777778
Thai,25588,Sakura Bistro,Full-service,CBD,0.99,31.28,1317,319,9978.32,499,299,200,15608.72,9352.72,6256.0,0.37516425056383,0.50182822458446,0.32,15,4.43,886.0,1227.41,-3074.8,-1842.42,-116.46,0.32,0.5,0.3,0.2,41195.76,-3806.2700000000004,-2.8901063022019744,0.3788914198936978,0.22703113135914957,0.15186028853454822,0.021507067717648612,0.16,0.096,0.886,3.0,1303.83,0.2422171602126044,0.6059225512528473,-0.0923947027558176,31.28,0.8,-0.5822999999999999,-4917.22,998,0.7577828397873956
Thai,25723,Lotus Diner,Full-service,West Auckland,1.04,35.54,1278,247,8778.38,516,309,206,18338.64,10981.86,7321.24,0.380787803209387,0.522619983111508,0.28,15,4.43,912.58,847.92,-3363.45,-2014.16,-205.41,0.24,0.5,0.3,0.2,45420.119999999995,-4735.099999999999,-3.70508607198748,0.403755868544601,0.2417840375586855,0.161189358372457,0.020091976859594386,0.14,0.084,0.886,3.0,1329.1200000000001,0.19327073552425666,0.6455399061032865,-0.10425115565524706,35.54,0.8,-0.9971359223300971,-5377.61,1031,0.8067292644757433
Thai,25293,Dragon House,QSR,North Shore,1.03,34.17,1171,116,3963.72,528,316,211,18041.76,10797.72,7209.87,0.249835725575686,0.395018262113444,0.29,9,2.66,561.26,1407.7,1175.35,703.43,1999.3,0.11,0.5,0.3,0.2,40013.07,5285.78,4.513902647309991,0.45089666951323654,0.26985482493595214,0.18018787361229718,0.014026916704966651,0.145,0.087,0.532,1.8,1206.13,0.09906063193851408,0.7207514944491886,0.13210133588849843,34.17,0.8,9.475355450236966,1878.7799999999997,1055,0.9009393680614859
Thai,26575,Red Cafe,QSR,North Shore,1.03,40.54,713,87,3526.98,313,188,125,12689.02,7621.52,5067.5,0.227850398011506,0.357296079862863,0.28,11,3.25,406.25,1463.18,1711.16,1027.79,1696.02,0.14,0.5,0.3,0.2,28905.02,5898.15,8.272300140252455,0.43899018232819076,0.26367461430575034,0.1753155680224404,0.014054652098493619,0.14,0.084,0.65,2.2,734.39,0.12201963534361851,0.7026647966339411,0.20405279083010494,40.54,0.8,13.56816,2738.95,626,0.8779803646563815
Thai,25915,Dragon Corner,QSR,West Auckland,1.04,35.71,661,54,1928.34,304,182,121,10855.84,6499.22,4320.91,0.259329587239772,0.445680566015653,0.29,17,5.02,607.42,568.84,54.17,32.43,667.2,0.09,0.5,0.3,0.2,23604.31,1322.6399999999999,2.000968229954614,0.4599092284417549,0.27534039334341903,0.18305597579425112,0.02573343596995633,0.145,0.087,1.004,3.4000000000000004,687.44,0.08169440242057488,0.735249621785174,0.056033834498869055,35.71,0.8,5.51404958677686,86.6,607,0.9183055975794251
Thai,25565,Red Bistro,Full-service,CBD,0.99,40.18,629,113,4540.34,258,155,103,10366.44,6227.9,4138.54,0.384402006084565,0.475210898020305,0.3,13,3.84,395.52,637.41,-1654.62,-994.05,185.48,0.22,0.5,0.3,0.2,25273.22,-1825.7799999999997,-2.9026709062003175,0.41017488076311603,0.24642289348171698,0.16375198728139903,0.015649766828287014,0.15,0.09,0.768,2.6,622.71,0.17965023847376788,0.656597774244833,-0.0722416850721831,40.18,0.8,1.800776699029126,-2648.67,516,0.8203497615262321
Thai,25594,Golden Grill,QSR,South Auckland,1.05,31.8,801,79,2512.2,361,217,144,11479.8,6900.6,4579.2,0.243598114158958,0.448296406795271,0.32,12,3.54,509.76,774.02,-136.55,-82.08,901.12,0.11,0.5,0.3,0.2,25471.8,1456.51,1.8183645443196006,0.45068664169787764,0.27091136079900124,0.1797752808988764,0.020012719949120204,0.16,0.096,0.7080000000000001,2.4000000000000004,841.0500000000001,0.09862671660424469,0.721598002496879,0.05718127497860379,31.8,0.8,6.257777777777778,-218.63,722,0.9013732833957553
Thai,25311,Dragon Cafe,Cafe,West Auckland,1.04,42.59,1247,133,5664.47,557,334,223,23722.63,14225.06,9497.57,0.235793831255287,0.442919370369054,0.33,5,1.48,330.04,1819.92,-206.7,-123.95,2721.4,0.12,0.5,0.3,0.2,53109.73,4210.67,3.3766399358460304,0.4466720128307939,0.26784282277465915,0.1788291900561347,0.006214303857315788,0.165,0.099,0.296,1.0,1296.88,0.10665597433841219,0.714514835605453,0.07928245916520381,42.59,0.8,12.203587443946189,-330.65,1114,0.8933440256615878
Thai,26413,Dragon Cafe,Full-service,North Shore,1.03,35.9,1185,229,8221.1,478,287,191,17160.2,10303.3,6856.9,0.390984164085239,0.477837195829488,0.33,5,1.48,282.68,1078.43,-3411.81,-2048.52,616.8,0.24,0.5,0.3,0.2,42541.50000000001,-3765.0999999999995,-3.1772995780590714,0.4033755274261603,0.24219409282700416,0.16118143459915607,0.006644805660355181,0.165,0.099,0.296,1.0,1220.55,0.1932489451476793,0.6455696202531644,-0.08850416651975128,35.900000000000006,0.8,3.2293193717277484,-5460.33,956,0.8067510548523207
Thai,26485,Red Grill,Ghost Kitchen,CBD,0.99,31.58,1534,100,3158.0,717,430,287,22642.86,13579.4,9063.46,0.250799026736058,0.21826532818377,0.33,7,2.07,594.09,1676.69,4549.76,2728.59,4218.02,0.07,0.5,0.3,0.2,48443.72,13173.060000000001,8.587392438070404,0.46740547588005216,0.28031290743155146,0.18709256844850064,0.012263509078163278,0.165,0.099,0.414,1.4000000000000001,1518.66,0.0651890482398957,0.7477183833116037,0.27192502970457266,31.580000000000002,0.8,14.69693379790941,7278.35,1434,0.9348109517601043
Thai,25870,Lotus House,Cafe,CBD,0.99,33.31,694,74,2464.94,310,186,124,10326.1,6195.66,4130.44,0.266672136988491,0.393121137120761,0.3,12,3.54,438.96,838.59,415.18,249.11,966.24,0.12,0.5,0.3,0.2,23117.14,2469.12,3.557809798270893,0.44668587896253603,0.2680115273775216,0.1786743515850144,0.018988508093994327,0.15,0.09,0.7080000000000001,2.4000000000000004,687.06,0.10662824207492796,0.7146974063400577,0.10680906029033004,33.31,0.8,7.792258064516129,664.29,620,0.8933717579250721
Thai,25101,Sakura Corner,Cafe,South Auckland,1.05,35.34,516,63,2226.42,226,136,91,7986.84,4806.24,3215.94,0.251578906457871,0.360658101085573,0.31,11,3.25,295.75,863.32,621.08,373.75,951.27,0.14,0.5,0.3,0.2,18235.44,2809.42,5.444612403100775,0.43798449612403106,0.26356589147286824,0.17635658914728683,0.016218418639747656,0.155,0.093,0.65,2.2,541.8000000000001,0.12209302325581396,0.7015503875968992,0.15406373523205363,35.339999999999996,0.8,10.453516483516482,994.83,453,0.877906976744186
Thai,26327,Golden Corner,Cafe,West Auckland,1.04,38.9,1433,118,4590.2,658,394,263,25596.2,15326.6,10230.7,0.204770706277341,0.396094513707794,0.3,18,5.31,1396.53,1832.11,2537.47,1519.4,2686.9,0.09,0.5,0.3,0.2,55743.7,8575.88,5.984563852058618,0.45917655268667135,0.2749476622470342,0.1835310537334264,0.025052696537904734,0.15,0.09,1.062,3.6,1490.3200000000002,0.08234473133286811,0.7341242149337056,0.15384482910176395,38.9,0.8,10.216349809885932,4056.87,1315,0.9176552686671319
Thai,25978,Lotus Kitchen,QSR,South Auckland,1.05,38.31,792,84,3218.04,354,212,142,13561.74,8121.72,5440.02,0.211391042992473,0.430094910576008,0.3,10,2.95,418.9,1153.71,793.55,475.23,1531.42,0.12,0.5,0.3,0.2,30341.52,3953.91,4.992310606060606,0.44696969696969696,0.2676767676767677,0.1792929292929293,0.013806163962781033,0.15,0.09,0.5900000000000001,2.0,831.6,0.10606060606060606,0.7146464646464646,0.13031351099087982,38.31,0.8,10.784647887323944,1268.78,708,0.8939393939393939
Thai,26290,Dragon Corner,Cafe,South Auckland,1.05,43.61,1194,98,4273.78,548,329,219,23898.28,14347.69,9550.59,0.274733711369336,0.351069266162813,0.32,4,1.18,258.42,1599.24,1295.22,777.6,3315.38,0.09,0.5,0.3,0.2,52070.34,6987.4400000000005,5.85212730318258,0.45896147403685095,0.27554438860971525,0.1834170854271357,0.004962902105113968,0.16,0.096,0.236,0.8,1253.7,0.08207705192629816,0.7345058626465663,0.13419232522775923,43.61,0.8,15.138721461187215,2072.82,1096,0.9179229480737019
Thai,26396,Lotus House,Full-service,CBD,0.99,30.74,1746,433,13310.42,656,394,263,20165.44,12111.56,8084.62,0.38678893026663,0.52787255498115,0.32,11,3.25,854.75,1135.89,-4732.05,-2842.12,-164.82,0.33,0.5,0.3,0.2,53672.04,-6603.099999999999,-3.78184421534937,0.3757159221076746,0.22565864833906069,0.15063001145475372,0.015925424112815535,0.16,0.096,0.65,2.2,1728.54,0.2479954180985109,0.6013745704467354,-0.12302681247070169,30.740000000000002,0.8,-0.6266920152091254,-7574.17,1313,0.7520045819014891
Thai,26071,Golden Corner,Full-service,North Shore,1.03,40.31,1451,335,13503.85,558,335,223,22492.98,13503.85,8989.13,0.385566011711489,0.471848599566147,0.31,17,5.02,1119.46,1925.45,-3765.65,-2260.74,162.26,0.3,0.5,0.3,0.2,58489.81,-3938.6799999999994,-2.714458993797381,0.38456237077877325,0.2308752584424535,0.15368711233631976,0.019139402230918517,0.155,0.093,1.004,3.4000000000000004,1494.53,0.2308752584424535,0.6154376292212268,-0.06733959299919079,40.309999999999995,0.8,0.7276233183856502,-6026.389999999999,1116,0.7691247415575465
Thai,25848,Dragon Diner,QSR,West Auckland,1.04,43.98,704,58,2550.84,323,194,129,14205.54,8532.12,5673.42,0.260760234650224,0.382037406414747,0.31,15,4.43,571.47,911.17,670.53,402.74,1455.09,0.09,0.5,0.3,0.2,30961.92,3439.5299999999997,4.885696022727273,0.45880681818181823,0.2755681818181819,0.18323863636363638,0.01845718870147588,0.155,0.093,0.886,3.0,732.1600000000001,0.08238636363636365,0.7343750000000001,0.11108904098970607,43.98,0.8,11.279767441860464,1073.27,646,0.9176136363636364
Thai,25151,Sakura House,Full-service,CBD,0.99,43.54,754,178,7750.12,288,173,115,12539.52,7532.42,5007.1,0.382122564758174,0.49737748731859,0.31,12,3.54,407.1,933.89,-2376.24,-1427.39,196.26,0.31,0.5,0.3,0.2,32829.159999999996,-2673.4799999999996,-3.5457294429708215,0.3819628647214855,0.22944297082228118,0.15251989389920428,0.012400560964703333,0.155,0.093,0.7080000000000001,2.4000000000000004,746.46,0.2360742705570292,0.6114058355437667,-0.08143613787254989,43.53999999999999,0.8,1.7066086956521738,-3803.63,576,0.7639257294429708
Thai,25970,Red Grill,Cafe,West Auckland,1.04,44.75,1487,182,8144.5,652,392,261,29177.0,17542.0,11679.75,0.254748364854604,0.358959943195805,0.29,13,3.84,1002.24,3146.15,2809.5,1689.15,3509.55,0.14,0.5,0.3,0.2,66543.25,11154.349999999999,7.501244115669132,0.43846671149966376,0.2636180228648285,0.17552118359112306,0.015061482569606986,0.145,0.087,0.768,2.6,1546.48,0.12239408204438466,0.7020847343644923,0.16762556683059512,44.75,0.8,13.446551724137931,4498.65,1305,0.8776059179556154
Thai,26281,Dragon Grill,QSR,South Auckland,1.05,41.14,1111,127,5224.78,492,295,197,20240.88,12136.3,8104.58,0.278928129058331,0.411105664283968,0.28,16,4.72,929.84,1619.51,606.54,363.68,1582.31,0.13,0.5,0.3,0.2,45706.54,4172.04,3.7552115211521153,0.44284428442844287,0.2655265526552655,0.1773177317731773,0.020343696985157922,0.14,0.084,0.944,3.2,1166.55,0.1143114311431143,0.7083708370837084,0.09127884105863186,41.14,0.8,8.032030456852791,970.22,984,0.8856885688568857
Thai,25302,Lotus Diner,QSR,West Auckland,1.04,38.7,643,47,1818.9,298,179,119,11532.6,6927.3,4605.3,0.260166933685541,0.37240848634392,0.33,11,3.25,386.75,668.31,431.6,259.25,1305.35,0.08,0.5,0.3,0.2,24884.1,2664.5099999999998,4.143872472783825,0.46345256609642305,0.2783825816485226,0.1850699844479005,0.015542052957511023,0.165,0.099,0.65,2.2,668.72,0.07309486780715398,0.7418351477449456,0.1070768080822694,38.699999999999996,0.8,10.969327731092436,690.85,596,0.926905132192846
Thai,26314,Red Corner,QSR,West Auckland,1.04,35.07,1689,194,6803.58,748,448,299,26232.36,15711.36,10485.93,0.266547035556287,0.411295226425864,0.27,15,4.43,1324.57,2191.83,1368.22,819.47,2053.55,0.13,0.5,0.3,0.2,59233.23,6433.070000000001,3.808804026050918,0.4428656009473061,0.26524570751924215,0.17702782711663706,0.022361941092862905,0.135,0.081,0.886,3.0,1756.5600000000002,0.11486086441681467,0.7081113084665482,0.1086057606515802,35.07,0.8,6.868060200668897,2187.69,1495,0.8851391355831854
Thai,26260,Sakura Corner,Cafe,South Auckland,1.05,34.44,1205,119,4098.36,543,326,217,18700.92,11227.44,7473.48,0.269214967098087,0.356105331284925,0.31,18,5.31,1152.27,1535.57,1209.57,726.19,1647.89,0.11,0.5,0.3,0.2,41500.2,5119.22,4.248315352697095,0.45062240663900416,0.27053941908713697,0.18008298755186722,0.027765408359477786,0.155,0.093,1.062,3.6,1265.25,0.0987551867219917,0.7211618257261412,0.12335410431756957,34.44,0.8,7.593963133640553,1935.76,1086,0.9012448132780083
Thai,25922,Sakura Grill,QSR,West Auckland,1.04,45.65,809,93,4245.45,358,215,143,16342.7,9814.75,6527.95,0.246918834149838,0.365987624414265,0.31,17,5.02,717.86,1643.39,1259.92,756.65,1809.07,0.13,0.5,0.3,0.2,36930.85,5469.030000000001,6.7602348578491975,0.442521631644005,0.2657601977750309,0.17676143386897405,0.0194379495733242,0.155,0.093,1.004,3.4000000000000004,841.36,0.11495673671199011,0.708281829419036,0.14808838680940192,45.65,0.8,12.65083916083916,2016.5700000000002,716,0.8850432632880099
Thai,25647,Sakura Kitchen,Full-service,West Auckland,1.04,36.37,1227,245,8910.65,491,295,196,17857.67,10729.15,7128.52,0.395507183438167,0.525198788824491,0.28,6,1.77,346.92,706.56,-3584.14,-2153.4,218.33,0.25,0.5,0.3,0.2,44625.990000000005,-4812.65,-3.922290138549307,0.400162999185004,0.24042379788101056,0.15973920130399347,0.007773945183064845,0.14,0.084,0.35400000000000004,1.2000000000000002,1276.0800000000002,0.19967400162999183,0.6405867970660146,-0.10784410609153991,36.370000000000005,0.8,1.1139285714285716,-5737.54,982,0.8003259983700082
Thai,26412,Lotus Bistro,Ghost Kitchen,North Shore,1.03,45.81,487,31,1420.11,228,137,91,10444.68,6275.97,4168.71,0.256343027215917,0.218021783290897,0.3,17,5.02,456.82,746.46,2356.69,1416.08,1734.4,0.07,0.5,0.3,0.2,22309.47,6253.629999999999,12.84112936344969,0.4681724845995893,0.2813141683778234,0.1868583162217659,0.02047650616531903,0.15,0.09,1.004,3.4000000000000004,501.61,0.06365503080082134,0.7494866529774128,0.28031279990066993,45.81,0.8,19.05934065934066,3772.77,456,0.9363449691991786
Thai,26275,Dragon Bistro,Ghost Kitchen,North Shore,1.03,44.2,956,62,2740.4,447,268,179,19757.4,11845.6,7911.8,0.288360495201778,0.223345705796964,0.3,17,5.02,898.58,1338.12,3720.2,2230.45,2964.7,0.07,0.5,0.3,0.2,42255.200000000004,10253.47,10.725387029288703,0.4675732217573222,0.28033472803347276,0.18723849372384935,0.021265548382210946,0.15,0.09,1.004,3.4000000000000004,984.6800000000001,0.06485355648535564,0.7479079497907949,0.2426558151422783,44.2,0.8,16.562569832402232,5950.65,894,0.9351464435146444
Thai,26454,Dragon Corner,QSR,South Auckland,1.05,44.72,758,62,2772.64,348,209,139,15562.56,9346.48,6216.08,0.240116411745548,0.410383798158728,0.32,5,1.48,205.72,969.04,459.09,275.72,1966.8,0.09,0.5,0.3,0.2,33897.76,3670.6499999999996,4.84254617414248,0.45910290237467016,0.2757255936675461,0.183377308707124,0.006068837586908397,0.16,0.096,0.296,1.0,795.9,0.08179419525065962,0.7348284960422163,0.10828591623753309,44.720000000000006,0.8,14.149640287769785,734.81,696,0.9182058047493403
Thai,25699,Golden Corner,Cafe,North Shore,1.03,36.98,1084,124,4585.52,480,288,192,17750.4,10650.24,7100.16,0.27414901977405,0.380040635610931,0.28,5,1.48,284.16,1585.72,1168.16,700.9,2171.15,0.13,0.5,0.3,0.2,40086.32000000001,5625.93,5.189972324723247,0.4428044280442804,0.2656826568265682,0.17712177121771214,0.007088702579832721,0.14,0.084,0.296,1.0,1116.52,0.1143911439114391,0.7084870848708485,0.1403453846599039,36.980000000000004,0.8,11.308072916666667,1869.06,960,0.8856088560885609
Thai,26388,Lotus Grill,Full-service,West Auckland,1.04,33.91,1284,186,6307.26,549,329,220,18616.59,11156.39,7460.2,0.36204373948276,0.524470240133815,0.28,15,4.43,974.6,715.79,-3099.92,-1857.69,-127.97,0.17,0.5,0.3,0.2,43540.439999999995,-4369.79,-3.4032632398753893,0.427570093457944,0.2562305295950156,0.17133956386292837,0.022383788496395537,0.14,0.084,0.886,3.0,1335.3600000000001,0.14485981308411217,0.6838006230529595,-0.10036164081024447,33.91,0.8,-0.5816818181818182,-4957.610000000001,1098,0.8551401869158879
